FEMALE,HASCHLD,AFTER_ZT,ARRST_GR,EDUC_GR,AGEGROUP,INPERS,IN57,NONRES,TYPEAREA,RACE_ALL,APP_QTR,EARNY4,TREATMNT
0.0,1.0,0.0,1.0,3.0,3.0,1.0,1.0,0.0,1.0,2.0,1.0,265.18833821935465,0.0
1.0,0.0,0.0,1.0,2.0,2.0,1.0,0.0,0.0,2.0,1.0,1.0,211.835816091187,1.0
0.0,0.0,0.0,1.0,1.0,1.0,1.0,1.0,0.0,1.0,1.0,1.0,366.50738656264264,0.0
1.0,0.0,0.0,1.0,1.0,2.0,1.0,1.0,0.0,1.0,2.0,1.0,41.85604619854713,0.0
0.0,0.0,0.0,1.0,1.0,2.0,1.0,0.0,0.0,3.0,1.0,1.0,30.0,0.0
1.0,0.0,0.0,1.0,1.0,1.0,0.0,1.0,0.0,3.0,1.0,1.0,18.296367590350517,1.0
0.0,0.0,0.0,1.0,3.0,3.0,1.0,0.0,1.0,3.0,3.0,1.0,221.1476900296237,1.0
0.0,0.0,0.0,1.0,1.0,1.0,1.0,1.0,0.0,1.0,3.0,1.0,671.8080395693237,1.0
0.0,0.0,0.0,1.0,3.0,3.0,1.0,1.0,1.0,1.0,2.0,1.0,333.52172177200475,1.0
1.0,1.0,0.0,1.0,2.0,3.0,1.0,1.0,1.0,1.0,2.0,1.0,225.77975202503092,0.0
0.0,0.0,0.0,2.0,2.0,2.0,0.0,0.0,0.0,3.0,1.0,1.0,328.8401783278387,1.0
1.0,0.0,0.0,1.0,3.0,3.0,0.0,0.0,0.0,3.0,1.0,1.0,0.0,1.0
1.0,1.0,0.0,1.0,1.0,2.0,1.0,1.0,1.0,1.0,2.0,1.0,160.51654361518706,1.0
1.0,0.0,0.0,1.0,1.0,1.0,1.0,0.0,0.0,1.0,3.0,1.0,717.7346690953325,0.0
0.0,0.0,0.0,1.0,1.0,2.0,1.0,0.0,0.0,1.0,1.0,1.0,165.15358964396077,0.0
0.0,0.0,0.0,1.0,2.0,3.0,0.0,0.0,0.0,2.0,1.0,1.0,195.9268406105212,0.0
1.0,1.0,0.0,1.0,1.0,2.0,0.0,1.0,1.0,2.0,1.0,1.0,606.9678286476791,1.0
1.0,1.0,0.0,1.0,3.0,3.0,0.0,1.0,0.0,2.0,2.0,1.0,146.69410294379924,0.0
1.0,0.0,0.0,1.0,1.0,2.0,1.0,1.0,1.0,2.0,2.0,1.0,0.0,1.0
0.0,0.0,0.0,1.0,1.0,1.0,1.0,0.0,0.0,1.0,1.0,1.0,411.2058795127623,1.0
0.0,0.0,0.0,1.0,2.0,1.0,1.0,0.0,0.0,1.0,1.0,1.0,126.20635080609163,0.0
1.0,0.0,0.0,1.0,1.0,2.0,0.0,0.0,0.0,3.0,1.0,1.0,135.95521591606044,1.0
1.0,0.0,0.0,1.0,3.0,3.0,1.0,1.0,0.0,3.0,2.0,1.0,0.0,1.0
0.0,0.0,0.0,1.0,2.0,3.0,0.0,0.0,0.0,3.0,4.0,1.0,455.6317437030684,1.0
0.0,0.0,0.0,3.0,1.0,3.0,0.0,0.0,0.0,3.0,3.0,1.0,135.86882572594297,0.0
1.0,1.0,0.0,1.0,1.0,3.0,1.0,1.0,1.0,1.0,2.0,1.0,349.18998359500233,1.0
1.0,0.0,0.0,2.0,1.0,2.0,1.0,0.0,0.0,3.0,1.0,1.0,295.2374136612132,1.0
1.0,0.0,0.0,1.0,1.0,1.0,1.0,0.0,0.0,3.0,2.0,1.0,11.872512929378452,0.0
0.0,0.0,0.0,2.0,1.0,2.0,1.0,0.0,0.0,3.0,2.0,1.0,30.0,0.0
0.0,0.0,0.0,1.0,1.0,1.0,1.0,1.0,0.0,1.0,2.0,1.0,396.10369037450556,0.0
0.0,0.0,0.0,1.0,1.0,3.0,1.0,1.0,0.0,1.0,1.0,1.0,274.63941118785493,1.0
0.0,0.0,0.0,1.0,3.0,2.0,1.0,0.0,1.0,2.0,2.0,1.0,243.04385542238202,1.0
0.0,0.0,0.0,1.0,1.0,1.0,0.0,0.0,0.0,2.0,3.0,1.0,41.285481475313915,1.0
1.0,1.0,0.0,1.0,1.0,1.0,1.0,1.0,0.0,1.0,2.0,1.0,8.515432172666403,1.0
0.0,0.0,0.0,2.0,3.0,2.0,0.0,1.0,0.0,2.0,3.0,1.0,256.59486052823917,1.0
0.0,0.0,0.0,1.0,3.0,3.0,1.0,1.0,0.0,1.0,3.0,1.0,602.1282437214229,0.0
1.0,1.0,0.0,1.0,2.0,3.0,1.0,1.0,1.0,1.0,2.0,1.0,450.7369671646131,1.0
1.0,0.0,0.0,1.0,1.0,1.0,1.0,1.0,0.0,1.0,2.0,1.0,0.0,0.0
1.0,1.0,0.0,1.0,1.0,1.0,1.0,1.0,1.0,3.0,3.0,1.0,401.87387286108344,1.0
0.0,0.0,0.0,2.0,1.0,1.0,1.0,0.0,0.0,2.0,3.0,1.0,234.21977611212625,1.0
1.0,0.0,0.0,2.0,1.0,1.0,1.0,1.0,1.0,1.0,4.0,1.0,190.1925548500077,1.0
0.0,0.0,0.0,2.0,1.0,1.0,0.0,0.0,0.0,3.0,1.0,1.0,275.1773685588719,1.0
0.0,0.0,0.0,1.0,3.0,2.0,1.0,0.0,0.0,3.0,1.0,1.0,4.045724136669296,1.0
1.0,0.0,0.0,1.0,3.0,2.0,1.0,1.0,0.0,1.0,2.0,1.0,100.84411487625843,1.0
0.0,0.0,0.0,1.0,2.0,2.0,1.0,0.0,0.0,1.0,1.0,1.0,512.6540055521946,0.0
0.0,0.0,0.0,2.0,1.0,1.0,1.0,1.0,0.0,1.0,2.0,1.0,0.0,1.0
0.0,0.0,0.0,2.0,1.0,1.0,1.0,1.0,0.0,1.0,2.0,1.0,147.32235183750234,0.0
1.0,0.0,0.0,2.0,1.0,1.0,1.0,1.0,0.0,1.0,2.0,1.0,280.5031921901723,1.0
0.0,0.0,0.0,1.0,1.0,2.0,1.0,1.0,0.0,1.0,2.0,1.0,214.34283799737767,0.0
0.0,0.0,0.0,1.0,1.0,1.0,0.0,0.0,0.0,3.0,1.0,1.0,86.41143767574366,0.0
1.0,0.0,0.0,1.0,3.0,3.0,0.0,0.0,0.0,3.0,4.0,1.0,0.0,1.0
1.0,0.0,0.0,2.0,1.0,1.0,1.0,0.0,0.0,3.0,1.0,1.0,19.067163343144337,1.0
0.0,0.0,0.0,1.0,1.0,2.0,0.0,1.0,0.0,2.0,2.0,1.0,76.31141800421634,1.0
1.0,1.0,0.0,1.0,1.0,3.0,1.0,1.0,1.0,3.0,1.0,1.0,151.49392364810228,0.0
0.0,0.0,0.0,1.0,1.0,1.0,1.0,0.0,0.0,2.0,2.0,1.0,115.92578505246091,0.0
0.0,0.0,0.0,1.0,1.0,1.0,0.0,0.0,0.0,2.0,2.0,1.0,320.03607622611884,1.0
0.0,0.0,0.0,2.0,2.0,3.0,1.0,0.0,0.0,2.0,2.0,1.0,409.67068877709886,1.0
0.0,0.0,0.0,2.0,1.0,1.0,0.0,0.0,0.0,3.0,1.0,1.0,428.55963677465627,0.0
0.0,0.0,0.0,2.0,1.0,1.0,0.0,0.0,0.0,3.0,1.0,1.0,278.2513522132432,0.0
0.0,0.0,0.0,2.0,1.0,1.0,0.0,0.0,0.0,3.0,1.0,1.0,333.9366526053852,1.0
0.0,0.0,0.0,3.0,1.0,1.0,1.0,0.0,0.0,2.0,1.0,1.0,100.80756168526054,0.0
1.0,0.0,0.0,1.0,1.0,1.0,0.0,0.0,0.0,3.0,1.0,1.0,168.3049640619786,0.0
0.0,1.0,0.0,1.0,3.0,3.0,0.0,0.0,0.0,3.0,3.0,1.0,340.31243718051974,1.0
1.0,1.0,0.0,1.0,1.0,3.0,0.0,0.0,0.0,2.0,4.0,1.0,150.01691073099312,1.0
1.0,0.0,0.0,1.0,1.0,2.0,1.0,1.0,0.0,2.0,2.0,1.0,245.75098597105017,1.0
1.0,0.0,0.0,1.0,1.0,3.0,1.0,1.0,0.0,2.0,2.0,1.0,0.0,0.0
0.0,0.0,0.0,1.0,1.0,2.0,1.0,0.0,0.0,3.0,2.0,1.0,0.0,1.0
1.0,0.0,0.0,1.0,1.0,1.0,0.0,0.0,0.0,2.0,2.0,1.0,19.65029879203646,1.0
1.0,0.0,0.0,1.0,1.0,2.0,1.0,1.0,0.0,1.0,2.0,1.0,311.9365433420571,0.0
0.0,0.0,0.0,1.0,1.0,1.0,1.0,1.0,0.0,1.0,2.0,1.0,457.1943946087412,1.0
0.0,0.0,0.0,1.0,1.0,1.0,1.0,1.0,0.0,1.0,2.0,1.0,0.0,1.0
1.0,0.0,0.0,1.0,3.0,3.0,1.0,0.0,0.0,1.0,2.0,1.0,40.467450179434536,1.0
0.0,0.0,0.0,1.0,1.0,2.0,1.0,1.0,0.0,2.0,2.0,1.0,228.0207515969509,0.0
1.0,0.0,0.0,1.0,1.0,2.0,1.0,0.0,0.0,3.0,1.0,1.0,295.03382146198624,1.0
0.0,0.0,0.0,2.0,1.0,1.0,1.0,0.0,0.0,3.0,1.0,1.0,300.03382146198624,1.0
0.0,0.0,0.0,1.0,1.0,2.0,1.0,1.0,1.0,3.0,1.0,1.0,30.0,0.0
1.0,0.0,0.0,1.0,1.0,2.0,1.0,0.0,0.0,3.0,1.0,1.0,0.0,1.0
0.0,0.0,0.0,1.0,3.0,3.0,1.0,0.0,0.0,3.0,1.0,1.0,284.67029911877364,0.0
0.0,1.0,0.0,2.0,2.0,3.0,1.0,1.0,1.0,3.0,1.0,1.0,226.95449911748716,1.0
0.0,0.0,0.0,1.0,1.0,1.0,0.0,0.0,0.0,3.0,3.0,1.0,229.0352336310816,0.0
1.0,0.0,0.0,2.0,1.0,1.0,0.0,0.0,0.0,3.0,1.0,1.0,0.0,0.0
0.0,0.0,0.0,1.0,1.0,1.0,1.0,0.0,0.0,2.0,2.0,1.0,204.91931701192584,0.0
1.0,0.0,0.0,1.0,1.0,2.0,1.0,0.0,0.0,2.0,2.0,1.0,580.4681918617663,1.0
0.0,0.0,0.0,1.0,1.0,2.0,1.0,0.0,0.0,1.0,2.0,1.0,203.58749903801112,1.0
1.0,0.0,0.0,1.0,1.0,3.0,1.0,1.0,1.0,1.0,2.0,1.0,286.840823600931,0.0
0.0,0.0,0.0,2.0,1.0,1.0,1.0,0.0,0.0,2.0,1.0,1.0,38.74553416073119,1.0
1.0,0.0,0.0,1.0,1.0,1.0,1.0,1.0,0.0,1.0,2.0,1.0,130.6360645951027,0.0
0.0,0.0,0.0,1.0,1.0,1.0,1.0,0.0,0.0,2.0,2.0,1.0,168.3049640619786,0.0
1.0,0.0,0.0,1.0,1.0,1.0,1.0,1.0,0.0,1.0,2.0,1.0,181.17757005411812,0.0
1.0,1.0,0.0,1.0,1.0,3.0,1.0,1.0,0.0,1.0,2.0,1.0,176.86206971402106,1.0
0.0,0.0,0.0,1.0,1.0,2.0,1.0,0.0,0.0,3.0,1.0,1.0,291.2721291902054,0.0
0.0,0.0,0.0,1.0,1.0,1.0,0.0,0.0,0.0,3.0,2.0,1.0,94.47786814467248,0.0
1.0,1.0,0.0,1.0,3.0,2.0,1.0,1.0,1.0,2.0,1.0,1.0,690.5077813775799,0.0
0.0,0.0,0.0,1.0,1.0,1.0,1.0,1.0,0.0,1.0,3.0,1.0,137.2227569276289,0.0
1.0,1.0,0.0,1.0,3.0,2.0,0.0,1.0,1.0,2.0,2.0,1.0,210.24085742059518,1.0
1.0,1.0,0.0,1.0,3.0,3.0,1.0,1.0,1.0,3.0,1.0,1.0,217.07510047859358,1.0
0.0,1.0,0.0,1.0,1.0,3.0,1.0,1.0,0.0,1.0,2.0,1.0,122.67073494936695,1.0
0.0,0.0,0.0,1.0,3.0,3.0,1.0,1.0,1.0,1.0,2.0,1.0,0.0,0.0
1.0,1.0,0.0,1.0,1.0,1.0,1.0,1.0,1.0,1.0,2.0,1.0,201.58396406787085,1.0
1.0,0.0,0.0,1.0,3.0,2.0,0.0,0.0,0.0,3.0,2.0,1.0,145.39016309624247,1.0
0.0,0.0,0.0,1.0,1.0,3.0,0.0,1.0,0.0,2.0,1.0,1.0,397.9532349913893,1.0
0.0,0.0,0.0,1.0,1.0,1.0,1.0,0.0,0.0,2.0,2.0,1.0,168.3049640619786,0.0
0.0,0.0,0.0,1.0,1.0,3.0,1.0,0.0,0.0,2.0,2.0,1.0,475.5055433706626,1.0
0.0,0.0,0.0,1.0,1.0,3.0,0.0,0.0,0.0,3.0,2.0,1.0,185.47027287936103,0.0
0.0,0.0,0.0,2.0,1.0,1.0,1.0,1.0,0.0,1.0,2.0,1.0,248.43340485666928,1.0
1.0,0.0,0.0,2.0,1.0,3.0,1.0,0.0,0.0,1.0,3.0,1.0,39.520153995157116,0.0
0.0,0.0,0.0,1.0,1.0,1.0,1.0,1.0,0.0,1.0,2.0,1.0,168.3049640619786,0.0
1.0,0.0,0.0,1.0,1.0,1.0,1.0,0.0,0.0,1.0,1.0,1.0,251.40004048391253,1.0
0.0,0.0,0.0,1.0,1.0,3.0,1.0,0.0,0.0,1.0,5.0,1.0,463.0617641980806,1.0
0.0,0.0,0.0,2.0,1.0,2.0,0.0,0.0,1.0,3.0,3.0,1.0,0.0,1.0
0.0,0.0,0.0,1.0,1.0,1.0,1.0,1.0,1.0,1.0,3.0,1.0,64.57702941014216,1.0
1.0,1.0,0.0,1.0,3.0,2.0,1.0,1.0,1.0,2.0,2.0,1.0,230.1520500774458,1.0
0.0,0.0,0.0,1.0,2.0,3.0,1.0,0.0,0.0,2.0,1.0,1.0,321.39209720954733,0.0
1.0,0.0,0.0,1.0,1.0,1.0,1.0,0.0,0.0,1.0,2.0,1.0,261.87504217074206,1.0
1.0,0.0,0.0,1.0,1.0,1.0,1.0,1.0,0.0,1.0,2.0,1.0,0.0,0.0
1.0,0.0,0.0,1.0,1.0,1.0,1.0,1.0,0.0,1.0,1.0,1.0,215.05788528751123,1.0
1.0,0.0,0.0,1.0,1.0,2.0,1.0,1.0,0.0,3.0,1.0,1.0,0.0,1.0
1.0,0.0,0.0,1.0,1.0,2.0,1.0,0.0,0.0,2.0,2.0,1.0,617.5523673430832,0.0
1.0,0.0,0.0,1.0,1.0,1.0,1.0,0.0,0.0,1.0,2.0,1.0,66.91246082472179,0.0
0.0,0.0,0.0,1.0,1.0,2.0,1.0,0.0,0.0,2.0,2.0,1.0,242.590948961429,1.0
1.0,1.0,0.0,1.0,1.0,2.0,1.0,1.0,1.0,2.0,2.0,1.0,58.67135921441981,1.0
1.0,0.0,0.0,2.0,1.0,2.0,1.0,0.0,0.0,1.0,2.0,1.0,206.36609165905583,0.0
0.0,0.0,0.0,1.0,1.0,3.0,1.0,0.0,0.0,2.0,3.0,1.0,215.34625370627938,1.0
1.0,0.0,0.0,1.0,1.0,3.0,1.0,1.0,0.0,1.0,3.0,1.0,0.0,1.0
1.0,0.0,0.0,1.0,1.0,1.0,0.0,0.0,0.0,2.0,1.0,1.0,103.30785160913518,1.0
0.0,0.0,0.0,1.0,1.0,1.0,1.0,1.0,0.0,1.0,2.0,1.0,114.16933376378725,1.0
1.0,0.0,0.0,2.0,1.0,3.0,0.0,0.0,0.0,2.0,6.0,1.0,0.0,1.0
0.0,0.0,0.0,2.0,1.0,1.0,1.0,0.0,0.0,2.0,2.0,1.0,55.14763254784764,0.0
0.0,0.0,0.0,1.0,1.0,2.0,1.0,0.0,0.0,2.0,2.0,1.0,19.879871391442705,1.0
1.0,0.0,0.0,1.0,1.0,1.0,0.0,0.0,0.0,3.0,1.0,1.0,138.3205389830499,1.0
0.0,0.0,0.0,1.0,2.0,3.0,1.0,0.0,0.0,3.0,1.0,1.0,140.55269582907272,0.0
1.0,0.0,0.0,1.0,2.0,1.0,1.0,0.0,0.0,3.0,1.0,1.0,216.92173415119578,1.0
1.0,1.0,0.0,1.0,1.0,3.0,1.0,1.0,0.0,1.0,3.0,1.0,0.0,0.0
0.0,0.0,0.0,1.0,1.0,2.0,1.0,1.0,1.0,1.0,2.0,1.0,347.6982755223063,1.0
1.0,0.0,0.0,1.0,1.0,1.0,1.0,1.0,1.0,1.0,2.0,1.0,378.5449850637783,1.0
1.0,1.0,0.0,1.0,1.0,1.0,1.0,1.0,0.0,1.0,2.0,1.0,186.45459440309943,1.0
0.0,0.0,0.0,2.0,1.0,1.0,0.0,0.0,0.0,3.0,1.0,1.0,719.2668027118596,1.0
1.0,1.0,0.0,2.0,1.0,2.0,1.0,0.0,0.0,3.0,1.0,1.0,213.31709279804292,1.0
1.0,1.0,0.0,1.0,1.0,2.0,1.0,1.0,1.0,1.0,2.0,1.0,404.1517936668031,1.0
0.0,0.0,0.0,2.0,1.0,1.0,1.0,1.0,0.0,1.0,2.0,1.0,250.14474916383833,1.0
0.0,0.0,0.0,2.0,1.0,1.0,1.0,1.0,0.0,1.0,2.0,1.0,34.054608347559835,0.0
0.0,0.0,0.0,3.0,1.0,2.0,0.0,0.0,0.0,3.0,1.0,1.0,0.0,1.0
0.0,0.0,0.0,1.0,1.0,1.0,0.0,0.0,0.0,3.0,2.0,1.0,40.07391265401511,1.0
0.0,1.0,0.0,2.0,1.0,3.0,1.0,0.0,0.0,2.0,1.0,1.0,0.0,1.0
0.0,0.0,0.0,2.0,1.0,1.0,1.0,1.0,0.0,1.0,3.0,1.0,234.21977611212625,1.0
0.0,0.0,0.0,1.0,1.0,2.0,1.0,1.0,0.0,1.0,2.0,1.0,287.42097918347866,0.0
0.0,0.0,0.0,1.0,1.0,1.0,1.0,1.0,0.0,1.0,2.0,1.0,50.31501087346394,0.0
1.0,0.0,0.0,1.0,1.0,1.0,1.0,1.0,0.0,1.0,2.0,1.0,30.04136986574158,1.0
0.0,0.0,0.0,1.0,1.0,3.0,1.0,0.0,0.0,2.0,1.0,1.0,44.82610059635878,1.0
1.0,0.0,0.0,1.0,3.0,2.0,1.0,0.0,0.0,3.0,3.0,1.0,59.27418814456084,0.0
1.0,0.0,0.0,1.0,1.0,1.0,1.0,0.0,0.0,1.0,1.0,1.0,476.13644031044026,1.0
1.0,0.0,0.0,1.0,1.0,1.0,0.0,0.0,1.0,2.0,1.0,1.0,154.14921217076477,1.0
0.0,0.0,0.0,1.0,1.0,3.0,1.0,0.0,0.0,3.0,1.0,1.0,110.67936493298649,1.0
1.0,0.0,0.0,1.0,1.0,1.0,0.0,0.0,0.0,2.0,3.0,1.0,298.2944277508393,1.0
1.0,1.0,0.0,1.0,1.0,3.0,1.0,1.0,1.0,2.0,2.0,1.0,100.81961024991168,0.0
1.0,1.0,0.0,2.0,1.0,3.0,1.0,1.0,1.0,2.0,4.0,1.0,0.0,0.0
0.0,0.0,0.0,1.0,3.0,3.0,0.0,0.0,0.0,2.0,4.0,1.0,209.19825758557866,0.0
1.0,0.0,0.0,1.0,1.0,3.0,1.0,0.0,0.0,2.0,1.0,1.0,121.82087469007182,1.0
1.0,0.0,0.0,1.0,1.0,2.0,0.0,1.0,1.0,2.0,1.0,1.0,130.66818507748096,1.0
0.0,0.0,0.0,2.0,3.0,2.0,1.0,0.0,0.0,3.0,2.0,1.0,93.12246818670928,0.0
0.0,0.0,0.0,3.0,1.0,1.0,1.0,1.0,0.0,1.0,2.0,1.0,0.0,1.0
0.0,0.0,0.0,2.0,1.0,1.0,1.0,1.0,0.0,1.0,1.0,1.0,232.9777904357903,0.0
1.0,1.0,0.0,1.0,1.0,1.0,1.0,1.0,1.0,1.0,2.0,1.0,284.4857034719492,0.0
1.0,0.0,0.0,1.0,1.0,2.0,1.0,0.0,0.0,3.0,2.0,1.0,74.15008619585637,1.0
0.0,0.0,0.0,2.0,1.0,1.0,0.0,0.0,0.0,3.0,1.0,1.0,145.78545695991295,1.0
1.0,0.0,0.0,1.0,1.0,1.0,1.0,1.0,1.0,1.0,2.0,1.0,6.586692332526187,1.0
0.0,0.0,0.0,1.0,3.0,3.0,0.0,1.0,0.0,2.0,2.0,1.0,103.69858704775052,1.0
1.0,0.0,0.0,1.0,1.0,1.0,1.0,0.0,0.0,1.0,2.0,1.0,264.41910441574566,1.0
0.0,1.0,0.0,1.0,1.0,3.0,1.0,0.0,0.0,1.0,3.0,1.0,280.1283214649601,0.0
0.0,1.0,0.0,1.0,1.0,3.0,0.0,0.0,0.0,3.0,2.0,1.0,218.95312754655464,0.0
0.0,0.0,0.0,1.0,1.0,2.0,0.0,0.0,0.0,3.0,2.0,1.0,318.6995293076739,1.0
0.0,0.0,0.0,2.0,2.0,3.0,0.0,1.0,0.0,3.0,1.0,1.0,323.01744072390557,1.0
0.0,1.0,0.0,1.0,1.0,2.0,1.0,0.0,0.0,2.0,1.0,1.0,370.2082649027297,0.0
0.0,0.0,0.0,1.0,1.0,1.0,1.0,0.0,0.0,2.0,2.0,1.0,468.2940939972908,1.0
1.0,1.0,0.0,1.0,1.0,1.0,1.0,0.0,0.0,2.0,2.0,1.0,42.31776447251352,0.0
0.0,0.0,0.0,1.0,1.0,3.0,0.0,0.0,0.0,2.0,2.0,1.0,339.4423606118939,0.0
0.0,0.0,0.0,2.0,1.0,2.0,1.0,0.0,0.0,2.0,1.0,1.0,1148.1986666543876,1.0
1.0,0.0,0.0,1.0,1.0,2.0,1.0,0.0,0.0,2.0,5.0,1.0,223.9745020950329,0.0
0.0,1.0,0.0,1.0,1.0,3.0,1.0,0.0,0.0,1.0,2.0,1.0,0.0,0.0
0.0,0.0,0.0,1.0,1.0,2.0,1.0,0.0,0.0,1.0,2.0,1.0,313.75951005827926,1.0
1.0,1.0,0.0,3.0,1.0,2.0,1.0,0.0,0.0,2.0,2.0,1.0,0.0,1.0
0.0,0.0,0.0,1.0,1.0,2.0,0.0,0.0,0.0,3.0,1.0,1.0,238.7217729392847,0.0
1.0,0.0,0.0,1.0,1.0,1.0,0.0,0.0,0.0,3.0,2.0,1.0,57.25271123681107,1.0
1.0,1.0,0.0,1.0,1.0,3.0,1.0,1.0,1.0,1.0,2.0,1.0,116.55295916578638,1.0
1.0,1.0,0.0,1.0,1.0,2.0,1.0,1.0,1.0,1.0,2.0,1.0,212.45961097639105,0.0
0.0,0.0,0.0,1.0,1.0,1.0,1.0,1.0,0.0,1.0,2.0,1.0,11.176504726624653,1.0
1.0,1.0,0.0,1.0,1.0,1.0,1.0,1.0,0.0,1.0,2.0,1.0,210.33504181866954,0.0
1.0,0.0,0.0,1.0,1.0,2.0,0.0,0.0,0.0,3.0,1.0,1.0,208.4545724928243,1.0
0.0,0.0,0.0,1.0,1.0,1.0,1.0,0.0,0.0,3.0,1.0,1.0,310.06376683255246,0.0
1.0,0.0,0.0,1.0,1.0,1.0,1.0,1.0,1.0,1.0,2.0,1.0,163.7202900510531,0.0
1.0,0.0,0.0,1.0,1.0,1.0,1.0,1.0,0.0,1.0,2.0,1.0,175.65459752137002,1.0
1.0,1.0,0.0,1.0,1.0,3.0,0.0,0.0,0.0,2.0,4.0,1.0,203.35946900035037,0.0
1.0,0.0,0.0,1.0,1.0,1.0,0.0,0.0,0.0,2.0,2.0,1.0,229.56918846759407,1.0
0.0,0.0,0.0,3.0,1.0,1.0,0.0,0.0,0.0,2.0,1.0,1.0,379.9060432574277,1.0
1.0,0.0,0.0,1.0,1.0,3.0,0.0,0.0,0.0,3.0,4.0,1.0,0.0,0.0
1.0,0.0,0.0,1.0,1.0,1.0,1.0,0.0,0.0,3.0,2.0,1.0,135.29794485649413,1.0
1.0,0.0,0.0,1.0,3.0,2.0,1.0,1.0,0.0,1.0,2.0,1.0,186.1787449515726,1.0
0.0,0.0,0.0,1.0,1.0,3.0,0.0,0.0,0.0,2.0,2.0,1.0,247.50294826416547,1.0
1.0,1.0,0.0,1.0,1.0,3.0,1.0,0.0,0.0,3.0,2.0,1.0,0.0,0.0
0.0,0.0,0.0,1.0,1.0,1.0,1.0,0.0,0.0,3.0,2.0,1.0,48.30241043852538,1.0
0.0,0.0,0.0,2.0,1.0,2.0,0.0,0.0,0.0,3.0,2.0,1.0,197.6456251774175,0.0
0.0,0.0,0.0,1.0,1.0,1.0,0.0,0.0,0.0,2.0,2.0,1.0,168.3049640619786,0.0
1.0,0.0,0.0,1.0,3.0,3.0,1.0,0.0,0.0,3.0,3.0,1.0,31.203160661252184,1.0
0.0,0.0,0.0,1.0,1.0,1.0,1.0,0.0,0.0,3.0,2.0,1.0,0.0,1.0
1.0,0.0,0.0,2.0,2.0,1.0,1.0,0.0,0.0,3.0,1.0,1.0,440.2577212812341,0.0
0.0,1.0,0.0,1.0,3.0,2.0,1.0,1.0,1.0,2.0,2.0,1.0,428.2122436205244,1.0
0.0,0.0,0.0,2.0,1.0,1.0,0.0,0.0,1.0,3.0,2.0,1.0,234.21977611212625,1.0
0.0,0.0,0.0,1.0,1.0,1.0,1.0,0.0,0.0,2.0,2.0,1.0,0.0,1.0
0.0,0.0,0.0,1.0,1.0,1.0,1.0,0.0,0.0,3.0,1.0,1.0,168.3049640619786,0.0
0.0,0.0,0.0,3.0,1.0,1.0,0.0,0.0,0.0,3.0,1.0,1.0,149.84725056497075,1.0
1.0,0.0,0.0,1.0,1.0,1.0,1.0,0.0,0.0,1.0,2.0,1.0,69.16026949152496,0.0
0.0,0.0,0.0,3.0,1.0,3.0,1.0,0.0,0.0,2.0,5.0,1.0,460.7015368169417,0.0
0.0,0.0,0.0,2.0,1.0,2.0,0.0,0.0,0.0,3.0,3.0,1.0,170.5871535667783,1.0
1.0,0.0,0.0,1.0,1.0,2.0,1.0,1.0,0.0,1.0,6.0,1.0,250.79121392132922,0.0
0.0,0.0,0.0,2.0,1.0,1.0,1.0,0.0,0.0,3.0,4.0,1.0,414.3062385871491,0.0
1.0,1.0,0.0,1.0,1.0,2.0,1.0,1.0,1.0,1.0,2.0,1.0,78.1934905203808,0.0
0.0,0.0,0.0,1.0,3.0,3.0,1.0,1.0,0.0,1.0,2.0,1.0,430.570516907336,0.0
0.0,0.0,0.0,3.0,1.0,1.0,0.0,0.0,0.0,3.0,2.0,1.0,0.0,0.0
0.0,0.0,0.0,1.0,1.0,2.0,0.0,0.0,0.0,3.0,1.0,1.0,312.47413658994685,1.0
0.0,0.0,0.0,2.0,1.0,1.0,1.0,1.0,1.0,1.0,2.0,1.0,34.65332021612389,1.0
1.0,0.0,0.0,1.0,3.0,2.0,1.0,0.0,0.0,3.0,1.0,1.0,200.6444068542869,1.0
0.0,1.0,0.0,2.0,1.0,3.0,0.0,0.0,0.0,3.0,1.0,1.0,176.6757874384042,0.0
0.0,0.0,0.0,1.0,1.0,1.0,0.0,0.0,0.0,3.0,1.0,1.0,456.9875707873044,1.0
0.0,1.0,0.0,2.0,1.0,3.0,0.0,0.0,0.0,3.0,2.0,1.0,325.80112861641453,1.0
0.0,0.0,0.0,1.0,1.0,3.0,1.0,0.0,0.0,3.0,1.0,1.0,433.77159010265933,0.0
0.0,0.0,0.0,1.0,1.0,1.0,1.0,1.0,0.0,1.0,2.0,1.0,64.40321391803383,0.0
0.0,0.0,0.0,1.0,1.0,3.0,1.0,0.0,0.0,1.0,2.0,1.0,284.4453098104615,1.0
1.0,0.0,0.0,1.0,3.0,2.0,1.0,0.0,0.0,2.0,1.0,1.0,273.4589058393634,1.0
1.0,0.0,0.0,1.0,1.0,1.0,1.0,0.0,0.0,2.0,2.0,1.0,0.0,0.0
0.0,0.0,0.0,3.0,3.0,3.0,1.0,0.0,0.0,1.0,2.0,1.0,2.744455138552578,1.0
1.0,0.0,0.0,1.0,1.0,2.0,1.0,1.0,0.0,2.0,1.0,1.0,171.3521600368607,1.0
0.0,0.0,0.0,1.0,1.0,1.0,0.0,0.0,0.0,3.0,1.0,1.0,243.607678388951,0.0
1.0,0.0,0.0,1.0,1.0,2.0,1.0,0.0,1.0,3.0,1.0,1.0,0.0,1.0
0.0,0.0,0.0,2.0,1.0,1.0,0.0,0.0,0.0,3.0,1.0,1.0,288.31482835857344,0.0
0.0,1.0,0.0,2.0,1.0,3.0,1.0,1.0,0.0,3.0,2.0,1.0,307.3206361658017,1.0
0.0,0.0,0.0,1.0,1.0,2.0,1.0,0.0,0.0,2.0,2.0,1.0,304.57453962873075,1.0
0.0,0.0,0.0,1.0,1.0,3.0,1.0,0.0,0.0,3.0,1.0,1.0,462.69991542214575,0.0
0.0,0.0,0.0,1.0,1.0,1.0,1.0,0.0,0.0,3.0,4.0,1.0,174.13686616441558,0.0
0.0,0.0,0.0,2.0,3.0,3.0,1.0,0.0,0.0,2.0,1.0,1.0,95.67170612994283,1.0
1.0,0.0,0.0,1.0,1.0,2.0,0.0,0.0,0.0,3.0,3.0,1.0,318.6995293076739,1.0
0.0,0.0,0.0,3.0,1.0,1.0,1.0,0.0,0.0,3.0,3.0,1.0,693.4575814182983,1.0
1.0,1.0,0.0,1.0,2.0,3.0,1.0,1.0,1.0,1.0,2.0,1.0,714.0430793551632,1.0
1.0,1.0,0.0,1.0,3.0,3.0,1.0,1.0,1.0,1.0,2.0,1.0,20.583413539144335,0.0
0.0,0.0,0.0,1.0,1.0,1.0,1.0,1.0,0.0,1.0,2.0,1.0,245.6000368405595,1.0
1.0,1.0,0.0,1.0,3.0,3.0,0.0,1.0,1.0,2.0,2.0,1.0,0.0,1.0
1.0,1.0,0.0,1.0,1.0,3.0,0.0,1.0,1.0,2.0,6.0,1.0,272.8570099719053,1.0
1.0,1.0,0.0,1.0,3.0,3.0,1.0,1.0,1.0,2.0,2.0,1.0,228.8780041577652,0.0
1.0,0.0,0.0,1.0,1.0,1.0,1.0,0.0,0.0,2.0,3.0,1.0,0.0,1.0
0.0,0.0,0.0,1.0,1.0,1.0,1.0,0.0,0.0,2.0,2.0,1.0,0.0,0.0
0.0,0.0,0.0,1.0,1.0,1.0,1.0,0.0,0.0,2.0,1.0,1.0,628.2157184553053,1.0
0.0,0.0,0.0,1.0,1.0,1.0,1.0,0.0,0.0,2.0,2.0,1.0,28.103220618778398,1.0
0.0,1.0,0.0,2.0,1.0,3.0,1.0,1.0,1.0,2.0,2.0,1.0,34.67062016764111,0.0
1.0,0.0,0.0,1.0,3.0,2.0,1.0,0.0,0.0,1.0,1.0,1.0,43.728661404918135,1.0
0.0,0.0,0.0,2.0,1.0,3.0,1.0,0.0,0.0,1.0,1.0,1.0,414.3071699545718,1.0
0.0,0.0,0.0,1.0,3.0,3.0,0.0,1.0,0.0,3.0,1.0,1.0,57.63355790960413,1.0
0.0,0.0,0.0,2.0,1.0,1.0,1.0,1.0,0.0,3.0,1.0,1.0,201.52261775762676,1.0
0.0,0.0,0.0,1.0,1.0,2.0,1.0,0.0,1.0,2.0,2.0,1.0,259.3376135234375,1.0
1.0,0.0,0.0,1.0,3.0,2.0,1.0,0.0,0.0,3.0,1.0,1.0,30.0,0.0
0.0,0.0,0.0,1.0,2.0,3.0,0.0,0.0,0.0,3.0,1.0,1.0,130.66002707425446,1.0
0.0,0.0,0.0,2.0,1.0,1.0,0.0,0.0,0.0,3.0,1.0,1.0,142.02555342009595,0.0
0.0,0.0,0.0,2.0,3.0,3.0,1.0,1.0,0.0,1.0,2.0,1.0,420.294060160462,1.0
1.0,0.0,0.0,2.0,1.0,1.0,1.0,1.0,0.0,1.0,2.0,1.0,0.0,0.0
0.0,0.0,0.0,3.0,1.0,1.0,1.0,1.0,0.0,1.0,1.0,1.0,26.729134867506332,1.0
0.0,0.0,0.0,2.0,1.0,2.0,0.0,0.0,1.0,3.0,1.0,1.0,107.56840159963156,1.0
0.0,0.0,0.0,3.0,1.0,2.0,0.0,0.0,0.0,3.0,1.0,1.0,30.0,0.0
0.0,0.0,0.0,1.0,3.0,3.0,1.0,0.0,0.0,1.0,2.0,1.0,285.5525992978662,0.0
0.0,0.0,0.0,1.0,1.0,2.0,1.0,0.0,0.0,1.0,2.0,1.0,131.95162382731382,1.0
0.0,0.0,0.0,3.0,1.0,1.0,1.0,1.0,0.0,1.0,3.0,1.0,0.0,1.0
1.0,0.0,0.0,1.0,1.0,2.0,1.0,0.0,0.0,1.0,3.0,1.0,46.32131109093319,1.0
0.0,0.0,0.0,2.0,1.0,2.0,0.0,0.0,0.0,2.0,1.0,1.0,312.47413658994685,1.0
0.0,1.0,0.0,2.0,1.0,2.0,1.0,0.0,0.0,3.0,2.0,1.0,30.0,0.0
0.0,0.0,0.0,2.0,1.0,1.0,1.0,0.0,0.0,3.0,1.0,1.0,399.87655122125295,1.0
1.0,0.0,0.0,1.0,1.0,1.0,0.0,0.0,0.0,2.0,2.0,1.0,171.6920652507105,1.0
1.0,1.0,0.0,2.0,1.0,1.0,1.0,1.0,1.0,2.0,2.0,1.0,264.16708959230067,1.0
0.0,0.0,0.0,1.0,1.0,1.0,0.0,0.0,0.0,3.0,1.0,1.0,302.2241808031322,1.0
0.0,0.0,0.0,1.0,1.0,1.0,1.0,0.0,0.0,3.0,2.0,1.0,0.0,0.0
0.0,0.0,0.0,1.0,1.0,1.0,0.0,0.0,0.0,2.0,2.0,1.0,0.0,0.0
0.0,0.0,0.0,1.0,1.0,1.0,1.0,0.0,0.0,3.0,2.0,1.0,276.7358722175918,1.0
1.0,1.0,0.0,1.0,2.0,3.0,0.0,0.0,0.0,3.0,2.0,1.0,347.23196074620523,0.0
0.0,0.0,0.0,1.0,1.0,2.0,0.0,0.0,0.0,3.0,2.0,1.0,150.73673331264996,0.0
0.0,0.0,0.0,1.0,1.0,1.0,0.0,0.0,0.0,3.0,2.0,1.0,281.8504322433074,1.0
0.0,0.0,0.0,3.0,1.0,2.0,0.0,0.0,0.0,3.0,2.0,1.0,160.97345887795464,0.0
0.0,0.0,0.0,1.0,1.0,2.0,1.0,1.0,1.0,2.0,2.0,1.0,191.1370605685576,1.0
0.0,0.0,0.0,3.0,1.0,1.0,0.0,0.0,0.0,3.0,2.0,1.0,306.2811934624676,1.0
0.0,0.0,0.0,1.0,1.0,3.0,1.0,0.0,0.0,1.0,1.0,1.0,0.0,1.0
1.0,0.0,0.0,1.0,1.0,1.0,1.0,0.0,0.0,1.0,3.0,1.0,161.02724813652316,1.0
1.0,0.0,0.0,1.0,3.0,2.0,1.0,0.0,0.0,3.0,4.0,1.0,68.4223719397361,0.0
0.0,0.0,0.0,1.0,1.0,1.0,0.0,1.0,0.0,2.0,2.0,1.0,774.1087022563577,0.0
1.0,1.0,0.0,1.0,3.0,3.0,1.0,0.0,0.0,1.0,2.0,1.0,517.1872758491487,1.0
1.0,0.0,0.0,1.0,1.0,2.0,0.0,0.0,0.0,3.0,1.0,1.0,228.56072942069957,0.0
0.0,0.0,0.0,2.0,1.0,2.0,1.0,0.0,0.0,2.0,1.0,1.0,285.38801093725465,1.0
0.0,1.0,0.0,1.0,2.0,3.0,1.0,0.0,0.0,2.0,1.0,1.0,226.2352634090196,0.0
1.0,0.0,0.0,1.0,1.0,2.0,1.0,0.0,0.0,2.0,2.0,1.0,0.0,1.0
0.0,0.0,0.0,2.0,1.0,1.0,1.0,1.0,0.0,1.0,2.0,1.0,0.0,1.0
1.0,1.0,0.0,2.0,3.0,3.0,1.0,1.0,1.0,1.0,2.0,1.0,380.7367990638215,1.0
1.0,0.0,0.0,1.0,1.0,2.0,1.0,1.0,0.0,1.0,2.0,1.0,210.24085742059518,1.0
0.0,0.0,0.0,1.0,1.0,3.0,1.0,0.0,0.0,3.0,2.0,1.0,146.27547860458205,1.0
0.0,0.0,0.0,1.0,3.0,3.0,1.0,0.0,0.0,3.0,2.0,1.0,503.75812767764774,0.0
1.0,0.0,0.0,1.0,1.0,1.0,0.0,0.0,0.0,3.0,2.0,1.0,0.0,1.0
0.0,0.0,0.0,1.0,1.0,1.0,1.0,0.0,0.0,1.0,3.0,1.0,151.6402945888251,1.0
0.0,0.0,0.0,1.0,1.0,3.0,1.0,0.0,0.0,1.0,3.0,1.0,711.2504354678146,0.0
1.0,0.0,0.0,1.0,1.0,1.0,0.0,0.0,0.0,3.0,2.0,1.0,217.55043547634804,0.0
0.0,0.0,0.0,1.0,1.0,2.0,0.0,0.0,0.0,3.0,1.0,1.0,274.46698937426237,1.0
0.0,0.0,0.0,2.0,3.0,2.0,0.0,0.0,0.0,3.0,1.0,1.0,337.37475073867114,1.0
0.0,0.0,0.0,1.0,1.0,1.0,0.0,0.0,0.0,3.0,1.0,1.0,144.2343203242672,1.0
0.0,1.0,0.0,1.0,3.0,3.0,0.0,0.0,0.0,3.0,1.0,1.0,178.45550474208866,0.0
0.0,0.0,0.0,2.0,1.0,1.0,1.0,1.0,0.0,1.0,1.0,1.0,0.0,0.0
1.0,0.0,0.0,1.0,1.0,2.0,1.0,1.0,1.0,2.0,3.0,1.0,0.0,1.0
1.0,0.0,0.0,1.0,1.0,1.0,1.0,1.0,0.0,1.0,3.0,1.0,0.0,1.0
0.0,0.0,0.0,1.0,1.0,1.0,1.0,1.0,0.0,1.0,6.0,1.0,308.33282112193837,0.0
0.0,0.0,0.0,2.0,3.0,2.0,1.0,1.0,0.0,1.0,1.0,1.0,98.88289507743949,1.0
1.0,0.0,0.0,1.0,3.0,3.0,0.0,0.0,0.0,3.0,1.0,1.0,46.510281233050534,1.0
1.0,0.0,0.0,2.0,1.0,1.0,1.0,1.0,1.0,2.0,2.0,1.0,379.93894286912854,0.0
1.0,0.0,0.0,1.0,3.0,3.0,1.0,0.0,0.0,3.0,1.0,1.0,290.3030218585795,1.0
1.0,0.0,0.0,1.0,3.0,3.0,0.0,0.0,0.0,3.0,1.0,1.0,303.86681630089276,1.0
0.0,0.0,0.0,1.0,1.0,2.0,0.0,0.0,0.0,3.0,1.0,1.0,331.3584418480582,0.0
0.0,0.0,0.0,1.0,3.0,3.0,0.0,1.0,0.0,2.0,2.0,1.0,565.2661743702611,1.0
0.0,0.0,0.0,1.0,1.0,1.0,1.0,1.0,0.0,2.0,2.0,1.0,216.4950415306976,0.0
1.0,0.0,0.0,1.0,2.0,2.0,1.0,1.0,1.0,2.0,5.0,1.0,366.8758008873273,0.0
0.0,0.0,0.0,1.0,1.0,2.0,1.0,0.0,0.0,1.0,2.0,1.0,298.561936334065,0.0
0.0,0.0,0.0,1.0,1.0,2.0,1.0,1.0,1.0,1.0,2.0,1.0,207.53060592951167,1.0
1.0,1.0,0.0,2.0,1.0,1.0,1.0,0.0,0.0,3.0,4.0,1.0,25.738811388963946,1.0
1.0,1.0,0.0,1.0,1.0,1.0,1.0,1.0,1.0,1.0,2.0,1.0,116.73861343627229,1.0
0.0,0.0,0.0,2.0,1.0,2.0,1.0,1.0,0.0,1.0,2.0,1.0,231.17186743792672,1.0
1.0,1.0,0.0,1.0,1.0,2.0,1.0,1.0,1.0,1.0,2.0,1.0,0.0,1.0
1.0,1.0,0.0,1.0,1.0,1.0,1.0,1.0,0.0,1.0,3.0,1.0,96.62827437547193,0.0
0.0,0.0,0.0,1.0,1.0,2.0,0.0,0.0,0.0,3.0,2.0,1.0,357.479081673862,1.0
1.0,0.0,0.0,1.0,3.0,3.0,0.0,0.0,0.0,3.0,2.0,1.0,317.8432697637495,1.0
0.0,0.0,0.0,1.0,1.0,1.0,1.0,1.0,0.0,1.0,2.0,1.0,0.0,1.0
1.0,1.0,0.0,1.0,1.0,3.0,1.0,1.0,1.0,1.0,2.0,1.0,258.4308546514826,1.0
0.0,0.0,0.0,1.0,1.0,1.0,0.0,0.0,0.0,3.0,1.0,1.0,320.45937191504987,1.0
0.0,0.0,0.0,1.0,2.0,3.0,0.0,0.0,0.0,2.0,2.0,1.0,337.9639780715991,0.0
1.0,0.0,0.0,1.0,3.0,2.0,0.0,0.0,0.0,2.0,2.0,1.0,60.318032297551355,1.0
1.0,1.0,0.0,1.0,1.0,2.0,1.0,0.0,0.0,3.0,2.0,1.0,113.28929656862417,1.0
0.0,0.0,0.0,1.0,1.0,3.0,0.0,0.0,0.0,2.0,2.0,1.0,429.6593901147691,1.0
0.0,0.0,0.0,1.0,1.0,1.0,1.0,0.0,0.0,3.0,2.0,1.0,0.0,0.0
0.0,0.0,0.0,3.0,1.0,1.0,1.0,0.0,0.0,2.0,2.0,1.0,27.99344241323629,1.0
1.0,0.0,0.0,1.0,1.0,1.0,1.0,0.0,0.0,2.0,2.0,1.0,7.714636195240093,1.0
0.0,0.0,0.0,1.0,3.0,2.0,1.0,0.0,0.0,3.0,1.0,1.0,92.56259933844458,0.0
1.0,0.0,0.0,2.0,1.0,2.0,1.0,0.0,0.0,2.0,2.0,1.0,30.0,0.0
1.0,1.0,0.0,1.0,1.0,2.0,1.0,1.0,1.0,1.0,2.0,1.0,204.31183213852916,1.0
0.0,0.0,0.0,1.0,1.0,2.0,1.0,0.0,0.0,3.0,6.0,1.0,527.9108714601787,1.0
0.0,0.0,0.0,3.0,1.0,2.0,1.0,0.0,0.0,3.0,1.0,1.0,331.00759539989764,0.0
0.0,0.0,0.0,2.0,1.0,3.0,0.0,0.0,0.0,3.0,2.0,1.0,281.3932397869467,1.0
0.0,0.0,0.0,1.0,3.0,2.0,0.0,0.0,0.0,2.0,2.0,1.0,406.1026722692806,1.0
0.0,0.0,0.0,2.0,1.0,2.0,0.0,0.0,0.0,3.0,1.0,1.0,327.0333200176612,0.0
0.0,1.0,0.0,1.0,1.0,1.0,0.0,0.0,0.0,3.0,3.0,1.0,234.21977611212625,1.0
0.0,0.0,0.0,2.0,2.0,3.0,0.0,0.0,0.0,3.0,2.0,1.0,48.30241043852537,0.0
1.0,1.0,0.0,1.0,1.0,3.0,0.0,0.0,0.0,3.0,2.0,1.0,102.53506302419508,1.0
1.0,0.0,0.0,1.0,1.0,1.0,0.0,0.0,0.0,3.0,2.0,1.0,46.68805357749334,0.0
1.0,0.0,0.0,1.0,1.0,2.0,1.0,0.0,0.0,3.0,2.0,1.0,467.1322692192273,1.0
1.0,0.0,0.0,1.0,1.0,1.0,1.0,1.0,0.0,2.0,3.0,1.0,0.0,1.0
0.0,0.0,0.0,1.0,1.0,1.0,0.0,0.0,0.0,2.0,2.0,1.0,255.15699893751088,1.0
0.0,0.0,0.0,1.0,1.0,1.0,0.0,0.0,0.0,3.0,2.0,1.0,124.43684376244988,0.0
0.0,0.0,0.0,1.0,3.0,2.0,0.0,0.0,0.0,3.0,2.0,1.0,464.151892196193,1.0
0.0,0.0,0.0,2.0,1.0,1.0,1.0,1.0,0.0,1.0,2.0,1.0,0.0,1.0
0.0,0.0,0.0,2.0,1.0,1.0,1.0,0.0,0.0,3.0,1.0,1.0,237.91579530765077,1.0
1.0,1.0,0.0,1.0,1.0,1.0,1.0,1.0,0.0,1.0,2.0,1.0,462.4476291398312,0.0
1.0,1.0,0.0,1.0,1.0,1.0,1.0,1.0,0.0,1.0,2.0,1.0,0.0,1.0
1.0,0.0,0.0,1.0,1.0,1.0,1.0,0.0,0.0,3.0,1.0,1.0,0.0,1.0
0.0,0.0,0.0,1.0,3.0,3.0,1.0,0.0,0.0,3.0,1.0,1.0,71.13627719128284,1.0
1.0,0.0,0.0,1.0,1.0,1.0,1.0,0.0,0.0,3.0,1.0,1.0,314.72679674217346,0.0
1.0,1.0,0.0,1.0,1.0,2.0,1.0,1.0,1.0,2.0,1.0,1.0,0.0,1.0
1.0,0.0,0.0,1.0,1.0,1.0,0.0,0.0,0.0,2.0,3.0,1.0,171.6920652507105,1.0
0.0,0.0,0.0,1.0,3.0,2.0,0.0,0.0,0.0,2.0,3.0,1.0,174.08484597435088,1.0
0.0,0.0,0.0,2.0,1.0,1.0,0.0,0.0,0.0,3.0,5.0,1.0,0.0,0.0
1.0,1.0,0.0,1.0,1.0,1.0,1.0,0.0,0.0,2.0,2.0,1.0,48.22589835587481,1.0
1.0,1.0,0.0,1.0,1.0,3.0,1.0,1.0,0.0,1.0,2.0,1.0,236.00338593236484,1.0
0.0,0.0,0.0,3.0,1.0,1.0,1.0,1.0,0.0,3.0,1.0,1.0,108.68042348668209,1.0
0.0,0.0,0.0,1.0,1.0,1.0,1.0,0.0,0.0,2.0,2.0,1.0,6.2646762629360175,1.0
1.0,0.0,0.0,2.0,2.0,1.0,0.0,0.0,0.0,3.0,1.0,1.0,0.0,0.0
0.0,0.0,0.0,1.0,1.0,2.0,1.0,0.0,0.0,1.0,3.0,1.0,7.624493637341857,1.0
1.0,1.0,0.0,2.0,1.0,2.0,0.0,1.0,1.0,2.0,3.0,1.0,194.0644793830136,1.0
0.0,0.0,0.0,2.0,1.0,1.0,0.0,0.0,0.0,3.0,1.0,1.0,320.45937191504987,1.0
0.0,0.0,0.0,1.0,1.0,1.0,1.0,0.0,0.0,3.0,2.0,1.0,0.0,1.0
0.0,0.0,0.0,1.0,3.0,3.0,1.0,0.0,0.0,3.0,2.0,1.0,0.0,1.0
1.0,1.0,0.0,1.0,1.0,2.0,1.0,1.0,1.0,1.0,2.0,1.0,106.58859473320727,0.0
0.0,0.0,0.0,3.0,1.0,3.0,1.0,1.0,1.0,1.0,2.0,1.0,0.0,1.0
0.0,0.0,0.0,1.0,1.0,3.0,0.0,0.0,0.0,2.0,2.0,1.0,45.24325777741876,0.0
0.0,0.0,0.0,1.0,3.0,2.0,1.0,0.0,0.0,1.0,2.0,1.0,86.87578395559095,1.0
0.0,0.0,0.0,2.0,1.0,1.0,1.0,0.0,0.0,2.0,1.0,1.0,364.3976555002761,1.0
0.0,0.0,0.0,1.0,1.0,1.0,0.0,0.0,0.0,2.0,2.0,1.0,131.29473382835533,1.0
1.0,1.0,0.0,1.0,3.0,3.0,0.0,1.0,1.0,3.0,2.0,1.0,194.8489962901969,1.0
0.0,0.0,0.0,1.0,1.0,1.0,0.0,0.0,0.0,3.0,1.0,1.0,384.81835134404724,1.0
0.0,0.0,0.0,2.0,3.0,3.0,0.0,0.0,0.0,3.0,1.0,1.0,113.56412364706895,1.0
1.0,1.0,0.0,2.0,1.0,2.0,1.0,0.0,0.0,3.0,1.0,1.0,98.99668975303568,1.0
1.0,0.0,0.0,1.0,3.0,3.0,1.0,0.0,0.0,1.0,1.0,1.0,401.05637758048334,1.0
0.0,1.0,0.0,2.0,1.0,2.0,1.0,1.0,0.0,1.0,1.0,1.0,131.68503459057655,0.0
1.0,0.0,0.0,1.0,1.0,2.0,1.0,0.0,0.0,3.0,1.0,1.0,45.71753096045163,1.0
0.0,0.0,0.0,1.0,1.0,2.0,1.0,0.0,0.0,1.0,2.0,1.0,240.05798091000776,0.0
1.0,1.0,0.0,1.0,2.0,3.0,1.0,1.0,1.0,1.0,2.0,1.0,246.63503511792504,1.0
1.0,0.0,0.0,1.0,1.0,1.0,1.0,0.0,0.0,3.0,6.0,1.0,107.94765396468853,1.0
0.0,0.0,0.0,1.0,3.0,2.0,1.0,0.0,0.0,3.0,2.0,1.0,0.0,1.0
0.0,0.0,0.0,1.0,3.0,2.0,1.0,0.0,0.0,2.0,6.0,1.0,603.738446098552,1.0
1.0,0.0,0.0,1.0,3.0,3.0,1.0,1.0,0.0,2.0,3.0,1.0,104.33320654721481,1.0
0.0,0.0,0.0,1.0,1.0,2.0,0.0,1.0,0.0,2.0,3.0,1.0,30.0,0.0
0.0,0.0,0.0,2.0,1.0,1.0,0.0,0.0,0.0,3.0,4.0,1.0,0.0,0.0
0.0,0.0,0.0,2.0,3.0,3.0,1.0,0.0,0.0,3.0,1.0,1.0,205.50480077481703,1.0
0.0,0.0,0.0,1.0,3.0,3.0,0.0,0.0,0.0,3.0,3.0,1.0,608.9031134068654,1.0
0.0,0.0,0.0,2.0,1.0,3.0,1.0,1.0,0.0,1.0,2.0,1.0,378.068821339967,1.0
0.0,0.0,0.0,2.0,1.0,1.0,1.0,1.0,0.0,1.0,2.0,1.0,71.35583360236704,0.0
0.0,1.0,0.0,1.0,1.0,3.0,1.0,1.0,0.0,1.0,2.0,1.0,155.66549545870222,0.0
0.0,0.0,0.0,1.0,1.0,1.0,0.0,0.0,0.0,3.0,1.0,1.0,430.00123110841787,1.0
0.0,0.0,0.0,1.0,3.0,3.0,0.0,1.0,1.0,2.0,1.0,1.0,548.8910277105153,1.0
1.0,1.0,0.0,2.0,1.0,1.0,0.0,0.0,0.0,3.0,3.0,1.0,0.0,0.0
1.0,0.0,0.0,1.0,1.0,3.0,0.0,0.0,0.0,2.0,2.0,1.0,19.019074110169367,1.0
0.0,0.0,0.0,3.0,1.0,1.0,1.0,0.0,0.0,1.0,3.0,1.0,0.0,1.0
0.0,1.0,0.0,1.0,1.0,3.0,1.0,0.0,0.0,2.0,1.0,1.0,179.9440433963938,0.0
0.0,0.0,0.0,1.0,1.0,2.0,1.0,0.0,0.0,3.0,2.0,1.0,259.3376135234375,1.0
0.0,0.0,0.0,1.0,1.0,1.0,1.0,0.0,0.0,3.0,2.0,1.0,671.842617917671,0.0
1.0,0.0,0.0,1.0,1.0,1.0,1.0,0.0,0.0,1.0,1.0,1.0,266.3951121155036,0.0
0.0,0.0,0.0,1.0,1.0,1.0,1.0,1.0,0.0,1.0,3.0,1.0,197.04273076427995,1.0
1.0,0.0,0.0,1.0,3.0,3.0,1.0,0.0,0.0,3.0,1.0,1.0,660.3914526277363,1.0
0.0,0.0,0.0,1.0,2.0,2.0,1.0,0.0,0.0,3.0,1.0,1.0,349.52810163700565,0.0
1.0,1.0,0.0,1.0,1.0,3.0,1.0,1.0,0.0,1.0,2.0,1.0,194.37329073284778,0.0
0.0,1.0,0.0,2.0,1.0,3.0,0.0,1.0,1.0,2.0,2.0,1.0,0.0,1.0
1.0,0.0,0.0,1.0,1.0,2.0,1.0,0.0,0.0,1.0,2.0,1.0,187.53172495291795,0.0
0.0,0.0,0.0,1.0,1.0,2.0,1.0,0.0,0.0,3.0,2.0,1.0,319.74222836113137,1.0
1.0,0.0,0.0,1.0,1.0,2.0,1.0,1.0,0.0,1.0,2.0,1.0,367.81489895995975,1.0
1.0,0.0,0.0,1.0,3.0,3.0,0.0,0.0,0.0,3.0,1.0,1.0,243.56124536274606,1.0
1.0,1.0,0.0,1.0,3.0,3.0,1.0,0.0,1.0,3.0,1.0,1.0,0.0,1.0
1.0,0.0,0.0,1.0,1.0,2.0,1.0,1.0,0.0,3.0,1.0,1.0,356.53622358532624,1.0
1.0,1.0,0.0,1.0,1.0,2.0,1.0,1.0,0.0,1.0,2.0,1.0,166.1249748722079,0.0
0.0,0.0,0.0,1.0,1.0,1.0,1.0,0.0,0.0,1.0,2.0,1.0,103.14577229060103,0.0
1.0,0.0,0.0,1.0,3.0,3.0,0.0,0.0,0.0,3.0,2.0,1.0,0.0,0.0
1.0,0.0,0.0,2.0,1.0,1.0,1.0,0.0,0.0,2.0,2.0,1.0,237.56003679311112,1.0
1.0,0.0,0.0,1.0,1.0,1.0,1.0,0.0,0.0,2.0,3.0,1.0,228.33866752757453,1.0
0.0,0.0,0.0,1.0,1.0,1.0,1.0,1.0,0.0,1.0,2.0,1.0,311.4041763877659,0.0
0.0,0.0,0.0,1.0,1.0,2.0,1.0,0.0,0.0,2.0,2.0,1.0,300.8024050130265,0.0
1.0,0.0,0.0,1.0,1.0,1.0,1.0,0.0,0.0,2.0,6.0,1.0,338.9819253293494,1.0
0.0,0.0,0.0,1.0,1.0,3.0,1.0,0.0,0.0,1.0,6.0,1.0,297.3159733431959,0.0
1.0,0.0,0.0,1.0,1.0,1.0,1.0,0.0,0.0,1.0,2.0,1.0,322.473478779928,0.0
1.0,1.0,0.0,2.0,2.0,2.0,0.0,0.0,0.0,3.0,3.0,1.0,406.1871839409522,1.0
0.0,0.0,0.0,1.0,1.0,1.0,1.0,0.0,0.0,1.0,2.0,1.0,81.76280748775841,1.0
1.0,0.0,0.0,1.0,1.0,1.0,0.0,0.0,0.0,3.0,4.0,1.0,155.5191245179794,0.0
1.0,1.0,0.0,1.0,3.0,3.0,1.0,1.0,1.0,3.0,2.0,1.0,50.058861727199016,1.0
1.0,0.0,0.0,1.0,3.0,3.0,0.0,0.0,0.0,3.0,2.0,1.0,225.75574272551725,1.0
0.0,0.0,0.0,1.0,1.0,3.0,1.0,0.0,0.0,1.0,2.0,1.0,52.32761130840249,0.0
1.0,1.0,0.0,1.0,3.0,3.0,1.0,1.0,1.0,1.0,3.0,1.0,251.436001973633,1.0
0.0,1.0,0.0,1.0,1.0,2.0,1.0,1.0,1.0,1.0,3.0,1.0,1058.8605899085214,1.0
0.0,0.0,0.0,2.0,1.0,1.0,0.0,0.0,0.0,3.0,1.0,1.0,418.9136323486654,1.0
0.0,0.0,0.0,1.0,1.0,2.0,1.0,0.0,0.0,2.0,1.0,1.0,296.3951121155036,0.0
0.0,0.0,0.0,3.0,1.0,2.0,0.0,0.0,0.0,2.0,1.0,1.0,312.47413658994685,1.0
1.0,0.0,0.0,1.0,1.0,1.0,1.0,1.0,0.0,1.0,2.0,1.0,233.11922123747883,1.0
0.0,0.0,0.0,1.0,2.0,3.0,1.0,1.0,1.0,3.0,1.0,1.0,285.42333440946817,0.0
0.0,0.0,0.0,1.0,1.0,1.0,1.0,0.0,0.0,2.0,1.0,1.0,778.3563662949696,1.0
0.0,0.0,0.0,1.0,1.0,1.0,1.0,0.0,0.0,2.0,1.0,1.0,605.988286798339,0.0
1.0,1.0,0.0,2.0,1.0,1.0,0.0,0.0,0.0,3.0,2.0,1.0,168.3049640619786,0.0
0.0,1.0,0.0,1.0,1.0,2.0,1.0,0.0,0.0,2.0,3.0,1.0,291.4011549636783,1.0
1.0,0.0,0.0,1.0,1.0,2.0,1.0,0.0,0.0,3.0,1.0,1.0,288.7619068544494,1.0
1.0,0.0,0.0,1.0,1.0,2.0,1.0,0.0,0.0,1.0,1.0,1.0,53.785277867455676,0.0
1.0,1.0,0.0,1.0,3.0,3.0,0.0,0.0,0.0,3.0,3.0,1.0,0.0,1.0
0.0,0.0,0.0,3.0,1.0,2.0,0.0,0.0,0.0,3.0,1.0,1.0,0.0,1.0
0.0,0.0,0.0,1.0,2.0,2.0,1.0,0.0,0.0,3.0,6.0,1.0,0.0,1.0
0.0,0.0,0.0,2.0,1.0,1.0,1.0,0.0,0.0,3.0,3.0,1.0,224.81204267453444,1.0
0.0,0.0,0.0,1.0,1.0,1.0,1.0,0.0,0.0,2.0,2.0,1.0,27.120705679176577,1.0
0.0,0.0,0.0,1.0,1.0,2.0,1.0,0.0,0.0,2.0,2.0,1.0,216.62294942157527,0.0
1.0,1.0,0.0,1.0,1.0,1.0,1.0,0.0,0.0,2.0,2.0,1.0,256.5699627194853,0.0
0.0,0.0,0.0,1.0,1.0,1.0,1.0,0.0,0.0,3.0,2.0,1.0,68.69920102824813,1.0
0.0,0.0,0.0,1.0,1.0,1.0,1.0,0.0,0.0,2.0,2.0,1.0,142.71166720473403,0.0
0.0,0.0,0.0,1.0,3.0,2.0,0.0,0.0,0.0,2.0,1.0,1.0,282.76526946103303,1.0
1.0,1.0,0.0,2.0,1.0,2.0,1.0,1.0,1.0,1.0,2.0,1.0,120.30538151569306,0.0
0.0,1.0,0.0,1.0,1.0,2.0,1.0,1.0,1.0,1.0,3.0,1.0,0.0,1.0
0.0,0.0,0.0,1.0,1.0,3.0,1.0,1.0,1.0,1.0,2.0,1.0,279.934424132363,1.0
0.0,0.0,0.0,1.0,1.0,1.0,1.0,0.0,0.0,1.0,3.0,1.0,437.6491127611844,0.0
1.0,0.0,0.0,1.0,1.0,1.0,0.0,0.0,0.0,3.0,1.0,1.0,0.0,0.0
1.0,1.0,0.0,2.0,3.0,2.0,1.0,1.0,1.0,1.0,2.0,1.0,105.08829259079853,0.0
0.0,0.0,0.0,2.0,1.0,2.0,0.0,0.0,0.0,3.0,2.0,1.0,30.0,0.0
1.0,1.0,0.0,1.0,1.0,3.0,1.0,1.0,1.0,1.0,2.0,1.0,34.30568923190724,0.0
1.0,0.0,0.0,2.0,3.0,2.0,0.0,0.0,0.0,2.0,1.0,1.0,117.8225644336825,0.0
1.0,0.0,0.0,1.0,1.0,1.0,1.0,0.0,0.0,3.0,1.0,1.0,0.0,1.0
0.0,0.0,0.0,1.0,1.0,2.0,0.0,0.0,0.0,2.0,2.0,1.0,315.42333440946817,0.0
0.0,0.0,0.0,3.0,1.0,1.0,0.0,0.0,0.0,2.0,2.0,1.0,245.68362400322678,0.0
0.0,1.0,0.0,2.0,3.0,2.0,0.0,0.0,0.0,2.0,2.0,1.0,327.9938901443794,1.0
1.0,0.0,0.0,1.0,1.0,1.0,0.0,0.0,0.0,3.0,2.0,1.0,230.3293123214046,1.0
0.0,0.0,0.0,1.0,3.0,3.0,1.0,0.0,0.0,1.0,3.0,1.0,389.73258934820103,1.0
1.0,0.0,0.0,1.0,1.0,3.0,0.0,0.0,0.0,2.0,2.0,1.0,291.5379804581633,1.0
1.0,0.0,0.0,1.0,1.0,1.0,0.0,0.0,0.0,3.0,1.0,1.0,295.66930026006446,0.0
0.0,0.0,0.0,2.0,1.0,2.0,1.0,1.0,0.0,1.0,2.0,1.0,262.12696681911757,1.0
0.0,0.0,0.0,1.0,1.0,1.0,0.0,1.0,0.0,2.0,2.0,1.0,168.3049640619786,0.0
0.0,0.0,0.0,1.0,1.0,1.0,1.0,0.0,0.0,3.0,1.0,1.0,87.89017225849672,1.0
0.0,0.0,0.0,1.0,3.0,3.0,1.0,0.0,0.0,3.0,4.0,1.0,385.32150145278194,0.0
1.0,0.0,0.0,2.0,1.0,1.0,0.0,1.0,0.0,2.0,2.0,1.0,0.0,1.0
0.0,0.0,0.0,1.0,1.0,2.0,1.0,0.0,0.0,2.0,2.0,1.0,203.9047993880393,0.0
1.0,0.0,0.0,1.0,3.0,2.0,1.0,1.0,1.0,1.0,2.0,1.0,0.0,1.0
0.0,0.0,0.0,1.0,1.0,1.0,1.0,0.0,0.0,3.0,2.0,1.0,319.3887112041948,1.0
0.0,1.0,0.0,1.0,2.0,3.0,1.0,0.0,0.0,2.0,3.0,1.0,193.92320009012514,1.0
0.0,0.0,0.0,2.0,1.0,1.0,0.0,0.0,0.0,3.0,1.0,1.0,180.17347984597671,0.0
0.0,0.0,0.0,1.0,3.0,3.0,1.0,0.0,0.0,2.0,1.0,1.0,311.26612197776586,1.0
1.0,0.0,0.0,2.0,3.0,3.0,1.0,0.0,0.0,2.0,3.0,1.0,26.639511211550353,1.0
0.0,0.0,0.0,1.0,1.0,2.0,1.0,0.0,0.0,2.0,2.0,1.0,299.8531255900798,0.0
0.0,0.0,0.0,1.0,1.0,1.0,1.0,0.0,0.0,3.0,1.0,1.0,326.4071978118533,1.0
1.0,0.0,0.0,1.0,1.0,1.0,1.0,1.0,1.0,1.0,2.0,1.0,0.0,1.0
0.0,0.0,0.0,1.0,1.0,1.0,0.0,0.0,0.0,3.0,1.0,1.0,0.0,0.0
1.0,1.0,0.0,1.0,3.0,3.0,1.0,0.0,1.0,3.0,1.0,1.0,40.83749246166236,1.0
0.0,0.0,0.0,1.0,2.0,3.0,1.0,0.0,0.0,3.0,1.0,1.0,345.8013474576249,1.0
1.0,1.0,0.0,1.0,1.0,2.0,1.0,0.0,0.0,2.0,3.0,1.0,188.08061598062847,0.0
0.0,0.0,0.0,1.0,3.0,2.0,1.0,0.0,0.0,1.0,2.0,1.0,439.4834692412154,0.0
0.0,0.0,0.0,1.0,1.0,3.0,1.0,0.0,0.0,1.0,2.0,1.0,0.0,1.0
1.0,1.0,0.0,1.0,1.0,2.0,1.0,1.0,1.0,2.0,2.0,1.0,30.0,0.0
1.0,0.0,0.0,1.0,1.0,1.0,1.0,0.0,0.0,2.0,1.0,1.0,8.233365415657733,1.0
0.0,0.0,0.0,1.0,2.0,2.0,1.0,0.0,0.0,2.0,3.0,1.0,561.7564794621524,0.0
0.0,1.0,0.0,1.0,2.0,3.0,1.0,0.0,1.0,3.0,1.0,1.0,326.4071978118532,0.0
0.0,0.0,0.0,1.0,1.0,1.0,0.0,0.0,0.0,3.0,3.0,1.0,0.0,0.0
1.0,1.0,0.0,1.0,1.0,1.0,1.0,1.0,1.0,3.0,2.0,1.0,0.0,0.0
0.0,0.0,0.0,1.0,1.0,1.0,1.0,1.0,0.0,1.0,2.0,1.0,250.00156675454951,1.0
1.0,0.0,0.0,1.0,1.0,1.0,1.0,0.0,0.0,1.0,2.0,1.0,31.74419776925815,1.0
0.0,0.0,0.0,1.0,1.0,1.0,1.0,0.0,0.0,3.0,4.0,1.0,168.3049640619786,0.0
0.0,0.0,0.0,3.0,1.0,1.0,1.0,0.0,0.0,3.0,4.0,1.0,234.21977611212625,1.0
0.0,0.0,0.0,2.0,1.0,2.0,1.0,0.0,0.0,3.0,4.0,1.0,498.47849215092504,0.0
0.0,0.0,0.0,3.0,1.0,2.0,0.0,0.0,0.0,3.0,2.0,1.0,0.0,1.0
0.0,0.0,0.0,2.0,1.0,1.0,1.0,0.0,0.0,2.0,2.0,1.0,5.803090622049854,1.0
1.0,0.0,0.0,2.0,1.0,1.0,0.0,0.0,0.0,3.0,2.0,1.0,34.98493659683767,1.0
0.0,0.0,0.0,1.0,1.0,1.0,1.0,1.0,1.0,1.0,2.0,1.0,0.0,1.0
1.0,0.0,0.0,1.0,1.0,2.0,1.0,0.0,0.0,1.0,3.0,1.0,170.53535066182286,1.0
1.0,0.0,0.0,1.0,2.0,3.0,1.0,0.0,0.0,3.0,3.0,1.0,225.77975202503092,0.0
1.0,1.0,0.0,2.0,2.0,2.0,1.0,1.0,1.0,2.0,3.0,1.0,89.01320503984394,0.0
1.0,1.0,0.0,2.0,1.0,1.0,1.0,1.0,1.0,2.0,3.0,1.0,30.737897551788876,1.0
1.0,1.0,0.0,1.0,1.0,3.0,1.0,1.0,1.0,1.0,2.0,1.0,85.62700032284043,0.0
1.0,0.0,0.0,1.0,2.0,3.0,1.0,1.0,1.0,1.0,1.0,1.0,71.29031318160814,1.0
0.0,0.0,0.0,2.0,1.0,1.0,1.0,1.0,0.0,1.0,1.0,1.0,402.7945325015668,1.0
1.0,1.0,0.0,1.0,1.0,1.0,0.0,0.0,0.0,3.0,3.0,1.0,0.0,0.0
1.0,0.0,0.0,1.0,1.0,1.0,0.0,0.0,0.0,3.0,3.0,1.0,266.32455166237867,1.0
0.0,0.0,0.0,1.0,1.0,2.0,1.0,0.0,0.0,2.0,2.0,1.0,259.3376135234375,1.0
0.0,0.0,0.0,1.0,1.0,1.0,0.0,0.0,0.0,3.0,2.0,1.0,0.0,0.0
1.0,0.0,0.0,1.0,1.0,2.0,1.0,1.0,1.0,2.0,2.0,1.0,30.0,0.0
0.0,0.0,0.0,1.0,1.0,1.0,1.0,1.0,0.0,1.0,2.0,1.0,202.8701238418066,0.0
0.0,0.0,0.0,1.0,1.0,2.0,0.0,0.0,0.0,3.0,1.0,1.0,1064.6708832083411,0.0
0.0,0.0,0.0,2.0,1.0,2.0,0.0,0.0,0.0,3.0,1.0,1.0,322.87090721908135,1.0
0.0,1.0,0.0,3.0,3.0,3.0,1.0,1.0,0.0,1.0,2.0,1.0,517.4305575154783,1.0
1.0,1.0,0.0,1.0,1.0,2.0,1.0,1.0,1.0,1.0,3.0,1.0,344.6434346068387,0.0
1.0,1.0,0.0,1.0,2.0,3.0,1.0,0.0,1.0,1.0,2.0,1.0,0.0,0.0
1.0,0.0,0.0,1.0,1.0,2.0,1.0,0.0,0.0,3.0,4.0,1.0,0.0,1.0
0.0,1.0,0.0,3.0,3.0,3.0,0.0,0.0,0.0,3.0,1.0,1.0,96.60542988134077,0.0
1.0,0.0,0.0,1.0,1.0,2.0,0.0,0.0,0.0,3.0,1.0,1.0,142.61723898866296,0.0
0.0,0.0,0.0,1.0,2.0,2.0,0.0,0.0,0.0,3.0,3.0,1.0,515.0911476707611,0.0
1.0,0.0,0.0,1.0,1.0,2.0,1.0,0.0,0.0,2.0,3.0,1.0,247.11649034753452,1.0
0.0,0.0,0.0,2.0,1.0,2.0,1.0,0.0,0.0,1.0,2.0,1.0,0.43372407233629584,1.0
0.0,0.0,0.0,1.0,1.0,1.0,1.0,1.0,0.0,1.0,3.0,1.0,168.3049640619786,0.0
1.0,0.0,0.0,1.0,1.0,1.0,1.0,1.0,1.0,1.0,2.0,1.0,21.07409219302676,1.0
1.0,0.0,0.0,1.0,3.0,3.0,1.0,1.0,1.0,1.0,2.0,1.0,0.0,1.0
1.0,0.0,0.0,1.0,3.0,2.0,1.0,0.0,0.0,3.0,1.0,1.0,337.2737531863854,1.0
1.0,0.0,0.0,1.0,1.0,3.0,1.0,1.0,0.0,1.0,2.0,1.0,238.90485992062574,1.0
0.0,0.0,0.0,1.0,1.0,1.0,1.0,1.0,1.0,1.0,2.0,1.0,0.0,1.0
1.0,0.0,0.0,1.0,1.0,1.0,0.0,0.0,0.0,3.0,3.0,1.0,106.00643430121627,1.0
1.0,0.0,0.0,1.0,1.0,1.0,1.0,0.0,0.0,3.0,1.0,1.0,0.0,1.0
0.0,0.0,0.0,2.0,1.0,1.0,0.0,0.0,0.0,3.0,3.0,1.0,109.33415768862204,0.0
0.0,0.0,0.0,2.0,1.0,1.0,0.0,0.0,0.0,3.0,1.0,1.0,227.6982946619122,1.0
1.0,1.0,0.0,1.0,3.0,3.0,1.0,0.0,1.0,1.0,2.0,1.0,213.52627482899314,1.0
0.0,0.0,0.0,1.0,1.0,3.0,1.0,0.0,1.0,1.0,3.0,1.0,0.0,1.0
0.0,0.0,0.0,2.0,1.0,1.0,1.0,0.0,0.0,3.0,1.0,1.0,659.153265364387,1.0
0.0,0.0,0.0,1.0,1.0,1.0,1.0,0.0,0.0,1.0,4.0,1.0,156.2689672234379,0.0
0.0,0.0,0.0,1.0,1.0,2.0,1.0,0.0,0.0,3.0,1.0,1.0,249.23130893946598,1.0
0.0,0.0,0.0,2.0,1.0,1.0,1.0,0.0,0.0,1.0,1.0,1.0,441.3008258695427,0.0
0.0,0.0,0.0,2.0,1.0,2.0,1.0,1.0,0.0,1.0,2.0,1.0,251.8129605315794,1.0
0.0,0.0,0.0,1.0,1.0,1.0,1.0,0.0,0.0,1.0,2.0,1.0,229.0352336310816,0.0
0.0,0.0,0.0,3.0,1.0,1.0,1.0,0.0,1.0,1.0,2.0,1.0,494.88015058380074,0.0
0.0,1.0,0.0,2.0,2.0,3.0,1.0,0.0,0.0,3.0,4.0,1.0,25.35876548022582,1.0
0.0,0.0,0.0,1.0,1.0,1.0,1.0,0.0,0.0,2.0,3.0,1.0,0.0,1.0
1.0,0.0,0.0,1.0,1.0,2.0,1.0,0.0,0.0,1.0,3.0,1.0,0.0,1.0
1.0,0.0,0.0,1.0,1.0,1.0,0.0,1.0,0.0,3.0,2.0,1.0,0.0,1.0
0.0,0.0,0.0,1.0,3.0,3.0,0.0,0.0,0.0,2.0,1.0,1.0,557.7675881856362,0.0
1.0,1.0,0.0,1.0,1.0,3.0,0.0,0.0,1.0,2.0,4.0,1.0,2.776056303391862,1.0
0.0,0.0,0.0,1.0,1.0,2.0,1.0,0.0,0.0,2.0,3.0,1.0,313.4454156978173,0.0
0.0,0.0,0.0,2.0,1.0,2.0,0.0,0.0,0.0,3.0,2.0,1.0,0.0,1.0
0.0,0.0,0.0,1.0,1.0,2.0,1.0,0.0,0.0,2.0,1.0,1.0,679.8345614175448,1.0
1.0,0.0,0.0,2.0,1.0,1.0,0.0,0.0,0.0,2.0,4.0,1.0,72.24869634077612,1.0
1.0,0.0,0.0,1.0,3.0,2.0,0.0,0.0,0.0,3.0,1.0,1.0,272.91931323735497,0.0
0.0,0.0,0.0,1.0,1.0,3.0,0.0,0.0,0.0,3.0,4.0,1.0,0.0,0.0
0.0,0.0,0.0,1.0,1.0,1.0,0.0,1.0,0.0,3.0,2.0,1.0,0.0,1.0
0.0,0.0,0.0,3.0,1.0,2.0,1.0,0.0,0.0,1.0,3.0,1.0,288.83630724344647,1.0
0.0,0.0,0.0,1.0,1.0,1.0,1.0,0.0,0.0,2.0,1.0,1.0,509.7644897457727,0.0
0.0,0.0,0.0,1.0,1.0,2.0,1.0,0.0,0.0,2.0,1.0,1.0,240.40822728903098,0.0
1.0,0.0,0.0,1.0,3.0,3.0,1.0,0.0,0.0,1.0,5.0,1.0,456.55637427836336,1.0
0.0,0.0,0.0,1.0,1.0,3.0,0.0,0.0,0.0,3.0,2.0,1.0,0.0,0.0
1.0,1.0,0.0,1.0,1.0,1.0,0.0,1.0,0.0,2.0,2.0,1.0,465.5777700212865,1.0
0.0,0.0,0.0,1.0,1.0,2.0,0.0,0.0,0.0,3.0,2.0,1.0,419.9752363627687,0.0
0.0,0.0,0.0,1.0,1.0,3.0,0.0,0.0,0.0,3.0,3.0,1.0,477.57332758420625,0.0
1.0,0.0,0.0,1.0,1.0,1.0,1.0,1.0,0.0,1.0,2.0,1.0,72.59083841471569,0.0
1.0,1.0,0.0,1.0,2.0,3.0,1.0,1.0,0.0,1.0,3.0,1.0,0.0,1.0
0.0,0.0,0.0,2.0,1.0,1.0,1.0,1.0,0.0,1.0,3.0,1.0,43.22516843220311,1.0
0.0,0.0,0.0,2.0,1.0,2.0,0.0,0.0,0.0,3.0,1.0,1.0,326.00337135181337,1.0
0.0,0.0,0.0,1.0,1.0,1.0,1.0,0.0,0.0,1.0,1.0,1.0,527.0885233883077,1.0
0.0,0.0,0.0,2.0,1.0,1.0,1.0,0.0,0.0,1.0,6.0,1.0,122.9515902071555,0.0
0.0,0.0,0.0,1.0,1.0,3.0,1.0,0.0,0.0,1.0,5.0,1.0,294.0983977643125,1.0
0.0,0.0,0.0,1.0,1.0,3.0,1.0,1.0,0.0,1.0,2.0,1.0,54.33020853912525,0.0
1.0,0.0,0.0,1.0,3.0,2.0,1.0,1.0,1.0,1.0,2.0,1.0,215.33138326534896,1.0
0.0,0.0,0.0,1.0,3.0,2.0,0.0,0.0,0.0,2.0,2.0,1.0,276.54309747165746,1.0
1.0,1.0,0.0,2.0,1.0,1.0,1.0,1.0,1.0,1.0,2.0,1.0,168.77710297714242,1.0
1.0,0.0,0.0,1.0,1.0,1.0,0.0,0.0,0.0,3.0,1.0,1.0,57.054426687697216,1.0
1.0,1.0,0.0,1.0,1.0,1.0,1.0,1.0,1.0,1.0,2.0,1.0,153.51922916500945,0.0
1.0,0.0,0.0,1.0,1.0,1.0,1.0,0.0,0.0,3.0,2.0,1.0,41.49616169491498,1.0
0.0,0.0,0.0,1.0,1.0,2.0,1.0,0.0,0.0,3.0,1.0,1.0,312.47413658994685,1.0
1.0,0.0,0.0,1.0,3.0,3.0,1.0,0.0,0.0,2.0,1.0,1.0,233.29396437564748,1.0
0.0,0.0,0.0,1.0,1.0,1.0,1.0,0.0,1.0,1.0,3.0,1.0,351.29025773472995,0.0
1.0,0.0,0.0,2.0,3.0,3.0,1.0,0.0,0.0,2.0,3.0,1.0,514.7928565630484,0.0
0.0,0.0,0.0,1.0,1.0,2.0,1.0,0.0,0.0,3.0,2.0,1.0,0.0,1.0
0.0,0.0,0.0,1.0,1.0,2.0,1.0,0.0,0.0,1.0,2.0,1.0,30.0,0.0
1.0,0.0,0.0,1.0,1.0,1.0,1.0,0.0,0.0,1.0,1.0,1.0,163.78313963103196,1.0
1.0,0.0,0.0,1.0,1.0,1.0,1.0,0.0,0.0,3.0,4.0,1.0,37.87348091202558,1.0
0.0,0.0,0.0,1.0,1.0,2.0,0.0,0.0,0.0,2.0,1.0,1.0,504.1995084145061,1.0
1.0,0.0,0.0,1.0,1.0,3.0,1.0,0.0,0.0,1.0,3.0,1.0,309.77349910815235,1.0
0.0,0.0,0.0,1.0,1.0,1.0,0.0,0.0,0.0,3.0,1.0,1.0,259.87853398390007,0.0
1.0,0.0,0.0,1.0,1.0,2.0,1.0,0.0,0.0,2.0,6.0,1.0,0.0,1.0
0.0,1.0,0.0,1.0,3.0,3.0,1.0,0.0,0.0,2.0,2.0,1.0,20.583413539144335,0.0
0.0,0.0,0.0,1.0,1.0,1.0,1.0,0.0,0.0,2.0,2.0,1.0,158.36799232780734,1.0
1.0,0.0,0.0,1.0,3.0,3.0,1.0,1.0,1.0,2.0,1.0,1.0,0.0,1.0
0.0,1.0,0.0,1.0,1.0,1.0,1.0,0.0,0.0,2.0,1.0,1.0,320.45937191504987,1.0
1.0,0.0,0.0,1.0,1.0,3.0,1.0,0.0,0.0,3.0,4.0,1.0,28.267887927091557,1.0
1.0,0.0,0.0,1.0,1.0,2.0,1.0,0.0,0.0,1.0,2.0,1.0,176.30757166014985,1.0
1.0,0.0,0.0,1.0,1.0,1.0,0.0,1.0,0.0,3.0,2.0,1.0,113.5540639346633,1.0
1.0,1.0,0.0,1.0,1.0,1.0,1.0,0.0,0.0,3.0,2.0,1.0,65.80644293686906,1.0
1.0,0.0,0.0,2.0,1.0,1.0,1.0,1.0,1.0,2.0,2.0,1.0,40.98386340238517,0.0
0.0,0.0,0.0,1.0,1.0,2.0,0.0,1.0,0.0,2.0,2.0,1.0,203.9047993880393,0.0
0.0,0.0,0.0,2.0,1.0,1.0,0.0,0.0,0.0,2.0,1.0,1.0,183.42543374703922,1.0
0.0,0.0,0.0,1.0,1.0,2.0,1.0,0.0,0.0,2.0,2.0,1.0,121.46449278450278,1.0
1.0,0.0,0.0,1.0,1.0,1.0,0.0,0.0,0.0,3.0,1.0,1.0,157.3829389970656,1.0
0.0,0.0,0.0,1.0,1.0,2.0,1.0,0.0,0.0,2.0,3.0,1.0,609.2558998656734,0.0
1.0,0.0,0.0,1.0,3.0,2.0,1.0,0.0,0.0,2.0,1.0,1.0,31.876614061092898,0.0
0.0,0.0,0.0,1.0,3.0,3.0,0.0,0.0,0.0,2.0,3.0,1.0,486.5523370618061,1.0
0.0,0.0,0.0,1.0,1.0,2.0,0.0,0.0,0.0,2.0,3.0,1.0,300.8024050130265,0.0
1.0,0.0,0.0,1.0,1.0,1.0,1.0,1.0,0.0,1.0,3.0,1.0,167.03668791610505,0.0
1.0,0.0,0.0,1.0,1.0,1.0,1.0,1.0,0.0,1.0,3.0,1.0,0.0,1.0
0.0,0.0,0.0,1.0,1.0,1.0,1.0,1.0,0.0,1.0,2.0,1.0,208.5785905299959,1.0
1.0,0.0,0.0,1.0,3.0,3.0,1.0,0.0,0.0,1.0,1.0,1.0,228.27818713918168,1.0
0.0,0.0,0.0,1.0,1.0,3.0,0.0,0.0,0.0,3.0,2.0,1.0,95.11591130799235,1.0
1.0,1.0,0.0,1.0,1.0,3.0,1.0,0.0,0.0,3.0,1.0,1.0,325.91652965898606,1.0
0.0,0.0,0.0,1.0,3.0,2.0,0.0,0.0,0.0,3.0,1.0,1.0,0.0,1.0
0.0,0.0,0.0,1.0,1.0,2.0,1.0,0.0,0.0,3.0,1.0,1.0,203.9047993880393,0.0
1.0,0.0,0.0,1.0,1.0,2.0,0.0,1.0,0.0,3.0,2.0,1.0,0.0,1.0
0.0,0.0,0.0,2.0,1.0,3.0,0.0,0.0,0.0,2.0,2.0,1.0,355.21542106592653,0.0
0.0,0.0,0.0,1.0,1.0,3.0,0.0,0.0,0.0,3.0,2.0,1.0,307.3206361658017,1.0
0.0,0.0,0.0,1.0,3.0,3.0,0.0,0.0,0.0,3.0,2.0,1.0,215.7228868465267,0.0
0.0,0.0,0.0,1.0,1.0,2.0,0.0,1.0,1.0,2.0,6.0,1.0,123.81740565662184,1.0
0.0,0.0,0.0,1.0,1.0,1.0,0.0,1.0,0.0,2.0,4.0,1.0,216.70217774011158,1.0
0.0,1.0,0.0,1.0,3.0,3.0,1.0,0.0,0.0,3.0,1.0,1.0,304.3709161855756,0.0
1.0,0.0,0.0,1.0,1.0,2.0,1.0,1.0,0.0,1.0,1.0,1.0,364.2902609209405,1.0
0.0,0.0,0.0,1.0,1.0,2.0,1.0,0.0,0.0,3.0,1.0,1.0,243.2033881982909,1.0
0.0,0.0,0.0,2.0,1.0,3.0,0.0,0.0,0.0,3.0,1.0,1.0,45.32781482091984,1.0
0.0,0.0,0.0,3.0,2.0,2.0,1.0,0.0,0.0,2.0,1.0,1.0,397.89535320601675,0.0
0.0,1.0,0.0,2.0,1.0,2.0,1.0,0.0,0.0,2.0,2.0,1.0,0.0,1.0
1.0,0.0,0.0,2.0,1.0,2.0,1.0,1.0,1.0,3.0,2.0,1.0,0.0,1.0
1.0,1.0,0.0,1.0,2.0,3.0,1.0,1.0,1.0,3.0,2.0,1.0,104.04119389576493,0.0
1.0,1.0,0.0,1.0,1.0,2.0,1.0,1.0,1.0,2.0,3.0,1.0,261.32455166237867,1.0
1.0,0.0,0.0,2.0,3.0,2.0,1.0,1.0,0.0,2.0,3.0,1.0,260.389477708457,0.0
1.0,1.0,0.0,1.0,3.0,3.0,0.0,0.0,1.0,3.0,1.0,1.0,63.610878826027,1.0
0.0,0.0,0.0,2.0,1.0,1.0,1.0,0.0,0.0,2.0,2.0,1.0,57.275951861708734,1.0
0.0,1.0,0.0,1.0,2.0,3.0,0.0,0.0,0.0,3.0,1.0,1.0,92.2136926553666,1.0
0.0,0.0,0.0,1.0,1.0,2.0,1.0,0.0,0.0,1.0,5.0,1.0,520.70152367279,1.0
0.0,0.0,0.0,1.0,1.0,1.0,0.0,0.0,0.0,3.0,1.0,1.0,337.89362660098925,1.0
1.0,0.0,0.0,1.0,1.0,1.0,0.0,0.0,0.0,2.0,3.0,1.0,0.0,1.0
1.0,1.0,0.0,2.0,1.0,3.0,1.0,1.0,1.0,2.0,2.0,1.0,337.2908227179107,1.0
0.0,0.0,0.0,2.0,1.0,3.0,1.0,0.0,0.0,1.0,3.0,1.0,0.0,0.0
0.0,1.0,0.0,1.0,1.0,3.0,0.0,1.0,1.0,2.0,3.0,1.0,74.0624884981741,1.0
0.0,1.0,0.0,1.0,1.0,2.0,1.0,0.0,0.0,1.0,2.0,1.0,111.96772680477031,0.0
1.0,1.0,0.0,1.0,1.0,2.0,1.0,1.0,0.0,1.0,2.0,1.0,391.213641456769,1.0
0.0,0.0,0.0,2.0,1.0,2.0,1.0,0.0,0.0,2.0,4.0,1.0,873.1235979798969,1.0
1.0,0.0,0.0,1.0,3.0,3.0,0.0,0.0,0.0,2.0,2.0,1.0,272.79234123057705,0.0
0.0,0.0,0.0,1.0,1.0,1.0,1.0,0.0,0.0,2.0,1.0,1.0,0.0,1.0
1.0,1.0,0.0,1.0,1.0,2.0,1.0,1.0,1.0,1.0,2.0,1.0,142.44809802091936,1.0
0.0,0.0,0.0,1.0,1.0,1.0,1.0,0.0,0.0,3.0,4.0,1.0,895.7901572235614,1.0
1.0,0.0,0.0,1.0,3.0,2.0,1.0,0.0,0.0,3.0,1.0,1.0,488.58473137644296,0.0
0.0,0.0,0.0,1.0,1.0,2.0,1.0,0.0,0.0,2.0,2.0,1.0,226.11992540341456,1.0
1.0,1.0,0.0,1.0,1.0,1.0,1.0,0.0,0.0,2.0,2.0,1.0,109.90160233604882,1.0
0.0,0.0,0.0,1.0,1.0,1.0,0.0,0.0,0.0,3.0,2.0,1.0,143.80582673746065,0.0
0.0,0.0,0.0,2.0,3.0,2.0,1.0,0.0,0.0,2.0,2.0,1.0,298.47050817597363,0.0
0.0,0.0,0.0,1.0,1.0,1.0,0.0,1.0,0.0,3.0,2.0,1.0,259.5193371750498,1.0
0.0,0.0,0.0,1.0,1.0,2.0,1.0,1.0,0.0,1.0,2.0,1.0,30.0,0.0
1.0,0.0,0.0,1.0,1.0,1.0,1.0,1.0,0.0,1.0,2.0,1.0,144.2440890538261,1.0
1.0,0.0,0.0,1.0,1.0,1.0,1.0,1.0,0.0,1.0,2.0,1.0,312.06507667583116,1.0
1.0,0.0,0.0,1.0,1.0,1.0,1.0,1.0,0.0,1.0,2.0,1.0,151.7394992274137,1.0
0.0,0.0,0.0,2.0,1.0,1.0,1.0,1.0,1.0,1.0,2.0,1.0,0.0,1.0
0.0,0.0,0.0,1.0,1.0,3.0,0.0,0.0,0.0,3.0,2.0,1.0,364.0945397341444,1.0
1.0,0.0,0.0,3.0,2.0,1.0,1.0,1.0,0.0,2.0,3.0,1.0,293.2916859797539,1.0
1.0,0.0,0.0,2.0,1.0,1.0,1.0,1.0,0.0,2.0,1.0,1.0,266.98059587839475,0.0
1.0,0.0,0.0,1.0,1.0,1.0,1.0,0.0,0.0,3.0,1.0,1.0,307.9864726733776,0.0
1.0,0.0,0.0,2.0,1.0,2.0,1.0,0.0,0.0,3.0,1.0,1.0,266.64982888745226,1.0
0.0,0.0,0.0,1.0,1.0,2.0,0.0,0.0,0.0,3.0,2.0,1.0,89.1743807569347,1.0
0.0,0.0,0.0,1.0,1.0,3.0,0.0,0.0,0.0,2.0,4.0,1.0,159.75239472555222,1.0
1.0,0.0,0.0,1.0,1.0,1.0,1.0,0.0,0.0,1.0,3.0,1.0,296.2378579150178,1.0
0.0,0.0,0.0,1.0,3.0,3.0,1.0,1.0,1.0,1.0,2.0,1.0,575.9827768304165,1.0
1.0,0.0,0.0,1.0,1.0,2.0,1.0,1.0,0.0,1.0,2.0,1.0,296.3111440209834,1.0
1.0,0.0,0.0,1.0,1.0,2.0,1.0,0.0,0.0,1.0,2.0,1.0,27.201606959016914,1.0
0.0,0.0,0.0,1.0,1.0,1.0,1.0,0.0,0.0,1.0,3.0,1.0,418.39912904311296,0.0
1.0,1.0,0.0,1.0,1.0,1.0,1.0,1.0,1.0,1.0,2.0,1.0,703.9605743407649,1.0
1.0,1.0,0.0,1.0,1.0,2.0,1.0,1.0,1.0,1.0,2.0,1.0,133.85018244282958,0.0
1.0,0.0,0.0,1.0,1.0,3.0,1.0,1.0,0.0,2.0,2.0,1.0,118.56046198547138,1.0
0.0,1.0,0.0,1.0,1.0,3.0,0.0,0.0,0.0,3.0,4.0,1.0,0.0,1.0
0.0,0.0,0.0,2.0,3.0,3.0,0.0,0.0,0.0,3.0,4.0,1.0,0.0,0.0
0.0,0.0,0.0,1.0,1.0,2.0,0.0,0.0,0.0,3.0,2.0,1.0,555.7885402038821,1.0
0.0,0.0,0.0,1.0,1.0,1.0,1.0,0.0,0.0,2.0,1.0,1.0,237.72677786540504,0.0
0.0,0.0,0.0,1.0,1.0,1.0,1.0,0.0,0.0,2.0,1.0,1.0,0.0,0.0
1.0,1.0,0.0,3.0,1.0,1.0,1.0,0.0,0.0,2.0,2.0,1.0,133.8150584639261,1.0
0.0,0.0,0.0,1.0,1.0,3.0,1.0,1.0,0.0,2.0,1.0,1.0,354.48431996717187,1.0
0.0,0.0,0.0,1.0,1.0,1.0,0.0,1.0,0.0,3.0,2.0,1.0,234.21977611212625,1.0
0.0,0.0,0.0,2.0,3.0,3.0,0.0,1.0,0.0,3.0,2.0,1.0,233.92314941955857,0.0
1.0,1.0,0.0,1.0,1.0,2.0,0.0,1.0,1.0,3.0,2.0,1.0,114.56900003049866,1.0
1.0,0.0,0.0,2.0,1.0,2.0,0.0,0.0,0.0,3.0,2.0,1.0,0.0,1.0
0.0,0.0,0.0,1.0,1.0,2.0,0.0,0.0,0.0,3.0,2.0,1.0,310.5356374160383,1.0
0.0,0.0,0.0,1.0,1.0,3.0,1.0,0.0,0.0,2.0,2.0,1.0,296.0369601247033,0.0
0.0,0.0,0.0,1.0,1.0,2.0,1.0,1.0,0.0,3.0,4.0,1.0,135.6944562959369,0.0
0.0,0.0,0.0,1.0,1.0,1.0,0.0,0.0,0.0,3.0,3.0,1.0,182.78803077463783,1.0
1.0,0.0,0.0,2.0,1.0,1.0,1.0,1.0,0.0,2.0,3.0,1.0,28.54233344094681,0.0
1.0,0.0,0.0,1.0,1.0,1.0,1.0,0.0,0.0,3.0,1.0,1.0,0.0,1.0
0.0,0.0,0.0,1.0,3.0,3.0,1.0,0.0,0.0,2.0,3.0,1.0,266.2539912092537,0.0
1.0,0.0,0.0,2.0,1.0,1.0,1.0,0.0,0.0,3.0,1.0,1.0,0.0,1.0
0.0,0.0,0.0,3.0,1.0,1.0,1.0,0.0,0.0,2.0,1.0,1.0,37.050144370459805,1.0
0.0,0.0,0.0,1.0,1.0,2.0,0.0,0.0,0.0,3.0,1.0,1.0,280.2721334384861,1.0
1.0,0.0,0.0,1.0,1.0,1.0,1.0,0.0,0.0,2.0,3.0,1.0,131.8985139588369,0.0
0.0,0.0,0.0,1.0,1.0,1.0,0.0,0.0,0.0,2.0,2.0,1.0,0.0,1.0
0.0,0.0,0.0,1.0,1.0,1.0,1.0,1.0,0.0,1.0,1.0,1.0,0.0,1.0
0.0,0.0,0.0,1.0,1.0,2.0,1.0,1.0,0.0,1.0,3.0,1.0,30.0,0.0
0.0,0.0,0.0,1.0,1.0,2.0,1.0,0.0,0.0,2.0,3.0,1.0,477.65315705820956,0.0
1.0,1.0,0.0,2.0,1.0,3.0,1.0,1.0,0.0,1.0,3.0,1.0,240.5672036210197,1.0
1.0,1.0,0.0,1.0,1.0,2.0,1.0,1.0,1.0,1.0,2.0,1.0,0.0,1.0
1.0,0.0,0.0,2.0,1.0,1.0,1.0,1.0,0.0,1.0,6.0,1.0,516.3966788700532,1.0
1.0,0.0,0.0,1.0,1.0,1.0,1.0,0.0,0.0,2.0,1.0,1.0,13.269964286404512,1.0
0.0,0.0,0.0,1.0,1.0,1.0,1.0,1.0,0.0,3.0,6.0,1.0,0.0,1.0
0.0,0.0,0.0,1.0,1.0,2.0,1.0,0.0,0.0,2.0,3.0,1.0,304.40409108981777,0.0
1.0,0.0,0.0,1.0,3.0,3.0,1.0,0.0,0.0,3.0,2.0,1.0,427.8325996722382,1.0
1.0,0.0,0.0,1.0,1.0,1.0,1.0,1.0,1.0,1.0,3.0,1.0,855.8164003154584,0.0
1.0,0.0,0.0,1.0,1.0,2.0,0.0,0.0,0.0,3.0,2.0,1.0,206.742910922786,0.0
1.0,0.0,0.0,1.0,3.0,2.0,0.0,0.0,0.0,3.0,1.0,1.0,373.528167793247,1.0
0.0,0.0,0.0,2.0,1.0,2.0,0.0,0.0,0.0,2.0,2.0,1.0,0.0,1.0
1.0,0.0,0.0,1.0,2.0,3.0,0.0,0.0,0.0,2.0,1.0,1.0,168.26779733781052,1.0
1.0,0.0,0.0,1.0,1.0,1.0,0.0,0.0,0.0,2.0,5.0,1.0,118.95311200983375,0.0
0.0,0.0,0.0,1.0,1.0,3.0,0.0,0.0,0.0,3.0,2.0,1.0,234.20379331405007,1.0
0.0,0.0,0.0,1.0,1.0,2.0,0.0,0.0,0.0,2.0,2.0,1.0,349.6289842494165,0.0
0.0,0.0,0.0,1.0,1.0,3.0,1.0,1.0,1.0,2.0,1.0,1.0,354.48431996717187,1.0
0.0,1.0,0.0,1.0,3.0,3.0,1.0,0.0,0.0,1.0,2.0,1.0,285.2721334384861,0.0
1.0,0.0,0.0,1.0,1.0,1.0,0.0,0.0,0.0,2.0,1.0,1.0,493.5628121172956,0.0
0.0,0.0,0.0,2.0,3.0,2.0,0.0,0.0,0.0,3.0,1.0,1.0,202.11771801193368,0.0
0.0,0.0,0.0,3.0,1.0,3.0,0.0,0.0,0.0,3.0,2.0,1.0,169.0584365348388,1.0
0.0,0.0,0.0,1.0,1.0,1.0,1.0,1.0,0.0,1.0,2.0,1.0,0.0,0.0
0.0,0.0,0.0,1.0,3.0,3.0,1.0,0.0,0.0,3.0,5.0,1.0,94.97596904385276,1.0
0.0,0.0,0.0,1.0,1.0,2.0,1.0,0.0,0.0,2.0,1.0,1.0,203.9047993880393,0.0
0.0,0.0,0.0,1.0,1.0,1.0,1.0,0.0,0.0,2.0,2.0,1.0,60.65245856201196,1.0
1.0,0.0,0.0,1.0,1.0,1.0,1.0,0.0,0.0,2.0,2.0,1.0,399.38098681388044,1.0
1.0,0.0,0.0,2.0,1.0,3.0,1.0,0.0,0.0,2.0,2.0,1.0,73.05946955225038,0.0
0.0,0.0,0.0,1.0,1.0,1.0,1.0,0.0,0.0,2.0,3.0,1.0,34.58013474576247,1.0
0.0,0.0,0.0,2.0,1.0,3.0,1.0,0.0,0.0,2.0,2.0,1.0,0.0,0.0
0.0,0.0,0.0,2.0,1.0,2.0,0.0,0.0,0.0,3.0,2.0,1.0,30.0,0.0
0.0,0.0,0.0,1.0,1.0,2.0,1.0,0.0,1.0,3.0,2.0,1.0,0.0,1.0
0.0,0.0,0.0,1.0,1.0,1.0,1.0,1.0,1.0,3.0,1.0,1.0,580.1580174231586,0.0
0.0,1.0,0.0,1.0,1.0,1.0,1.0,0.0,0.0,3.0,2.0,1.0,85.84265858460236,1.0
1.0,0.0,0.0,1.0,3.0,2.0,0.0,0.0,0.0,3.0,3.0,1.0,30.0,0.0
1.0,1.0,0.0,1.0,1.0,2.0,1.0,0.0,0.0,1.0,2.0,1.0,272.4947124528963,1.0
0.0,0.0,0.0,1.0,3.0,3.0,1.0,0.0,0.0,3.0,1.0,1.0,14.051610309389199,1.0
1.0,1.0,0.0,2.0,3.0,3.0,1.0,1.0,1.0,1.0,2.0,1.0,420.3009432660362,1.0
0.0,0.0,0.0,1.0,1.0,2.0,1.0,1.0,0.0,1.0,1.0,1.0,261.2539912092537,1.0
0.0,0.0,0.0,1.0,1.0,2.0,1.0,1.0,0.0,1.0,2.0,1.0,486.4354135015777,0.0
1.0,0.0,0.0,1.0,1.0,1.0,1.0,1.0,0.0,1.0,2.0,1.0,228.18746655659248,0.0
0.0,0.0,0.0,1.0,1.0,1.0,1.0,1.0,1.0,1.0,2.0,1.0,0.0,0.0
0.0,0.0,0.0,2.0,3.0,3.0,1.0,0.0,0.0,3.0,4.0,1.0,0.0,1.0
0.0,0.0,0.0,1.0,1.0,1.0,1.0,0.0,0.0,3.0,1.0,1.0,304.29027566771845,0.0
1.0,1.0,0.0,1.0,1.0,2.0,1.0,0.0,0.0,3.0,2.0,1.0,54.170452787193575,1.0
0.0,0.0,0.0,1.0,3.0,3.0,0.0,0.0,0.0,3.0,4.0,1.0,422.4133867430563,1.0
0.0,0.0,0.0,1.0,1.0,1.0,1.0,1.0,1.0,2.0,3.0,1.0,118.43950120868575,0.0
0.0,0.0,0.0,1.0,1.0,1.0,0.0,1.0,0.0,2.0,3.0,1.0,242.1597436053253,1.0
0.0,0.0,0.0,1.0,1.0,2.0,0.0,1.0,1.0,2.0,3.0,1.0,209.06750080710108,1.0
0.0,0.0,0.0,1.0,1.0,1.0,0.0,0.0,0.0,3.0,1.0,1.0,210.15561666643754,1.0
1.0,0.0,0.0,1.0,3.0,3.0,0.0,0.0,0.0,3.0,1.0,1.0,15.368948775894436,0.0
1.0,1.0,0.0,1.0,1.0,2.0,1.0,1.0,1.0,2.0,2.0,1.0,177.64806393143425,0.0
0.0,0.0,0.0,2.0,1.0,1.0,1.0,1.0,0.0,2.0,2.0,1.0,0.0,1.0
0.0,0.0,0.0,2.0,1.0,1.0,0.0,0.0,0.0,3.0,1.0,1.0,342.3265601261832,0.0
1.0,0.0,0.0,1.0,3.0,2.0,1.0,0.0,0.0,3.0,1.0,1.0,130.5497811761556,1.0
1.0,0.0,0.0,1.0,1.0,1.0,1.0,1.0,0.0,1.0,3.0,1.0,414.2151377526818,0.0
0.0,0.0,0.0,2.0,1.0,3.0,0.0,1.0,0.0,3.0,1.0,1.0,0.0,0.0
0.0,1.0,0.0,1.0,3.0,3.0,1.0,0.0,0.0,3.0,4.0,1.0,91.19061858103206,1.0
1.0,0.0,0.0,1.0,1.0,2.0,1.0,1.0,1.0,1.0,2.0,1.0,0.0,1.0
0.0,1.0,0.0,1.0,1.0,3.0,1.0,1.0,1.0,3.0,1.0,1.0,545.0083823425098,1.0
1.0,0.0,0.0,1.0,3.0,3.0,1.0,0.0,0.0,3.0,2.0,1.0,94.06072277657219,1.0
1.0,0.0,0.0,2.0,1.0,2.0,0.0,0.0,0.0,3.0,2.0,1.0,30.0,0.0
1.0,1.0,0.0,3.0,2.0,2.0,0.0,0.0,0.0,3.0,1.0,1.0,0.0,1.0
1.0,1.0,0.0,2.0,3.0,3.0,1.0,1.0,1.0,2.0,1.0,1.0,344.20708021190495,0.0
1.0,0.0,0.0,1.0,1.0,2.0,1.0,0.0,0.0,1.0,3.0,1.0,30.0,0.0
1.0,0.0,0.0,3.0,3.0,2.0,1.0,0.0,0.0,1.0,2.0,1.0,338.0939041135649,0.0
0.0,0.0,0.0,1.0,3.0,3.0,1.0,0.0,0.0,1.0,2.0,1.0,0.0,0.0
0.0,0.0,0.0,1.0,1.0,1.0,0.0,1.0,1.0,2.0,2.0,1.0,0.0,1.0
1.0,1.0,0.0,1.0,1.0,2.0,1.0,1.0,0.0,1.0,6.0,1.0,199.72254574754234,1.0
1.0,0.0,0.0,1.0,3.0,3.0,1.0,1.0,0.0,1.0,2.0,1.0,452.4719911560857,1.0
0.0,0.0,0.0,1.0,1.0,1.0,1.0,1.0,0.0,1.0,2.0,1.0,229.0352336310816,0.0
1.0,1.0,0.0,1.0,3.0,3.0,1.0,1.0,1.0,1.0,2.0,1.0,115.1334278476084,1.0
1.0,0.0,0.0,2.0,1.0,2.0,1.0,1.0,0.0,1.0,2.0,1.0,2.318547036140208,1.0
0.0,0.0,0.0,1.0,1.0,3.0,0.0,0.0,0.0,3.0,1.0,1.0,334.9284750786973,0.0
0.0,0.0,0.0,1.0,1.0,1.0,1.0,0.0,0.0,2.0,2.0,1.0,0.0,1.0
0.0,0.0,0.0,2.0,3.0,3.0,1.0,1.0,0.0,2.0,2.0,1.0,143.44352190834806,1.0
0.0,1.0,0.0,1.0,1.0,3.0,0.0,0.0,0.0,3.0,2.0,1.0,70.26162367022664,1.0
1.0,0.0,0.0,1.0,1.0,2.0,0.0,0.0,0.0,2.0,1.0,1.0,91.55449867366424,1.0
1.0,0.0,0.0,2.0,1.0,1.0,1.0,0.0,0.0,2.0,2.0,1.0,32.687659283227894,1.0
1.0,0.0,0.0,1.0,1.0,3.0,0.0,0.0,0.0,3.0,6.0,1.0,225.77975202503092,0.0
0.0,0.0,0.0,1.0,1.0,3.0,1.0,1.0,0.0,1.0,2.0,1.0,540.6221458181999,1.0
0.0,0.0,0.0,1.0,1.0,2.0,1.0,0.0,0.0,2.0,1.0,1.0,349.50478945110444,0.0
1.0,1.0,0.0,1.0,1.0,2.0,0.0,0.0,0.0,3.0,2.0,1.0,0.0,1.0
0.0,0.0,0.0,1.0,1.0,1.0,1.0,0.0,0.0,1.0,3.0,1.0,418.39912904311296,1.0
1.0,1.0,0.0,2.0,3.0,3.0,1.0,1.0,1.0,1.0,2.0,1.0,219.43545030742064,1.0
0.0,0.0,0.0,1.0,1.0,2.0,1.0,0.0,0.0,3.0,2.0,1.0,335.4413901900706,0.0
1.0,1.0,0.0,1.0,1.0,1.0,1.0,0.0,0.0,2.0,2.0,1.0,73.64394530866836,0.0
1.0,0.0,0.0,1.0,1.0,1.0,1.0,0.0,0.0,3.0,2.0,1.0,179.91635519072383,1.0
0.0,0.0,0.0,1.0,1.0,2.0,1.0,0.0,0.0,2.0,2.0,1.0,30.0,0.0
1.0,0.0,0.0,2.0,1.0,1.0,0.0,0.0,0.0,2.0,2.0,1.0,220.5700298487116,1.0
0.0,0.0,0.0,1.0,1.0,1.0,1.0,0.0,0.0,2.0,2.0,1.0,234.21977611212625,1.0
1.0,0.0,0.0,1.0,1.0,1.0,1.0,1.0,0.0,1.0,2.0,1.0,0.0,0.0
0.0,1.0,0.0,3.0,1.0,2.0,1.0,0.0,0.0,2.0,2.0,1.0,0.0,1.0
1.0,0.0,0.0,2.0,3.0,2.0,1.0,1.0,1.0,1.0,2.0,1.0,424.1660022967811,0.0
1.0,1.0,0.0,1.0,2.0,2.0,1.0,1.0,0.0,1.0,2.0,1.0,87.72954784606983,1.0
1.0,1.0,0.0,1.0,1.0,1.0,1.0,0.0,0.0,1.0,2.0,1.0,117.57245813559244,0.0
0.0,0.0,0.0,1.0,3.0,2.0,1.0,1.0,0.0,1.0,2.0,1.0,417.31734735025884,1.0
0.0,0.0,0.0,1.0,3.0,3.0,0.0,0.0,0.0,3.0,3.0,1.0,245.55943445542226,0.0
0.0,0.0,0.0,1.0,1.0,1.0,1.0,0.0,0.0,1.0,3.0,1.0,47.40675468301412,1.0
0.0,0.0,0.0,1.0,1.0,1.0,1.0,1.0,1.0,2.0,1.0,1.0,299.75195396078004,1.0
1.0,0.0,0.0,2.0,3.0,3.0,1.0,0.0,0.0,3.0,2.0,1.0,225.77975202503092,0.0
1.0,0.0,0.0,1.0,1.0,1.0,1.0,1.0,1.0,1.0,2.0,1.0,96.42185720114722,1.0
0.0,0.0,0.0,1.0,1.0,1.0,0.0,0.0,0.0,3.0,2.0,1.0,0.0,1.0
1.0,1.0,0.0,1.0,3.0,3.0,0.0,0.0,0.0,3.0,1.0,1.0,133.39352931776887,0.0
1.0,1.0,0.0,1.0,3.0,3.0,1.0,1.0,1.0,1.0,2.0,1.0,0.0,1.0
1.0,0.0,0.0,1.0,1.0,1.0,0.0,0.0,0.0,2.0,6.0,1.0,171.6920652507105,1.0
0.0,0.0,0.0,1.0,1.0,2.0,0.0,0.0,0.0,2.0,3.0,1.0,73.79330702784452,1.0
1.0,0.0,0.0,1.0,3.0,3.0,1.0,0.0,0.0,1.0,2.0,1.0,200.15370388442759,1.0
0.0,0.0,0.0,2.0,1.0,1.0,1.0,1.0,0.0,2.0,3.0,1.0,102.35381782627547,0.0
1.0,0.0,0.0,2.0,1.0,3.0,1.0,0.0,0.0,1.0,2.0,1.0,276.89874962308977,1.0
0.0,0.0,0.0,1.0,1.0,2.0,1.0,1.0,0.0,1.0,2.0,1.0,600.5442668769722,0.0
0.0,0.0,0.0,1.0,1.0,2.0,1.0,1.0,0.0,1.0,3.0,1.0,534.0287661042519,1.0
1.0,0.0,0.0,1.0,1.0,1.0,0.0,0.0,0.0,2.0,4.0,1.0,298.84098214521356,1.0
0.0,0.0,0.0,1.0,3.0,2.0,0.0,0.0,0.0,3.0,3.0,1.0,231.73855823958968,1.0
1.0,0.0,0.0,1.0,1.0,1.0,0.0,1.0,1.0,3.0,2.0,1.0,60.904541820021976,1.0
1.0,0.0,0.0,1.0,2.0,3.0,1.0,0.0,0.0,2.0,4.0,1.0,105.22241001210583,1.0
0.0,0.0,0.0,1.0,1.0,2.0,1.0,0.0,0.0,2.0,3.0,1.0,305.6258395669422,0.0
0.0,0.0,0.0,1.0,3.0,3.0,1.0,0.0,0.0,3.0,1.0,1.0,145.8901006330508,0.0
0.0,0.0,0.0,1.0,1.0,2.0,0.0,0.0,0.0,3.0,1.0,1.0,568.6337780964373,1.0
0.0,0.0,0.0,1.0,3.0,3.0,0.0,0.0,0.0,3.0,4.0,1.0,798.550292268386,1.0
0.0,0.0,0.0,2.0,1.0,1.0,0.0,0.0,0.0,3.0,3.0,1.0,342.3265601261832,1.0
0.0,0.0,0.0,2.0,1.0,1.0,0.0,0.0,0.0,3.0,1.0,1.0,14.13943287382288,0.0
1.0,1.0,0.0,1.0,1.0,3.0,1.0,1.0,1.0,2.0,3.0,1.0,54.53709850979317,1.0
1.0,1.0,0.0,1.0,3.0,3.0,1.0,1.0,1.0,2.0,3.0,1.0,246.12460793843468,0.0
1.0,0.0,0.0,1.0,3.0,3.0,1.0,1.0,1.0,2.0,1.0,1.0,266.1834307561287,1.0
1.0,1.0,0.0,1.0,2.0,2.0,1.0,1.0,1.0,2.0,3.0,1.0,0.0,1.0
1.0,1.0,0.0,2.0,3.0,3.0,1.0,0.0,1.0,2.0,2.0,1.0,447.8950786117807,1.0
1.0,1.0,0.0,1.0,3.0,3.0,1.0,1.0,1.0,2.0,3.0,1.0,207.60481427281064,0.0
0.0,1.0,0.0,1.0,2.0,2.0,1.0,1.0,0.0,1.0,2.0,1.0,287.74064149464556,0.0
0.0,0.0,0.0,1.0,1.0,1.0,1.0,1.0,0.0,1.0,2.0,1.0,286.1368927454917,1.0
0.0,0.0,0.0,2.0,3.0,3.0,1.0,0.0,0.0,2.0,2.0,1.0,296.24693522378436,1.0
1.0,0.0,0.0,1.0,1.0,2.0,1.0,1.0,0.0,1.0,3.0,1.0,87.70011458255772,1.0
1.0,0.0,0.0,1.0,1.0,1.0,1.0,1.0,0.0,1.0,2.0,1.0,69.9269056689725,0.0
0.0,0.0,0.0,1.0,1.0,2.0,1.0,0.0,0.0,3.0,2.0,1.0,229.21085032373642,0.0
0.0,0.0,0.0,1.0,1.0,1.0,1.0,0.0,0.0,2.0,2.0,1.0,205.34150372615642,0.0
0.0,0.0,0.0,2.0,1.0,1.0,1.0,0.0,0.0,2.0,4.0,1.0,351.0105359384131,1.0
0.0,0.0,0.0,1.0,1.0,3.0,1.0,0.0,0.0,2.0,1.0,1.0,532.9611128312625,0.0
1.0,0.0,0.0,2.0,1.0,2.0,0.0,0.0,0.0,3.0,1.0,1.0,210.0754034806166,1.0
1.0,0.0,0.0,1.0,3.0,3.0,1.0,0.0,0.0,3.0,2.0,1.0,227.4604418832377,0.0
0.0,0.0,0.0,1.0,1.0,1.0,0.0,0.0,0.0,3.0,2.0,1.0,158.08061598062847,0.0
1.0,0.0,0.0,1.0,1.0,1.0,1.0,0.0,0.0,1.0,3.0,1.0,437.8652758151238,1.0
1.0,1.0,0.0,1.0,3.0,3.0,1.0,1.0,1.0,1.0,2.0,1.0,186.32634941094804,1.0
1.0,0.0,0.0,1.0,1.0,1.0,1.0,1.0,1.0,1.0,3.0,1.0,99.81878653354825,1.0
0.0,0.0,0.0,1.0,1.0,1.0,1.0,0.0,0.0,3.0,2.0,1.0,189.22255613013013,0.0
0.0,0.0,0.0,1.0,1.0,2.0,0.0,0.0,0.0,3.0,2.0,1.0,10.551912451797943,1.0
0.0,0.0,0.0,2.0,1.0,1.0,1.0,1.0,0.0,2.0,1.0,1.0,260.7214426526706,1.0
0.0,0.0,0.0,1.0,1.0,1.0,1.0,0.0,0.0,3.0,2.0,1.0,0.0,1.0
0.0,0.0,0.0,1.0,1.0,1.0,0.0,0.0,0.0,2.0,2.0,1.0,132.12904819047537,1.0
1.0,0.0,0.0,1.0,1.0,1.0,0.0,0.0,0.0,3.0,2.0,1.0,66.7802401960848,1.0
0.0,0.0,0.0,1.0,1.0,1.0,0.0,0.0,0.0,3.0,2.0,1.0,228.15722636239605,0.0
0.0,0.0,0.0,1.0,1.0,2.0,1.0,0.0,0.0,3.0,2.0,1.0,187.71468862882148,0.0
1.0,1.0,0.0,1.0,1.0,2.0,1.0,0.0,0.0,3.0,2.0,1.0,152.19302427690297,1.0
1.0,1.0,0.0,1.0,1.0,1.0,1.0,1.0,1.0,2.0,2.0,1.0,0.0,1.0
0.0,0.0,0.0,1.0,3.0,2.0,1.0,1.0,0.0,2.0,2.0,1.0,0.0,1.0
0.0,0.0,0.0,1.0,1.0,2.0,0.0,0.0,0.0,3.0,2.0,1.0,369.77313366022156,1.0
0.0,0.0,0.0,1.0,1.0,2.0,1.0,0.0,0.0,3.0,2.0,1.0,0.0,1.0
0.0,0.0,0.0,3.0,1.0,1.0,1.0,0.0,0.0,3.0,2.0,1.0,0.0,1.0
1.0,0.0,0.0,1.0,1.0,1.0,1.0,0.0,0.0,3.0,2.0,1.0,0.0,0.0
1.0,0.0,0.0,1.0,3.0,3.0,0.0,0.0,0.0,3.0,1.0,1.0,0.0,1.0
0.0,0.0,0.0,1.0,1.0,2.0,1.0,0.0,0.0,3.0,3.0,1.0,71.45225041269813,0.0
0.0,0.0,0.0,1.0,1.0,1.0,1.0,1.0,0.0,1.0,3.0,1.0,410.68300745231284,1.0
1.0,0.0,0.0,2.0,1.0,1.0,1.0,0.0,0.0,3.0,4.0,1.0,136.4411581546633,1.0
0.0,0.0,0.0,1.0,1.0,2.0,1.0,0.0,0.0,2.0,2.0,1.0,223.2096417541015,0.0
0.0,1.0,0.0,1.0,3.0,3.0,0.0,0.0,0.0,3.0,2.0,1.0,686.0566961941727,1.0
1.0,0.0,0.0,1.0,1.0,1.0,0.0,0.0,0.0,3.0,1.0,1.0,154.54666733140948,1.0
0.0,1.0,0.0,1.0,1.0,1.0,1.0,0.0,0.0,2.0,2.0,1.0,237.12092397094273,1.0
0.0,0.0,0.0,1.0,1.0,1.0,0.0,0.0,0.0,3.0,1.0,1.0,0.0,1.0
0.0,0.0,0.0,2.0,1.0,1.0,1.0,1.0,0.0,1.0,2.0,1.0,296.0331485996577,1.0
1.0,0.0,0.0,1.0,1.0,3.0,1.0,0.0,0.0,1.0,2.0,1.0,524.9273536993314,1.0
0.0,0.0,0.0,1.0,3.0,3.0,0.0,0.0,0.0,3.0,1.0,1.0,315.6174964679811,0.0
1.0,0.0,0.0,1.0,3.0,3.0,0.0,0.0,0.0,3.0,1.0,1.0,350.1983898438522,1.0
0.0,0.0,0.0,1.0,1.0,1.0,0.0,0.0,0.0,3.0,4.0,1.0,56.5357758541831,1.0
1.0,0.0,0.0,2.0,1.0,1.0,0.0,0.0,0.0,3.0,1.0,1.0,0.0,0.0
0.0,1.0,0.0,3.0,1.0,3.0,1.0,0.0,0.0,1.0,3.0,1.0,297.02500831822607,0.0
0.0,0.0,0.0,1.0,1.0,2.0,1.0,0.0,0.0,3.0,4.0,1.0,237.02435048515673,1.0
0.0,0.0,0.0,1.0,1.0,1.0,1.0,0.0,0.0,3.0,1.0,1.0,456.01580455456445,0.0
0.0,1.0,0.0,3.0,1.0,2.0,1.0,0.0,0.0,2.0,2.0,1.0,0.0,1.0
1.0,1.0,0.0,1.0,1.0,3.0,0.0,0.0,1.0,3.0,4.0,1.0,59.31087544053279,1.0
1.0,0.0,0.0,1.0,1.0,2.0,0.0,0.0,0.0,3.0,1.0,1.0,11.905843653483881,1.0
0.0,0.0,0.0,1.0,1.0,1.0,1.0,0.0,0.0,3.0,1.0,1.0,332.7292884451608,1.0
0.0,0.0,0.0,1.0,3.0,3.0,1.0,0.0,0.0,3.0,2.0,1.0,522.8603104138241,1.0
1.0,0.0,0.0,1.0,3.0,2.0,1.0,1.0,0.0,2.0,2.0,1.0,134.35245159653982,1.0
1.0,0.0,0.0,1.0,1.0,1.0,1.0,1.0,1.0,2.0,2.0,1.0,181.17757005411812,0.0
1.0,0.0,0.0,1.0,1.0,2.0,1.0,1.0,0.0,2.0,2.0,1.0,257.5176147520963,0.0
0.0,0.0,0.0,2.0,1.0,1.0,1.0,1.0,0.0,1.0,2.0,1.0,633.379220150694,1.0
0.0,0.0,0.0,2.0,1.0,1.0,0.0,0.0,1.0,3.0,2.0,1.0,35.0672263144648,1.0
1.0,0.0,0.0,2.0,1.0,1.0,0.0,0.0,0.0,3.0,3.0,1.0,116.31732731889437,1.0
1.0,0.0,0.0,1.0,3.0,2.0,0.0,0.0,0.0,2.0,4.0,1.0,240.9469894391548,0.0
0.0,0.0,0.0,1.0,3.0,2.0,1.0,0.0,0.0,3.0,2.0,1.0,275.1961352711564,0.0
1.0,0.0,0.0,1.0,3.0,2.0,1.0,1.0,0.0,1.0,2.0,1.0,0.0,1.0
1.0,0.0,0.0,3.0,3.0,3.0,1.0,1.0,1.0,1.0,2.0,1.0,140.76389788547658,1.0
1.0,0.0,0.0,1.0,1.0,2.0,1.0,1.0,1.0,1.0,2.0,1.0,158.9177285523348,0.0
0.0,0.0,0.0,1.0,1.0,2.0,0.0,0.0,0.0,2.0,2.0,1.0,420.92736242771196,1.0
0.0,0.0,0.0,1.0,1.0,1.0,1.0,0.0,0.0,2.0,2.0,1.0,168.3049640619786,0.0
0.0,0.0,0.0,1.0,3.0,3.0,1.0,0.0,0.0,2.0,5.0,1.0,223.61489716972983,0.0
1.0,0.0,0.0,1.0,1.0,3.0,1.0,0.0,0.0,2.0,5.0,1.0,143.07759455654107,1.0
0.0,0.0,0.0,2.0,1.0,2.0,1.0,0.0,0.0,3.0,1.0,1.0,93.45211780649583,0.0
0.0,0.0,0.0,1.0,1.0,1.0,0.0,1.0,0.0,3.0,2.0,1.0,66.59999603745592,1.0
0.0,0.0,0.0,2.0,1.0,1.0,1.0,0.0,0.0,2.0,4.0,1.0,673.6724384308244,0.0
0.0,0.0,0.0,1.0,1.0,1.0,1.0,0.0,0.0,2.0,3.0,1.0,415.9116105564511,1.0
0.0,0.0,0.0,1.0,1.0,3.0,1.0,1.0,0.0,1.0,2.0,1.0,0.0,1.0
0.0,0.0,0.0,1.0,1.0,1.0,1.0,0.0,0.0,1.0,2.0,1.0,539.0214472811606,1.0
0.0,0.0,0.0,1.0,1.0,1.0,1.0,0.0,0.0,2.0,2.0,1.0,321.26068959871554,0.0
1.0,0.0,0.0,1.0,3.0,3.0,1.0,0.0,0.0,2.0,2.0,1.0,298.63562392580025,1.0
1.0,1.0,0.0,1.0,1.0,1.0,1.0,0.0,0.0,1.0,2.0,1.0,140.87122850213672,1.0
0.0,0.0,0.0,1.0,1.0,1.0,1.0,1.0,0.0,2.0,1.0,1.0,31.50425022912182,0.0
0.0,0.0,0.0,1.0,1.0,2.0,0.0,0.0,0.0,2.0,2.0,1.0,242.140088365066,1.0
0.0,0.0,0.0,1.0,3.0,3.0,0.0,0.0,0.0,3.0,2.0,1.0,275.68998185456184,0.0
0.0,0.0,0.0,2.0,1.0,1.0,0.0,0.0,0.0,2.0,2.0,1.0,346.13342259355625,1.0
1.0,0.0,0.0,1.0,1.0,1.0,0.0,0.0,0.0,3.0,3.0,1.0,0.0,1.0
1.0,0.0,0.0,2.0,1.0,1.0,1.0,0.0,0.0,2.0,1.0,1.0,403.63603416168075,0.0
1.0,1.0,0.0,1.0,3.0,3.0,1.0,0.0,0.0,1.0,2.0,1.0,0.0,1.0
1.0,1.0,0.0,1.0,1.0,1.0,0.0,0.0,0.0,3.0,2.0,1.0,178.72316065054358,0.0
0.0,0.0,0.0,3.0,1.0,1.0,0.0,1.0,0.0,3.0,2.0,1.0,146.9930172208761,1.0
0.0,0.0,0.0,1.0,1.0,1.0,1.0,1.0,1.0,3.0,2.0,1.0,0.0,0.0
0.0,0.0,0.0,3.0,1.0,1.0,1.0,0.0,0.0,2.0,1.0,1.0,137.0844668394063,1.0
0.0,0.0,0.0,1.0,2.0,1.0,0.0,0.0,0.0,3.0,1.0,1.0,274.77652175428574,1.0
0.0,0.0,0.0,1.0,1.0,1.0,0.0,0.0,0.0,3.0,3.0,1.0,195.8809114222927,1.0
0.0,0.0,0.0,1.0,1.0,3.0,1.0,0.0,0.0,1.0,2.0,1.0,342.23583954359395,0.0
1.0,0.0,0.0,1.0,1.0,2.0,1.0,0.0,0.0,2.0,1.0,1.0,144.40813774280238,1.0
0.0,0.0,0.0,3.0,1.0,1.0,1.0,0.0,0.0,3.0,2.0,1.0,221.75197519504832,1.0
0.0,0.0,0.0,2.0,1.0,1.0,1.0,0.0,0.0,3.0,2.0,1.0,15.808061598062848,0.0
1.0,0.0,0.0,1.0,1.0,2.0,1.0,1.0,0.0,3.0,2.0,1.0,42.113146545152595,1.0
1.0,0.0,0.0,1.0,1.0,1.0,0.0,0.0,0.0,3.0,2.0,1.0,95.47670005364458,1.0
0.0,0.0,0.0,1.0,3.0,3.0,1.0,1.0,0.0,1.0,2.0,1.0,37.65392450094136,1.0
0.0,0.0,0.0,1.0,1.0,1.0,0.0,1.0,0.0,2.0,2.0,1.0,66.59877802887588,1.0
0.0,0.0,0.0,1.0,1.0,1.0,1.0,0.0,0.0,2.0,2.0,1.0,256.6768796576955,1.0
0.0,0.0,0.0,1.0,3.0,3.0,1.0,1.0,1.0,1.0,2.0,1.0,307.3206361658017,1.0
0.0,1.0,0.0,1.0,1.0,2.0,1.0,0.0,0.0,2.0,2.0,1.0,103.49650861043803,0.0
0.0,0.0,0.0,1.0,3.0,3.0,0.0,0.0,0.0,2.0,1.0,1.0,912.6289054495842,1.0
1.0,1.0,0.0,1.0,1.0,1.0,1.0,1.0,0.0,1.0,2.0,1.0,0.0,1.0
0.0,0.0,0.0,1.0,1.0,1.0,1.0,0.0,0.0,3.0,1.0,1.0,159.09676001273442,1.0
1.0,0.0,0.0,2.0,1.0,1.0,1.0,0.0,0.0,2.0,2.0,1.0,73.72927542049169,1.0
1.0,1.0,0.0,1.0,1.0,3.0,1.0,0.0,0.0,2.0,2.0,1.0,25.263508868507127,1.0
0.0,0.0,0.0,1.0,3.0,3.0,0.0,0.0,0.0,3.0,1.0,1.0,369.3295101741285,0.0
1.0,1.0,0.0,1.0,1.0,2.0,1.0,0.0,0.0,2.0,2.0,1.0,263.86903931685623,1.0
0.0,0.0,0.0,1.0,3.0,1.0,1.0,1.0,0.0,1.0,3.0,1.0,0.0,0.0
0.0,0.0,0.0,2.0,1.0,1.0,1.0,1.0,0.0,1.0,2.0,1.0,87.8225644336825,1.0
0.0,0.0,0.0,2.0,1.0,1.0,0.0,0.0,0.0,3.0,1.0,1.0,213.6728557718227,0.0
0.0,1.0,0.0,3.0,1.0,1.0,0.0,0.0,0.0,2.0,2.0,1.0,296.0987530217144,1.0
0.0,1.0,0.0,1.0,3.0,3.0,0.0,0.0,0.0,3.0,2.0,1.0,274.8649494519045,0.0
0.0,0.0,0.0,2.0,1.0,1.0,1.0,1.0,0.0,1.0,2.0,1.0,285.1965329529951,1.0
1.0,0.0,0.0,1.0,3.0,2.0,1.0,1.0,0.0,1.0,1.0,1.0,0.0,1.0
0.0,1.0,0.0,1.0,3.0,3.0,1.0,1.0,0.0,1.0,2.0,1.0,0.0,0.0
1.0,0.0,0.0,2.0,1.0,2.0,1.0,1.0,1.0,1.0,1.0,1.0,32.296560059940795,0.0
1.0,1.0,0.0,1.0,1.0,2.0,1.0,0.0,0.0,3.0,1.0,1.0,46.466730831315466,0.0
1.0,1.0,0.0,1.0,1.0,1.0,1.0,0.0,0.0,2.0,2.0,1.0,333.6205173730022,1.0
1.0,0.0,0.0,1.0,1.0,3.0,0.0,0.0,0.0,3.0,2.0,1.0,0.0,1.0
0.0,0.0,0.0,1.0,1.0,1.0,0.0,0.0,0.0,3.0,2.0,1.0,126.35544643366431,1.0
0.0,0.0,0.0,2.0,1.0,3.0,1.0,0.0,0.0,2.0,2.0,1.0,0.0,0.0
1.0,1.0,0.0,1.0,3.0,2.0,1.0,1.0,1.0,1.0,2.0,1.0,354.34763152077375,1.0
1.0,0.0,0.0,1.0,1.0,1.0,1.0,1.0,0.0,1.0,2.0,1.0,100.29298401906829,0.0
1.0,0.0,0.0,2.0,1.0,1.0,1.0,1.0,0.0,1.0,2.0,1.0,267.4197087005631,1.0
0.0,0.0,0.0,1.0,1.0,1.0,1.0,1.0,0.0,1.0,2.0,1.0,213.7106560145682,1.0
0.0,0.0,0.0,1.0,3.0,3.0,1.0,1.0,1.0,2.0,1.0,1.0,275.68998185456184,1.0
1.0,0.0,0.0,2.0,1.0,1.0,1.0,1.0,0.0,2.0,2.0,1.0,0.0,1.0
0.0,0.0,0.0,1.0,1.0,1.0,1.0,0.0,0.0,1.0,2.0,1.0,182.16398236606364,0.0
1.0,0.0,0.0,1.0,1.0,1.0,1.0,1.0,1.0,1.0,2.0,1.0,0.0,1.0
0.0,0.0,0.0,1.0,3.0,2.0,0.0,0.0,0.0,3.0,4.0,1.0,30.0,0.0
0.0,0.0,0.0,1.0,1.0,1.0,1.0,0.0,0.0,2.0,2.0,1.0,229.0352336310816,0.0
0.0,0.0,0.0,1.0,1.0,3.0,1.0,0.0,0.0,1.0,3.0,1.0,378.43176142454274,1.0
0.0,0.0,0.0,1.0,1.0,3.0,1.0,0.0,0.0,1.0,2.0,1.0,4.4208696631515405,1.0
0.0,0.0,0.0,1.0,1.0,3.0,1.0,0.0,0.0,2.0,1.0,1.0,545.4531004631606,0.0
0.0,0.0,0.0,2.0,2.0,2.0,1.0,1.0,0.0,2.0,3.0,1.0,259.3376135234375,1.0
1.0,0.0,0.0,1.0,1.0,1.0,0.0,0.0,0.0,3.0,1.0,1.0,205.01452520111368,1.0
0.0,0.0,0.0,1.0,2.0,1.0,1.0,0.0,0.0,3.0,1.0,1.0,505.23469093154523,0.0
0.0,0.0,0.0,1.0,1.0,3.0,0.0,0.0,0.0,3.0,2.0,1.0,658.1946895812592,1.0
0.0,0.0,0.0,2.0,1.0,1.0,0.0,0.0,0.0,3.0,1.0,1.0,536.7845447424972,1.0
0.0,0.0,0.0,1.0,1.0,1.0,1.0,0.0,0.0,2.0,2.0,1.0,0.0,0.0
1.0,0.0,0.0,1.0,1.0,2.0,1.0,0.0,0.0,2.0,1.0,1.0,0.0,1.0
1.0,0.0,0.0,1.0,1.0,2.0,1.0,0.0,0.0,2.0,1.0,1.0,184.22961293229935,0.0
0.0,0.0,0.0,1.0,1.0,3.0,1.0,1.0,0.0,2.0,3.0,1.0,108.86338716258558,1.0
1.0,1.0,0.0,1.0,1.0,2.0,1.0,1.0,0.0,2.0,3.0,1.0,30.0,0.0
1.0,1.0,0.0,1.0,1.0,1.0,1.0,1.0,1.0,2.0,3.0,1.0,171.6920652507105,1.0
0.0,0.0,0.0,3.0,1.0,1.0,1.0,0.0,0.0,3.0,1.0,1.0,0.0,0.0
1.0,1.0,0.0,1.0,1.0,1.0,1.0,0.0,0.0,1.0,3.0,1.0,266.1133480546121,1.0
0.0,0.0,0.0,2.0,1.0,2.0,0.0,1.0,1.0,2.0,2.0,1.0,125.41650818401851,1.0
1.0,0.0,0.0,2.0,1.0,1.0,1.0,0.0,0.0,1.0,2.0,1.0,46.97775342498399,0.0
0.0,0.0,0.0,2.0,1.0,1.0,1.0,0.0,0.0,1.0,2.0,1.0,215.16528286252213,1.0
0.0,0.0,0.0,1.0,1.0,1.0,1.0,0.0,0.0,1.0,2.0,1.0,112.19515307689943,1.0
0.0,0.0,0.0,2.0,1.0,2.0,1.0,0.0,0.0,3.0,2.0,1.0,0.0,1.0
0.0,0.0,0.0,2.0,1.0,1.0,1.0,0.0,0.0,3.0,4.0,1.0,399.275146134193,1.0
1.0,0.0,0.0,1.0,1.0,3.0,0.0,0.0,0.0,3.0,3.0,1.0,144.1579937508068,0.0
0.0,0.0,0.0,1.0,3.0,3.0,0.0,0.0,0.0,3.0,3.0,1.0,263.98786664528666,1.0
0.0,0.0,0.0,1.0,2.0,3.0,1.0,0.0,0.0,1.0,1.0,1.0,64.16129236446255,0.0
1.0,0.0,0.0,1.0,3.0,3.0,1.0,1.0,0.0,2.0,3.0,1.0,26.95107236405802,1.0
1.0,0.0,0.0,1.0,1.0,2.0,1.0,1.0,1.0,3.0,6.0,1.0,32.74445513855258,0.0
0.0,0.0,0.0,1.0,1.0,2.0,0.0,1.0,0.0,3.0,2.0,1.0,261.4029871672129,1.0
0.0,1.0,0.0,1.0,1.0,3.0,1.0,1.0,1.0,3.0,2.0,1.0,503.13951766902665,0.0
1.0,0.0,0.0,1.0,1.0,1.0,0.0,1.0,1.0,3.0,2.0,1.0,429.1495369478755,1.0
0.0,0.0,0.0,2.0,1.0,2.0,0.0,0.0,0.0,3.0,4.0,1.0,50.547772004304164,1.0
0.0,0.0,0.0,3.0,1.0,2.0,1.0,1.0,0.0,1.0,2.0,1.0,39.52742523324087,0.0
0.0,0.0,0.0,1.0,3.0,3.0,1.0,0.0,0.0,1.0,2.0,1.0,377.57308165532766,1.0
0.0,0.0,0.0,1.0,1.0,3.0,0.0,1.0,1.0,2.0,3.0,1.0,0.0,1.0
1.0,0.0,0.0,1.0,1.0,2.0,1.0,0.0,0.0,3.0,5.0,1.0,347.8662967853825,1.0
1.0,0.0,0.0,1.0,1.0,2.0,1.0,0.0,0.0,1.0,2.0,1.0,30.0,0.0
0.0,0.0,0.0,2.0,1.0,1.0,1.0,0.0,0.0,1.0,2.0,1.0,91.48183795175258,0.0
0.0,0.0,0.0,1.0,1.0,2.0,0.0,0.0,0.0,3.0,1.0,1.0,248.05702244823252,0.0
0.0,1.0,0.0,1.0,1.0,1.0,0.0,0.0,0.0,3.0,1.0,1.0,326.9440032629005,1.0
1.0,0.0,0.0,1.0,3.0,2.0,0.0,0.0,0.0,3.0,1.0,1.0,19.590318041431097,1.0
0.0,0.0,0.0,2.0,1.0,2.0,0.0,0.0,0.0,3.0,1.0,1.0,28.765728512398354,1.0
1.0,1.0,0.0,1.0,1.0,1.0,1.0,1.0,1.0,1.0,2.0,1.0,0.0,1.0
1.0,0.0,0.0,1.0,1.0,1.0,1.0,1.0,1.0,1.0,2.0,1.0,318.9628599686682,0.0
0.0,0.0,0.0,2.0,1.0,1.0,1.0,0.0,0.0,3.0,2.0,1.0,150.05593940797166,1.0
0.0,0.0,0.0,1.0,3.0,2.0,0.0,0.0,0.0,3.0,1.0,1.0,370.2082649027297,0.0
0.0,0.0,0.0,2.0,1.0,3.0,0.0,0.0,0.0,3.0,1.0,1.0,367.69123189519104,1.0
1.0,0.0,0.0,1.0,3.0,2.0,1.0,0.0,0.0,2.0,2.0,1.0,209.8480548245896,1.0
1.0,0.0,0.0,1.0,1.0,1.0,1.0,0.0,0.0,1.0,3.0,1.0,31.507258497018622,1.0
1.0,0.0,0.0,1.0,1.0,1.0,1.0,1.0,0.0,1.0,2.0,1.0,0.0,0.0
1.0,0.0,0.0,1.0,1.0,3.0,1.0,0.0,0.0,1.0,3.0,1.0,653.9469854054992,0.0
1.0,0.0,0.0,1.0,1.0,1.0,1.0,1.0,0.0,1.0,3.0,1.0,0.0,1.0
1.0,1.0,0.0,1.0,1.0,3.0,1.0,1.0,1.0,1.0,2.0,1.0,0.0,1.0
1.0,0.0,0.0,1.0,3.0,2.0,1.0,0.0,0.0,1.0,3.0,1.0,291.7138732250195,1.0
0.0,0.0,0.0,2.0,1.0,2.0,1.0,0.0,0.0,3.0,1.0,1.0,35.77218204301028,1.0
0.0,0.0,0.0,1.0,1.0,2.0,1.0,0.0,0.0,3.0,1.0,1.0,452.0314436385322,0.0
1.0,1.0,0.0,1.0,1.0,3.0,0.0,1.0,1.0,2.0,4.0,1.0,77.9059331997125,1.0
1.0,1.0,0.0,1.0,1.0,3.0,0.0,1.0,1.0,2.0,2.0,1.0,0.0,1.0
0.0,0.0,0.0,1.0,1.0,1.0,0.0,0.0,0.0,3.0,2.0,1.0,171.11791977179698,1.0
1.0,1.0,0.0,1.0,3.0,3.0,1.0,1.0,1.0,2.0,2.0,1.0,75.56857224004523,0.0
0.0,0.0,0.0,1.0,1.0,2.0,0.0,0.0,0.0,3.0,3.0,1.0,350.24995824097704,0.0
1.0,0.0,0.0,2.0,1.0,1.0,0.0,0.0,0.0,3.0,4.0,1.0,0.0,1.0
0.0,0.0,0.0,2.0,1.0,1.0,1.0,0.0,0.0,3.0,3.0,1.0,526.9220008369424,1.0
0.0,0.0,0.0,1.0,1.0,1.0,0.0,0.0,0.0,3.0,2.0,1.0,570.3930659059902,1.0
0.0,0.0,0.0,1.0,1.0,3.0,1.0,1.0,0.0,1.0,2.0,1.0,256.14914626490724,1.0
1.0,1.0,0.0,1.0,1.0,1.0,1.0,1.0,1.0,1.0,3.0,1.0,36.79506623221004,0.0
0.0,0.0,0.0,1.0,1.0,1.0,1.0,1.0,0.0,1.0,2.0,1.0,0.0,0.0
0.0,1.0,0.0,1.0,2.0,3.0,0.0,0.0,0.0,2.0,2.0,1.0,351.17623792932113,0.0
0.0,0.0,0.0,1.0,1.0,1.0,0.0,0.0,0.0,2.0,2.0,1.0,225.97141156387775,1.0
0.0,0.0,0.0,1.0,3.0,3.0,0.0,0.0,0.0,2.0,6.0,1.0,191.88505824220744,1.0
0.0,0.0,0.0,1.0,3.0,3.0,1.0,0.0,1.0,1.0,1.0,1.0,456.3144527247921,1.0
0.0,0.0,0.0,1.0,1.0,1.0,1.0,1.0,0.0,1.0,2.0,1.0,0.0,1.0
1.0,0.0,0.0,2.0,3.0,2.0,0.0,1.0,0.0,2.0,2.0,1.0,7.125813933215653,1.0
0.0,0.0,0.0,1.0,1.0,1.0,1.0,1.0,0.0,1.0,2.0,1.0,35.3119894493765,1.0
1.0,1.0,0.0,1.0,1.0,3.0,1.0,1.0,1.0,1.0,6.0,1.0,231.85157010492182,1.0
0.0,0.0,0.0,1.0,1.0,2.0,1.0,0.0,1.0,3.0,4.0,1.0,90.30482757779532,0.0
0.0,0.0,0.0,1.0,1.0,1.0,1.0,0.0,0.0,2.0,1.0,1.0,401.3173830095456,1.0
0.0,1.0,0.0,2.0,1.0,1.0,1.0,0.0,0.0,3.0,2.0,1.0,0.0,0.0
0.0,0.0,0.0,1.0,3.0,3.0,1.0,0.0,0.0,3.0,1.0,1.0,363.62557951506864,1.0
1.0,0.0,0.0,1.0,1.0,2.0,1.0,0.0,0.0,3.0,1.0,1.0,54.822579534483886,0.0
0.0,0.0,0.0,1.0,1.0,1.0,1.0,0.0,0.0,1.0,2.0,1.0,215.91177466020838,0.0
0.0,0.0,0.0,1.0,1.0,2.0,1.0,1.0,0.0,1.0,2.0,1.0,0.0,1.0
0.0,0.0,0.0,1.0,1.0,1.0,1.0,0.0,0.0,1.0,2.0,1.0,0.0,0.0
0.0,0.0,0.0,1.0,1.0,1.0,1.0,0.0,0.0,1.0,2.0,1.0,0.0,1.0
1.0,1.0,0.0,1.0,3.0,3.0,1.0,0.0,0.0,1.0,2.0,1.0,57.37740876333922,1.0
1.0,0.0,0.0,1.0,1.0,1.0,1.0,1.0,0.0,1.0,2.0,1.0,48.59515231997097,0.0
0.0,0.0,0.0,1.0,2.0,3.0,1.0,1.0,0.0,1.0,3.0,1.0,570.2418649350082,1.0
1.0,1.0,0.0,1.0,1.0,3.0,1.0,1.0,1.0,2.0,2.0,1.0,0.0,1.0
1.0,0.0,0.0,2.0,2.0,2.0,1.0,0.0,0.0,3.0,1.0,1.0,51.662899226975014,0.0
0.0,0.0,0.0,1.0,1.0,1.0,0.0,1.0,0.0,2.0,2.0,1.0,0.0,1.0
1.0,1.0,0.0,1.0,1.0,3.0,1.0,0.0,1.0,2.0,3.0,1.0,263.39116163279823,0.0
0.0,0.0,0.0,1.0,1.0,3.0,0.0,0.0,0.0,2.0,1.0,1.0,393.08672556186553,0.0
0.0,0.0,0.0,1.0,1.0,2.0,1.0,0.0,0.0,1.0,2.0,1.0,0.0,1.0
0.0,0.0,0.0,1.0,1.0,1.0,1.0,0.0,0.0,3.0,1.0,1.0,49.89354866559198,1.0
0.0,0.0,0.0,1.0,3.0,2.0,1.0,0.0,0.0,2.0,2.0,1.0,75.42727277329868,0.0
1.0,0.0,0.0,1.0,1.0,2.0,1.0,1.0,1.0,1.0,3.0,1.0,0.0,1.0
1.0,1.0,0.0,1.0,3.0,2.0,1.0,1.0,1.0,1.0,2.0,1.0,310.81850976036435,1.0
0.0,0.0,0.0,2.0,1.0,3.0,0.0,0.0,0.0,2.0,2.0,1.0,251.8883763824431,1.0
0.0,0.0,0.0,1.0,1.0,2.0,1.0,1.0,0.0,1.0,2.0,1.0,95.12601851032105,1.0
1.0,0.0,0.0,1.0,1.0,1.0,1.0,0.0,0.0,1.0,2.0,1.0,0.0,1.0
0.0,0.0,0.0,2.0,1.0,2.0,1.0,1.0,0.0,1.0,2.0,1.0,25.737897551788873,1.0
0.0,0.0,0.0,1.0,1.0,1.0,0.0,0.0,0.0,3.0,1.0,1.0,160.83737824997786,1.0
1.0,1.0,0.0,1.0,1.0,1.0,1.0,0.0,0.0,3.0,4.0,1.0,0.0,1.0
1.0,0.0,0.0,1.0,1.0,1.0,1.0,1.0,0.0,1.0,2.0,1.0,0.0,0.0
0.0,0.0,0.0,2.0,1.0,1.0,1.0,1.0,0.0,1.0,1.0,1.0,349.9679579889234,1.0
1.0,1.0,0.0,2.0,1.0,1.0,1.0,0.0,0.0,1.0,3.0,1.0,70.86549095094563,1.0
1.0,1.0,0.0,2.0,1.0,1.0,0.0,0.0,0.0,3.0,2.0,1.0,82.33365415657735,1.0
1.0,1.0,0.0,1.0,1.0,2.0,0.0,0.0,0.0,3.0,2.0,1.0,95.90351606044256,0.0
0.0,0.0,0.0,1.0,1.0,2.0,0.0,0.0,0.0,3.0,3.0,1.0,546.427739015548,1.0
1.0,0.0,0.0,1.0,1.0,2.0,1.0,0.0,0.0,3.0,2.0,1.0,316.5481181649299,1.0
1.0,1.0,0.0,1.0,3.0,3.0,1.0,0.0,1.0,1.0,2.0,1.0,0.0,1.0
1.0,1.0,0.0,1.0,1.0,1.0,0.0,0.0,0.0,3.0,2.0,1.0,184.21570395135836,1.0
0.0,1.0,0.0,2.0,2.0,3.0,1.0,0.0,0.0,3.0,2.0,1.0,277.70325238514704,1.0
0.0,0.0,0.0,1.0,1.0,1.0,1.0,0.0,0.0,1.0,2.0,1.0,19.63911622079292,1.0
1.0,0.0,0.0,1.0,1.0,2.0,1.0,1.0,0.0,1.0,2.0,1.0,263.68215806429737,1.0
0.0,0.0,0.0,1.0,3.0,2.0,1.0,0.0,0.0,1.0,2.0,1.0,300.8024050130265,0.0
0.0,1.0,0.0,2.0,1.0,3.0,1.0,1.0,0.0,1.0,6.0,1.0,547.4321903376077,0.0
0.0,0.0,0.0,1.0,1.0,1.0,1.0,0.0,0.0,3.0,2.0,1.0,16.686287242399672,1.0
1.0,1.0,0.0,1.0,1.0,3.0,1.0,0.0,0.0,2.0,2.0,1.0,60.515235805084345,0.0
1.0,0.0,0.0,1.0,1.0,1.0,1.0,0.0,0.0,3.0,2.0,1.0,56.810221368038356,1.0
1.0,0.0,0.0,1.0,3.0,2.0,0.0,0.0,0.0,3.0,1.0,1.0,220.04532136131144,1.0
0.0,0.0,0.0,1.0,3.0,3.0,1.0,1.0,0.0,3.0,1.0,1.0,181.28939289392127,0.0
1.0,0.0,0.0,1.0,1.0,1.0,0.0,0.0,0.0,3.0,1.0,1.0,48.89384774021769,0.0
0.0,0.0,0.0,1.0,1.0,3.0,1.0,0.0,0.0,2.0,2.0,1.0,246.1544050302785,1.0
1.0,1.0,0.0,1.0,3.0,3.0,0.0,0.0,0.0,3.0,2.0,1.0,0.0,1.0
1.0,0.0,0.0,1.0,1.0,3.0,0.0,0.0,0.0,2.0,3.0,1.0,228.09674597400323,0.0
1.0,0.0,0.0,3.0,1.0,1.0,1.0,0.0,0.0,2.0,3.0,1.0,156.0846686545284,1.0
0.0,0.0,0.0,1.0,3.0,3.0,1.0,0.0,0.0,2.0,2.0,1.0,62.573577158998766,1.0
0.0,0.0,0.0,1.0,1.0,1.0,0.0,0.0,0.0,2.0,3.0,1.0,360.31569574431046,1.0
0.0,0.0,0.0,1.0,2.0,2.0,0.0,0.0,0.0,2.0,3.0,1.0,276.7246468952135,0.0
1.0,1.0,0.0,1.0,1.0,2.0,1.0,1.0,1.0,2.0,2.0,1.0,79.4342189078266,1.0
0.0,0.0,0.0,1.0,1.0,2.0,0.0,0.0,0.0,2.0,3.0,1.0,67.69051723612208,0.0
1.0,1.0,0.0,1.0,1.0,3.0,1.0,0.0,0.0,3.0,2.0,1.0,0.0,1.0
0.0,0.0,0.0,1.0,1.0,1.0,0.0,1.0,0.0,3.0,2.0,1.0,98.80038498789278,1.0
0.0,0.0,0.0,1.0,1.0,1.0,1.0,1.0,0.0,2.0,2.0,1.0,229.0352336310816,0.0
1.0,0.0,0.0,1.0,1.0,1.0,1.0,0.0,0.0,3.0,5.0,1.0,333.2679545818321,0.0
0.0,0.0,0.0,1.0,1.0,1.0,0.0,0.0,0.0,2.0,2.0,1.0,0.0,1.0
0.0,0.0,0.0,1.0,1.0,2.0,0.0,0.0,0.0,3.0,2.0,1.0,11.759472712761074,1.0
0.0,0.0,0.0,1.0,1.0,1.0,0.0,0.0,0.0,3.0,2.0,1.0,68.92212796222823,0.0
1.0,1.0,0.0,1.0,3.0,3.0,0.0,0.0,0.0,2.0,2.0,1.0,0.0,1.0
1.0,0.0,0.0,1.0,1.0,1.0,0.0,0.0,0.0,2.0,2.0,1.0,91.64724577797045,1.0
0.0,0.0,0.0,2.0,1.0,1.0,0.0,0.0,0.0,3.0,3.0,1.0,43.76491127611845,0.0
1.0,0.0,0.0,1.0,1.0,1.0,1.0,1.0,1.0,2.0,1.0,1.0,0.0,0.0
1.0,0.0,0.0,1.0,3.0,3.0,0.0,1.0,1.0,2.0,3.0,1.0,67.13721991266135,1.0
0.0,0.0,0.0,1.0,1.0,1.0,1.0,0.0,0.0,1.0,4.0,1.0,0.0,0.0
1.0,0.0,0.0,1.0,2.0,2.0,1.0,0.0,0.0,2.0,2.0,1.0,176.0974464092894,1.0
1.0,0.0,0.0,1.0,1.0,1.0,1.0,0.0,0.0,2.0,2.0,1.0,79.04030799031423,0.0
0.0,0.0,0.0,1.0,1.0,1.0,1.0,0.0,0.0,2.0,2.0,1.0,64.54958485875665,1.0
1.0,0.0,0.0,1.0,1.0,2.0,1.0,0.0,0.0,2.0,2.0,1.0,155.33396196461916,1.0
0.0,0.0,0.0,2.0,1.0,1.0,1.0,1.0,0.0,1.0,6.0,1.0,158.30443542174282,1.0
0.0,0.0,0.0,1.0,1.0,3.0,1.0,0.0,0.0,2.0,2.0,1.0,368.7564059913051,1.0
0.0,0.0,0.0,1.0,1.0,2.0,1.0,1.0,0.0,1.0,2.0,1.0,0.0,1.0
0.0,0.0,0.0,2.0,1.0,2.0,1.0,1.0,0.0,1.0,3.0,1.0,418.94349973337364,0.0
0.0,0.0,0.0,1.0,1.0,1.0,1.0,0.0,0.0,3.0,3.0,1.0,0.0,1.0
1.0,0.0,0.0,1.0,3.0,2.0,0.0,1.0,1.0,2.0,5.0,1.0,0.0,1.0
0.0,1.0,0.0,3.0,1.0,2.0,0.0,1.0,0.0,2.0,2.0,1.0,223.36111142312632,1.0
0.0,0.0,0.0,1.0,1.0,1.0,0.0,0.0,0.0,3.0,1.0,1.0,255.86690445240743,1.0
1.0,1.0,0.0,1.0,1.0,2.0,1.0,1.0,1.0,1.0,2.0,1.0,197.95271691455378,1.0
0.0,0.0,0.0,2.0,1.0,3.0,1.0,0.0,0.0,3.0,2.0,1.0,378.28120620730965,1.0
1.0,0.0,0.0,1.0,3.0,3.0,1.0,1.0,1.0,1.0,2.0,1.0,168.15091182363335,0.0
1.0,0.0,0.0,2.0,1.0,1.0,1.0,1.0,0.0,1.0,2.0,1.0,0.0,0.0
1.0,1.0,0.0,1.0,3.0,3.0,1.0,1.0,1.0,1.0,2.0,1.0,138.64051804130276,1.0
0.0,0.0,0.0,2.0,1.0,1.0,0.0,0.0,0.0,3.0,1.0,1.0,320.45937191504987,1.0
1.0,0.0,0.0,1.0,1.0,1.0,0.0,1.0,1.0,2.0,4.0,1.0,211.76333975029308,1.0
0.0,0.0,0.0,3.0,1.0,1.0,1.0,0.0,0.0,3.0,2.0,1.0,59.87539581817583,1.0
0.0,0.0,0.0,1.0,1.0,1.0,1.0,0.0,0.0,3.0,4.0,1.0,115.70622864137667,1.0
0.0,1.0,0.0,1.0,1.0,3.0,1.0,0.0,0.0,2.0,3.0,1.0,358.24592244051325,0.0
0.0,0.0,0.0,3.0,1.0,1.0,1.0,1.0,0.0,1.0,2.0,1.0,0.0,1.0
0.0,0.0,0.0,1.0,1.0,1.0,1.0,1.0,0.0,1.0,2.0,1.0,231.8583426501197,1.0
1.0,1.0,0.0,3.0,1.0,1.0,1.0,0.0,0.0,1.0,2.0,1.0,0.0,0.0
1.0,0.0,0.0,1.0,1.0,1.0,1.0,0.0,0.0,1.0,2.0,1.0,12.807457313245363,1.0
1.0,1.0,0.0,1.0,1.0,1.0,1.0,0.0,0.0,2.0,3.0,1.0,285.1209324675041,1.0
1.0,0.0,0.0,1.0,3.0,3.0,0.0,0.0,0.0,3.0,1.0,1.0,228.09674597400323,1.0
0.0,0.0,0.0,1.0,1.0,1.0,1.0,1.0,0.0,1.0,2.0,1.0,168.72579439867826,1.0
1.0,0.0,0.0,1.0,1.0,1.0,1.0,1.0,0.0,1.0,2.0,1.0,487.2073312726405,0.0
1.0,0.0,0.0,1.0,1.0,2.0,0.0,1.0,0.0,2.0,2.0,1.0,75.789324288621,0.0
1.0,1.0,0.0,1.0,1.0,3.0,1.0,0.0,0.0,1.0,3.0,1.0,0.0,1.0
0.0,0.0,0.0,1.0,1.0,2.0,1.0,1.0,0.0,3.0,2.0,1.0,190.7830402943528,1.0
0.0,0.0,0.0,1.0,2.0,3.0,1.0,1.0,0.0,1.0,1.0,1.0,441.83179049653546,0.0
1.0,0.0,0.0,2.0,1.0,1.0,1.0,0.0,0.0,2.0,1.0,1.0,266.21287217419984,1.0
0.0,0.0,0.0,1.0,1.0,3.0,1.0,0.0,0.0,2.0,2.0,1.0,173.9047993880393,0.0
0.0,0.0,0.0,1.0,1.0,1.0,1.0,0.0,0.0,3.0,2.0,1.0,226.8451379303637,0.0
1.0,0.0,0.0,1.0,1.0,1.0,0.0,0.0,0.0,3.0,1.0,1.0,193.95613355178773,1.0
1.0,1.0,0.0,1.0,1.0,2.0,1.0,1.0,1.0,1.0,2.0,1.0,219.73223035032512,1.0
0.0,0.0,0.0,1.0,1.0,1.0,1.0,0.0,0.0,3.0,2.0,1.0,74.86873617971432,0.0
1.0,0.0,0.0,1.0,3.0,3.0,1.0,1.0,1.0,1.0,3.0,1.0,237.60077705625332,1.0
0.0,0.0,0.0,1.0,3.0,3.0,1.0,1.0,1.0,1.0,2.0,1.0,34.13647481004807,0.0
1.0,0.0,0.0,2.0,1.0,1.0,1.0,0.0,0.0,3.0,1.0,1.0,56.3528121782796,1.0
1.0,1.0,0.0,1.0,1.0,3.0,1.0,1.0,1.0,3.0,2.0,1.0,311.9562951382134,1.0
0.0,0.0,0.0,2.0,1.0,1.0,1.0,1.0,0.0,1.0,2.0,1.0,84.3096618563352,1.0
0.0,0.0,0.0,1.0,1.0,2.0,1.0,1.0,0.0,1.0,2.0,1.0,183.68948775894438,0.0
0.0,0.0,0.0,1.0,1.0,3.0,1.0,1.0,0.0,1.0,2.0,1.0,427.68139870125606,1.0
0.0,0.0,0.0,1.0,1.0,1.0,0.0,0.0,0.0,2.0,2.0,1.0,168.3049640619786,0.0
1.0,0.0,0.0,1.0,1.0,1.0,1.0,1.0,0.0,1.0,3.0,1.0,16.010387399064236,0.0
1.0,0.0,0.0,1.0,3.0,3.0,1.0,1.0,0.0,1.0,2.0,1.0,377.0990792097875,1.0
1.0,0.0,0.0,1.0,1.0,1.0,0.0,0.0,0.0,2.0,1.0,1.0,261.39493798189153,1.0
1.0,0.0,0.0,1.0,1.0,1.0,1.0,1.0,0.0,1.0,2.0,1.0,114.16933376378722,1.0
0.0,1.0,0.0,1.0,3.0,3.0,1.0,1.0,0.0,1.0,3.0,1.0,0.0,0.0
0.0,0.0,0.0,1.0,1.0,3.0,1.0,0.0,0.0,1.0,2.0,1.0,206.58923724548316,0.0
0.0,0.0,0.0,3.0,1.0,2.0,1.0,1.0,0.0,1.0,3.0,1.0,175.10944255941055,1.0
0.0,0.0,0.0,1.0,1.0,3.0,1.0,0.0,0.0,1.0,2.0,1.0,307.3206361658017,1.0
0.0,1.0,0.0,1.0,1.0,3.0,1.0,1.0,0.0,1.0,2.0,1.0,399.66058786217036,1.0
0.0,0.0,0.0,1.0,1.0,1.0,1.0,1.0,0.0,1.0,2.0,1.0,0.0,1.0
0.0,0.0,0.0,1.0,1.0,2.0,1.0,0.0,0.0,1.0,3.0,1.0,318.67940533825276,0.0
0.0,0.0,0.0,2.0,1.0,1.0,1.0,1.0,0.0,1.0,3.0,1.0,157.73071909775967,1.0
0.0,0.0,0.0,1.0,1.0,1.0,1.0,1.0,0.0,1.0,2.0,1.0,234.21977611212625,1.0
0.0,0.0,0.0,1.0,3.0,3.0,0.0,0.0,0.0,3.0,1.0,1.0,102.4261134161213,1.0
1.0,0.0,0.0,1.0,1.0,1.0,1.0,1.0,0.0,1.0,2.0,1.0,0.0,0.0
0.0,0.0,0.0,2.0,1.0,1.0,0.0,1.0,1.0,2.0,3.0,1.0,0.0,1.0
0.0,0.0,0.0,1.0,3.0,2.0,1.0,0.0,0.0,1.0,2.0,1.0,341.905219555946,1.0
0.0,0.0,0.0,2.0,1.0,1.0,1.0,1.0,0.0,1.0,2.0,1.0,0.0,1.0
0.0,0.0,0.0,1.0,3.0,3.0,1.0,1.0,0.0,1.0,2.0,1.0,366.47624283472095,0.0
0.0,0.0,0.0,3.0,1.0,1.0,0.0,0.0,0.0,3.0,1.0,1.0,327.20374009213134,1.0
1.0,0.0,0.0,2.0,1.0,1.0,1.0,0.0,0.0,2.0,2.0,1.0,45.650516755680314,0.0
0.0,0.0,0.0,2.0,1.0,1.0,0.0,0.0,0.0,3.0,1.0,1.0,182.56047331421976,1.0
1.0,0.0,0.0,1.0,1.0,2.0,1.0,0.0,0.0,3.0,2.0,1.0,0.0,1.0
1.0,0.0,0.0,1.0,3.0,2.0,1.0,0.0,1.0,1.0,2.0,1.0,36.16682707828867,1.0
1.0,0.0,0.0,1.0,1.0,1.0,1.0,0.0,0.0,1.0,1.0,1.0,108.24505257392445,1.0
0.0,1.0,0.0,2.0,3.0,3.0,1.0,0.0,1.0,3.0,1.0,1.0,411.2146678699406,0.0
0.0,0.0,0.0,1.0,1.0,3.0,0.0,0.0,0.0,3.0,2.0,1.0,0.0,1.0
0.0,1.0,0.0,3.0,1.0,1.0,1.0,0.0,0.0,3.0,4.0,1.0,50.536916675156725,0.0
1.0,1.0,0.0,2.0,2.0,3.0,0.0,0.0,1.0,3.0,1.0,1.0,0.0,1.0
0.0,0.0,0.0,1.0,1.0,3.0,1.0,1.0,1.0,1.0,1.0,1.0,213.84069935062803,1.0
1.0,0.0,0.0,1.0,3.0,3.0,1.0,1.0,0.0,1.0,3.0,1.0,0.0,1.0
0.0,0.0,0.0,2.0,2.0,3.0,1.0,0.0,0.0,3.0,1.0,1.0,354.48431996717187,1.0
0.0,1.0,0.0,1.0,1.0,3.0,0.0,0.0,0.0,3.0,3.0,1.0,524.6225157402072,0.0
0.0,0.0,0.0,2.0,1.0,2.0,0.0,0.0,0.0,2.0,1.0,1.0,1027.9788317657121,1.0
0.0,0.0,0.0,1.0,1.0,1.0,0.0,0.0,0.0,2.0,1.0,1.0,83.23130282644107,0.0
0.0,0.0,0.0,2.0,1.0,2.0,1.0,1.0,1.0,2.0,2.0,1.0,137.50945596089966,0.0
1.0,0.0,0.0,1.0,1.0,2.0,0.0,1.0,1.0,3.0,1.0,1.0,194.58465272725277,1.0
0.0,0.0,0.0,1.0,1.0,1.0,0.0,0.0,0.0,3.0,1.0,1.0,118.3185404319001,1.0
0.0,0.0,0.0,3.0,1.0,1.0,0.0,0.0,0.0,3.0,1.0,1.0,292.3759540938013,1.0
0.0,0.0,0.0,2.0,1.0,2.0,1.0,0.0,0.0,3.0,1.0,1.0,389.6427332938432,0.0
0.0,1.0,0.0,1.0,1.0,2.0,0.0,0.0,0.0,3.0,2.0,1.0,192.60076997578568,1.0
1.0,0.0,0.0,1.0,3.0,2.0,0.0,0.0,0.0,2.0,2.0,1.0,217.2318282803589,1.0
0.0,0.0,0.0,1.0,3.0,3.0,1.0,0.0,1.0,3.0,1.0,1.0,487.62815429068735,1.0
0.0,0.0,0.0,1.0,1.0,1.0,1.0,0.0,1.0,3.0,4.0,1.0,105.387077320419,0.0
0.0,0.0,0.0,3.0,1.0,1.0,1.0,0.0,0.0,2.0,4.0,1.0,24.90593038236464,0.0
0.0,0.0,0.0,2.0,1.0,1.0,1.0,1.0,0.0,1.0,2.0,1.0,0.0,1.0
0.0,0.0,0.0,2.0,1.0,3.0,1.0,1.0,0.0,1.0,2.0,1.0,0.0,0.0
1.0,1.0,0.0,1.0,1.0,3.0,1.0,0.0,1.0,3.0,2.0,1.0,285.1209324675041,0.0
0.0,0.0,0.0,1.0,3.0,3.0,0.0,0.0,0.0,3.0,2.0,1.0,297.02500831822607,0.0
0.0,0.0,0.0,1.0,1.0,1.0,1.0,0.0,0.0,1.0,1.0,1.0,246.41547870684082,1.0
1.0,0.0,0.0,1.0,3.0,3.0,1.0,0.0,0.0,1.0,2.0,1.0,0.0,1.0
1.0,0.0,0.0,1.0,1.0,3.0,1.0,1.0,1.0,1.0,2.0,1.0,101.03986038095171,0.0
1.0,0.0,0.0,1.0,1.0,2.0,1.0,0.0,0.0,3.0,2.0,1.0,60.574790448106256,1.0
0.0,0.0,0.0,1.0,1.0,1.0,1.0,1.0,1.0,1.0,2.0,1.0,46.28981000358682,0.0
1.0,0.0,0.0,1.0,3.0,3.0,1.0,1.0,1.0,1.0,2.0,1.0,142.50674788772216,1.0
1.0,0.0,0.0,1.0,1.0,1.0,1.0,1.0,0.0,1.0,1.0,1.0,102.72258019742574,1.0
1.0,0.0,0.0,1.0,1.0,1.0,1.0,1.0,0.0,1.0,2.0,1.0,308.97718269112664,1.0
1.0,0.0,0.0,2.0,1.0,3.0,0.0,0.0,0.0,2.0,1.0,1.0,263.3213228471252,1.0
0.0,0.0,0.0,1.0,3.0,2.0,1.0,0.0,0.0,3.0,1.0,1.0,344.1760035245979,1.0
0.0,0.0,0.0,1.0,1.0,2.0,0.0,1.0,1.0,2.0,4.0,1.0,259.3376135234375,1.0
0.0,0.0,0.0,1.0,1.0,1.0,0.0,1.0,0.0,2.0,2.0,1.0,0.0,1.0
0.0,1.0,0.0,1.0,3.0,3.0,0.0,1.0,1.0,2.0,3.0,1.0,456.0725311712208,1.0
0.0,0.0,0.0,1.0,1.0,2.0,0.0,0.0,0.0,3.0,2.0,1.0,300.8024050130265,0.0
0.0,0.0,0.0,1.0,1.0,1.0,1.0,0.0,0.0,1.0,2.0,1.0,25.248987274683717,1.0
0.0,0.0,0.0,1.0,1.0,3.0,1.0,0.0,0.0,1.0,2.0,1.0,0.0,0.0
0.0,0.0,0.0,1.0,1.0,1.0,1.0,0.0,0.0,1.0,2.0,1.0,319.25077181985455,1.0
0.0,1.0,0.0,1.0,3.0,3.0,1.0,0.0,0.0,2.0,2.0,1.0,0.0,0.0
1.0,0.0,0.0,1.0,3.0,3.0,0.0,0.0,0.0,3.0,1.0,1.0,295.0219186013834,1.0
0.0,0.0,0.0,1.0,1.0,2.0,0.0,0.0,0.0,2.0,4.0,1.0,0.0,1.0
0.0,1.0,0.0,2.0,1.0,2.0,0.0,0.0,0.0,3.0,4.0,1.0,259.3376135234375,1.0
0.0,0.0,0.0,1.0,3.0,2.0,0.0,0.0,0.0,3.0,1.0,1.0,326.9222208145968,0.0
0.0,0.0,0.0,2.0,1.0,1.0,1.0,0.0,0.0,3.0,1.0,1.0,282.9001681948316,0.0
0.0,0.0,0.0,2.0,3.0,2.0,1.0,0.0,0.0,2.0,2.0,1.0,30.0,0.0
0.0,0.0,0.0,2.0,1.0,3.0,1.0,0.0,0.0,2.0,1.0,1.0,912.1450623424416,1.0
0.0,0.0,0.0,2.0,1.0,2.0,1.0,0.0,0.0,2.0,2.0,1.0,0.0,1.0
0.0,0.0,0.0,1.0,1.0,2.0,0.0,0.0,0.0,3.0,4.0,1.0,83.43713338464191,1.0
0.0,0.0,0.0,1.0,1.0,1.0,1.0,0.0,0.0,2.0,1.0,1.0,470.3247977703214,1.0
1.0,0.0,0.0,1.0,1.0,1.0,1.0,0.0,0.0,3.0,1.0,1.0,424.4210227984544,0.0
1.0,0.0,0.0,1.0,1.0,2.0,1.0,1.0,1.0,1.0,2.0,1.0,0.0,1.0
0.0,1.0,0.0,1.0,1.0,2.0,1.0,1.0,1.0,1.0,2.0,1.0,291.78495248800226,0.0
1.0,1.0,0.0,1.0,3.0,3.0,1.0,1.0,1.0,1.0,2.0,1.0,587.9059972129019,1.0
1.0,0.0,0.0,2.0,1.0,1.0,1.0,1.0,0.0,1.0,2.0,1.0,114.7139328904999,0.0
0.0,0.0,0.0,2.0,1.0,2.0,1.0,1.0,0.0,2.0,2.0,1.0,240.34514120280528,1.0
0.0,0.0,0.0,1.0,1.0,1.0,1.0,0.0,0.0,2.0,2.0,1.0,248.47779696314228,1.0
1.0,0.0,0.0,1.0,1.0,1.0,1.0,0.0,0.0,2.0,2.0,1.0,149.36375395857476,1.0
1.0,0.0,0.0,1.0,1.0,2.0,1.0,0.0,1.0,2.0,2.0,1.0,240.9469894391548,0.0
0.0,0.0,0.0,1.0,1.0,2.0,1.0,0.0,0.0,1.0,2.0,1.0,185.50690287312455,1.0
0.0,0.0,0.0,1.0,1.0,1.0,1.0,0.0,0.0,1.0,2.0,1.0,678.3912522372557,0.0
0.0,1.0,0.0,1.0,1.0,1.0,1.0,0.0,0.0,3.0,4.0,1.0,85.91974220428602,0.0
0.0,0.0,0.0,2.0,1.0,1.0,1.0,0.0,0.0,3.0,4.0,1.0,0.0,1.0
0.0,0.0,0.0,1.0,1.0,1.0,0.0,0.0,0.0,3.0,2.0,1.0,33.811687306967755,1.0
0.0,0.0,0.0,1.0,1.0,2.0,0.0,0.0,0.0,3.0,1.0,1.0,177.54190824858657,0.0
1.0,0.0,0.0,1.0,1.0,1.0,1.0,0.0,0.0,3.0,1.0,1.0,0.0,0.0
1.0,1.0,0.0,1.0,2.0,3.0,1.0,1.0,1.0,1.0,2.0,1.0,159.62538590992727,0.0
1.0,0.0,0.0,2.0,1.0,2.0,1.0,1.0,0.0,2.0,2.0,1.0,65.53792034655733,1.0
0.0,0.0,0.0,2.0,1.0,2.0,1.0,0.0,0.0,3.0,2.0,1.0,240.9335456666896,0.0
1.0,1.0,0.0,1.0,1.0,1.0,1.0,1.0,1.0,1.0,2.0,1.0,237.53777665167746,1.0
0.0,0.0,0.0,3.0,1.0,2.0,1.0,0.0,0.0,3.0,3.0,1.0,125.97680573971759,0.0
0.0,0.0,0.0,1.0,1.0,1.0,1.0,0.0,0.0,3.0,2.0,1.0,249.41466548426143,1.0
1.0,0.0,0.0,1.0,1.0,1.0,1.0,1.0,0.0,1.0,2.0,1.0,62.573577158998766,0.0
0.0,0.0,0.0,3.0,1.0,1.0,1.0,0.0,0.0,1.0,3.0,1.0,98.81571508709783,1.0
1.0,1.0,0.0,1.0,1.0,3.0,1.0,0.0,1.0,1.0,2.0,1.0,0.0,1.0
1.0,1.0,0.0,1.0,1.0,2.0,1.0,1.0,1.0,1.0,3.0,1.0,51.352812178279606,1.0
1.0,0.0,0.0,2.0,1.0,1.0,1.0,0.0,0.0,1.0,3.0,1.0,416.97445816838143,0.0
0.0,0.0,0.0,2.0,1.0,1.0,1.0,1.0,0.0,1.0,2.0,1.0,85.62700032284043,1.0
0.0,1.0,0.0,2.0,3.0,3.0,1.0,1.0,1.0,1.0,2.0,1.0,307.3206361658017,1.0
1.0,0.0,0.0,1.0,2.0,3.0,1.0,0.0,0.0,2.0,2.0,1.0,0.0,1.0
0.0,1.0,0.0,1.0,2.0,3.0,1.0,0.0,0.0,2.0,3.0,1.0,146.00501337099712,1.0
0.0,0.0,0.0,1.0,1.0,3.0,1.0,1.0,0.0,1.0,5.0,1.0,528.7247713524313,0.0
0.0,0.0,0.0,2.0,1.0,1.0,1.0,0.0,0.0,2.0,2.0,1.0,149.3806931914168,1.0
0.0,0.0,0.0,2.0,1.0,2.0,1.0,0.0,0.0,2.0,2.0,1.0,30.0,0.0
1.0,0.0,0.0,1.0,3.0,3.0,1.0,0.0,0.0,1.0,1.0,1.0,219.0524078475994,1.0
1.0,0.0,0.0,1.0,1.0,2.0,1.0,1.0,0.0,1.0,3.0,1.0,315.4305069017509,1.0
0.0,0.0,0.0,1.0,1.0,1.0,0.0,0.0,0.0,2.0,3.0,1.0,65.09390179456958,1.0
0.0,0.0,0.0,1.0,2.0,2.0,0.0,0.0,0.0,3.0,1.0,1.0,375.06044264268394,1.0
1.0,0.0,0.0,1.0,2.0,1.0,0.0,0.0,0.0,3.0,3.0,1.0,215.05098962988106,0.0
0.0,0.0,0.0,2.0,1.0,3.0,1.0,0.0,0.0,3.0,1.0,1.0,240.79084455943342,0.0
1.0,0.0,0.0,2.0,2.0,1.0,1.0,0.0,0.0,3.0,3.0,1.0,54.88910277105156,1.0
1.0,0.0,0.0,3.0,1.0,1.0,1.0,1.0,0.0,1.0,2.0,1.0,0.0,1.0
0.0,0.0,0.0,1.0,1.0,1.0,1.0,0.0,0.0,2.0,1.0,1.0,0.0,1.0
1.0,0.0,0.0,1.0,1.0,3.0,0.0,0.0,0.0,3.0,3.0,1.0,274.14009314438164,1.0
0.0,0.0,0.0,1.0,3.0,2.0,1.0,0.0,0.0,3.0,3.0,1.0,89.18970035512447,1.0
0.0,0.0,0.0,1.0,1.0,1.0,1.0,0.0,0.0,1.0,2.0,1.0,284.3959421838723,0.0
0.0,0.0,0.0,2.0,1.0,1.0,1.0,0.0,0.0,2.0,3.0,1.0,234.21977611212625,1.0
0.0,0.0,0.0,1.0,1.0,1.0,1.0,0.0,0.0,1.0,2.0,1.0,229.0352336310816,0.0
0.0,0.0,0.0,1.0,1.0,1.0,1.0,0.0,0.0,1.0,2.0,1.0,0.0,1.0
1.0,0.0,0.0,1.0,3.0,3.0,1.0,0.0,0.0,3.0,2.0,1.0,138.6681699672666,1.0
0.0,0.0,0.0,1.0,1.0,3.0,1.0,1.0,0.0,1.0,2.0,1.0,0.0,1.0
1.0,0.0,0.0,1.0,1.0,1.0,1.0,0.0,0.0,1.0,2.0,1.0,284.49159444664775,1.0
1.0,0.0,0.0,1.0,1.0,1.0,1.0,0.0,0.0,2.0,3.0,1.0,0.0,1.0
0.0,0.0,0.0,1.0,3.0,3.0,1.0,0.0,0.0,1.0,2.0,1.0,247.0392877177446,1.0
1.0,1.0,0.0,1.0,1.0,2.0,1.0,0.0,0.0,1.0,2.0,1.0,109.66506820155857,1.0
0.0,0.0,0.0,2.0,1.0,1.0,1.0,0.0,0.0,1.0,3.0,1.0,185.27613070702137,1.0
0.0,1.0,0.0,3.0,1.0,3.0,1.0,0.0,0.0,1.0,3.0,1.0,342.0543983784155,0.0
0.0,0.0,0.0,1.0,1.0,1.0,1.0,0.0,0.0,1.0,3.0,1.0,234.21977611212625,1.0
1.0,0.0,0.0,1.0,1.0,3.0,1.0,0.0,0.0,1.0,3.0,1.0,26.156245606789494,1.0
1.0,1.0,0.0,1.0,1.0,3.0,1.0,0.0,0.0,1.0,3.0,1.0,225.77975202503092,0.0
1.0,0.0,0.0,1.0,1.0,1.0,0.0,0.0,0.0,3.0,2.0,1.0,0.0,1.0
0.0,0.0,0.0,1.0,1.0,1.0,0.0,0.0,0.0,3.0,3.0,1.0,0.0,1.0
1.0,0.0,0.0,1.0,1.0,1.0,0.0,0.0,0.0,3.0,3.0,1.0,171.6920652507105,1.0
0.0,0.0,0.0,1.0,1.0,1.0,1.0,1.0,0.0,2.0,3.0,1.0,234.21977611212625,1.0
0.0,0.0,0.0,1.0,1.0,1.0,0.0,0.0,0.0,3.0,1.0,1.0,815.6097099111998,0.0
1.0,0.0,0.0,1.0,1.0,3.0,0.0,0.0,0.0,3.0,1.0,1.0,27.43623333967614,0.0
1.0,0.0,0.0,1.0,1.0,2.0,0.0,0.0,0.0,3.0,3.0,1.0,115.10410315799538,1.0
0.0,0.0,0.0,1.0,1.0,2.0,1.0,0.0,0.0,1.0,2.0,1.0,0.0,1.0
0.0,0.0,0.0,1.0,1.0,3.0,1.0,0.0,0.0,2.0,2.0,1.0,345.8550028048425,0.0
0.0,0.0,0.0,2.0,1.0,1.0,1.0,0.0,0.0,3.0,2.0,1.0,168.3049640619786,0.0
1.0,0.0,0.0,1.0,3.0,2.0,1.0,0.0,0.0,3.0,2.0,1.0,79.91344198681678,1.0
0.0,0.0,0.0,1.0,1.0,1.0,0.0,0.0,0.0,3.0,2.0,1.0,0.0,1.0
1.0,0.0,0.0,1.0,1.0,1.0,0.0,0.0,0.0,3.0,3.0,1.0,327.78323165794217,1.0
1.0,0.0,0.0,1.0,1.0,1.0,1.0,0.0,0.0,3.0,1.0,1.0,0.0,0.0
0.0,0.0,0.0,1.0,3.0,3.0,1.0,1.0,1.0,1.0,2.0,1.0,418.06648690695243,1.0
0.0,0.0,0.0,1.0,1.0,2.0,0.0,0.0,0.0,3.0,2.0,1.0,30.0,0.0
0.0,0.0,0.0,2.0,1.0,2.0,0.0,0.0,0.0,3.0,2.0,1.0,0.0,1.0
0.0,0.0,0.0,1.0,1.0,1.0,1.0,0.0,0.0,3.0,1.0,1.0,19.691465619114748,0.0
1.0,0.0,0.0,1.0,1.0,1.0,0.0,0.0,0.0,3.0,3.0,1.0,68.73386175132514,1.0
1.0,0.0,0.0,1.0,1.0,1.0,0.0,0.0,0.0,2.0,3.0,1.0,0.0,0.0
1.0,0.0,0.0,1.0,1.0,1.0,1.0,0.0,0.0,3.0,2.0,1.0,176.92587459868952,1.0
0.0,0.0,0.0,2.0,1.0,3.0,1.0,0.0,0.0,3.0,2.0,1.0,392.5165414479648,1.0
0.0,0.0,0.0,1.0,1.0,1.0,1.0,1.0,0.0,1.0,2.0,1.0,0.0,1.0
0.0,0.0,0.0,1.0,1.0,1.0,1.0,1.0,1.0,3.0,1.0,1.0,312.1246385203042,0.0
0.0,0.0,0.0,1.0,1.0,3.0,1.0,0.0,0.0,1.0,1.0,1.0,268.2066362610665,1.0
1.0,0.0,0.0,3.0,1.0,1.0,1.0,1.0,0.0,1.0,2.0,1.0,27.473594573172605,1.0
0.0,0.0,0.0,2.0,2.0,2.0,1.0,1.0,1.0,2.0,4.0,1.0,422.56799797301954,1.0
0.0,0.0,0.0,1.0,3.0,2.0,0.0,1.0,0.0,3.0,2.0,1.0,224.7385890268755,1.0
0.0,0.0,0.0,1.0,1.0,3.0,1.0,0.0,0.0,3.0,1.0,1.0,197.63143017419566,0.0
1.0,0.0,0.0,1.0,1.0,1.0,1.0,0.0,0.0,2.0,2.0,1.0,0.0,1.0
0.0,0.0,0.0,2.0,1.0,2.0,1.0,1.0,0.0,1.0,2.0,1.0,0.0,1.0
1.0,0.0,0.0,1.0,3.0,3.0,1.0,0.0,0.0,1.0,2.0,1.0,237.53777665167746,0.0
1.0,1.0,0.0,1.0,1.0,3.0,1.0,0.0,0.0,2.0,2.0,1.0,0.0,1.0
0.0,0.0,0.0,1.0,1.0,1.0,0.0,0.0,0.0,2.0,2.0,1.0,186.42134812693254,1.0
0.0,0.0,0.0,2.0,1.0,1.0,1.0,0.0,0.0,2.0,1.0,1.0,332.55288731234845,0.0
0.0,0.0,0.0,1.0,1.0,1.0,1.0,1.0,0.0,1.0,3.0,1.0,0.0,1.0
1.0,1.0,0.0,1.0,1.0,3.0,1.0,1.0,1.0,1.0,2.0,1.0,131.73384665052376,1.0
1.0,0.0,0.0,1.0,1.0,3.0,0.0,0.0,0.0,3.0,2.0,1.0,370.5589315766168,1.0
1.0,1.0,0.0,1.0,3.0,2.0,1.0,1.0,1.0,1.0,2.0,1.0,132.3870829847932,1.0
1.0,1.0,0.0,1.0,1.0,3.0,1.0,1.0,1.0,1.0,2.0,1.0,367.6189126812456,1.0
0.0,0.0,0.0,2.0,1.0,3.0,1.0,0.0,0.0,2.0,2.0,1.0,0.0,0.0
1.0,1.0,0.0,1.0,1.0,1.0,0.0,0.0,0.0,3.0,2.0,1.0,171.6920652507105,1.0
0.0,0.0,0.0,3.0,1.0,1.0,0.0,0.0,0.0,3.0,2.0,1.0,266.7610394673106,1.0
0.0,0.0,0.0,1.0,1.0,1.0,1.0,0.0,0.0,2.0,1.0,1.0,459.6660765026196,0.0
1.0,0.0,0.0,1.0,1.0,1.0,0.0,0.0,0.0,3.0,1.0,1.0,0.0,1.0
0.0,0.0,0.0,1.0,1.0,1.0,0.0,0.0,0.0,3.0,2.0,1.0,229.0352336310816,0.0
0.0,0.0,0.0,1.0,3.0,3.0,1.0,0.0,0.0,3.0,2.0,1.0,78.73790604835014,1.0
0.0,0.0,0.0,1.0,1.0,1.0,0.0,0.0,0.0,3.0,2.0,1.0,0.0,1.0
0.0,0.0,0.0,1.0,1.0,1.0,0.0,0.0,0.0,3.0,1.0,1.0,230.17581590101815,1.0
0.0,0.0,0.0,1.0,1.0,1.0,1.0,0.0,0.0,2.0,1.0,1.0,100.67792830694354,0.0
1.0,1.0,0.0,1.0,1.0,3.0,1.0,1.0,1.0,1.0,1.0,1.0,269.3938994933081,1.0
1.0,1.0,0.0,1.0,1.0,2.0,1.0,1.0,1.0,1.0,2.0,1.0,78.57685595238063,0.0
1.0,0.0,0.0,1.0,1.0,2.0,0.0,0.0,0.0,3.0,1.0,1.0,226.80830363473672,0.0
0.0,0.0,0.0,1.0,3.0,3.0,1.0,1.0,0.0,1.0,2.0,1.0,150.53102546001554,0.0
0.0,1.0,0.0,1.0,1.0,2.0,1.0,1.0,0.0,1.0,3.0,1.0,0.0,1.0
1.0,0.0,0.0,1.0,1.0,2.0,1.0,0.0,0.0,2.0,3.0,1.0,0.0,1.0
0.0,0.0,0.0,1.0,1.0,3.0,1.0,0.0,0.0,3.0,6.0,1.0,361.0574205105497,1.0
1.0,0.0,0.0,2.0,1.0,1.0,1.0,0.0,1.0,3.0,4.0,1.0,51.737901269034424,1.0
1.0,0.0,0.0,1.0,3.0,3.0,0.0,0.0,0.0,3.0,3.0,1.0,340.5341566078449,1.0
1.0,0.0,0.0,1.0,1.0,3.0,1.0,1.0,1.0,1.0,3.0,1.0,185.55817958088164,0.0
0.0,0.0,0.0,1.0,1.0,2.0,1.0,1.0,1.0,1.0,2.0,1.0,104.08467608650167,1.0
0.0,1.0,0.0,1.0,3.0,2.0,1.0,1.0,0.0,2.0,1.0,1.0,235.98284879418964,1.0
0.0,0.0,0.0,1.0,1.0,1.0,1.0,0.0,0.0,1.0,3.0,1.0,168.3049640619786,0.0
0.0,0.0,0.0,2.0,1.0,2.0,1.0,0.0,0.0,3.0,1.0,1.0,374.19229706307914,1.0
0.0,1.0,0.0,2.0,1.0,1.0,0.0,0.0,0.0,3.0,2.0,1.0,229.0352336310816,0.0
0.0,0.0,0.0,1.0,1.0,2.0,0.0,0.0,0.0,2.0,2.0,1.0,112.68748637560743,1.0
0.0,0.0,0.0,1.0,1.0,1.0,1.0,1.0,0.0,1.0,2.0,1.0,530.2562954493407,0.0
1.0,0.0,0.0,1.0,3.0,2.0,1.0,1.0,1.0,1.0,2.0,1.0,307.71470987022474,0.0
1.0,1.0,0.0,1.0,1.0,3.0,1.0,1.0,1.0,1.0,2.0,1.0,125.03737611245543,1.0
0.0,0.0,0.0,1.0,1.0,2.0,1.0,1.0,0.0,1.0,3.0,1.0,52.633557909604136,1.0
0.0,0.0,0.0,1.0,1.0,3.0,1.0,1.0,1.0,1.0,2.0,1.0,211.39893490921116,1.0
0.0,0.0,0.0,2.0,1.0,2.0,0.0,0.0,0.0,3.0,1.0,1.0,0.0,1.0
0.0,0.0,0.0,2.0,1.0,1.0,0.0,0.0,0.0,3.0,2.0,1.0,128.9015689475375,0.0
1.0,0.0,0.0,2.0,1.0,2.0,1.0,1.0,1.0,1.0,2.0,1.0,91.82437728813494,1.0
0.0,0.0,0.0,1.0,1.0,1.0,1.0,1.0,0.0,1.0,2.0,1.0,572.6440846940795,0.0
0.0,1.0,0.0,1.0,1.0,3.0,1.0,0.0,0.0,3.0,2.0,1.0,107.9616938692503,1.0
1.0,0.0,0.0,1.0,1.0,3.0,0.0,1.0,1.0,2.0,5.0,1.0,237.53777665167746,1.0
1.0,0.0,0.0,1.0,1.0,1.0,0.0,1.0,0.0,2.0,2.0,1.0,131.2802437375776,0.0
1.0,1.0,0.0,1.0,3.0,3.0,0.0,0.0,0.0,3.0,2.0,1.0,3.16161231961257,1.0
0.0,0.0,0.0,1.0,3.0,3.0,1.0,0.0,0.0,3.0,1.0,1.0,272.433534762439,0.0
0.0,0.0,0.0,1.0,1.0,1.0,0.0,1.0,0.0,2.0,2.0,1.0,234.21977611212625,1.0
1.0,1.0,0.0,1.0,1.0,2.0,1.0,0.0,0.0,2.0,2.0,1.0,189.76561431177262,0.0
0.0,0.0,0.0,3.0,1.0,3.0,1.0,1.0,0.0,1.0,2.0,1.0,0.0,0.0
1.0,1.0,0.0,2.0,1.0,3.0,1.0,0.0,1.0,1.0,2.0,1.0,0.0,1.0
0.0,0.0,0.0,2.0,3.0,3.0,1.0,0.0,0.0,3.0,1.0,1.0,624.7984375597304,1.0
1.0,0.0,0.0,2.0,1.0,3.0,1.0,1.0,1.0,2.0,2.0,1.0,309.9031917430594,1.0
0.0,0.0,0.0,2.0,3.0,3.0,0.0,1.0,0.0,2.0,2.0,1.0,375.2578167757913,1.0
1.0,1.0,0.0,1.0,2.0,2.0,1.0,1.0,1.0,1.0,3.0,1.0,527.0846196997576,1.0
1.0,1.0,0.0,1.0,3.0,3.0,1.0,1.0,1.0,1.0,5.0,1.0,0.0,0.0
1.0,0.0,0.0,1.0,1.0,3.0,1.0,0.0,0.0,1.0,3.0,1.0,380.06044264268394,1.0
0.0,0.0,0.0,1.0,1.0,3.0,0.0,0.0,0.0,3.0,1.0,1.0,154.15224607849885,1.0
0.0,0.0,0.0,1.0,1.0,1.0,0.0,0.0,0.0,3.0,1.0,1.0,562.9547393526404,0.0
1.0,0.0,0.0,2.0,1.0,1.0,1.0,0.0,0.0,2.0,1.0,1.0,122.1172758450355,1.0
0.0,0.0,0.0,1.0,1.0,1.0,1.0,1.0,0.0,1.0,3.0,1.0,0.0,1.0
0.0,0.0,0.0,1.0,1.0,1.0,1.0,0.0,0.0,1.0,3.0,1.0,234.21977611212625,1.0
1.0,0.0,0.0,1.0,1.0,1.0,1.0,1.0,1.0,2.0,3.0,1.0,181.17757005411812,0.0
1.0,0.0,0.0,1.0,3.0,3.0,0.0,0.0,0.0,3.0,1.0,1.0,348.89548634598395,1.0
0.0,0.0,0.0,1.0,1.0,1.0,0.0,0.0,0.0,3.0,1.0,1.0,312.31545099678397,1.0
0.0,0.0,0.0,1.0,1.0,1.0,1.0,0.0,0.0,3.0,3.0,1.0,96.30241893508664,0.0
0.0,1.0,0.0,1.0,1.0,2.0,1.0,0.0,0.0,1.0,1.0,1.0,394.06346477481816,1.0
1.0,1.0,0.0,1.0,1.0,1.0,1.0,1.0,1.0,2.0,2.0,1.0,244.71391652093826,1.0
1.0,0.0,0.0,1.0,1.0,1.0,1.0,1.0,0.0,2.0,3.0,1.0,0.0,0.0
1.0,0.0,0.0,1.0,1.0,3.0,1.0,0.0,0.0,1.0,1.0,1.0,293.19219784105076,1.0
0.0,1.0,0.0,1.0,1.0,2.0,1.0,0.0,1.0,1.0,1.0,1.0,194.3957893279765,1.0
1.0,0.0,0.0,1.0,3.0,2.0,1.0,0.0,0.0,1.0,2.0,1.0,375.06044264268394,1.0
0.0,0.0,0.0,2.0,1.0,1.0,1.0,0.0,0.0,3.0,2.0,1.0,234.21977611212625,1.0
0.0,0.0,0.0,1.0,1.0,1.0,0.0,0.0,0.0,3.0,1.0,1.0,120.7560260963134,0.0
0.0,0.0,0.0,3.0,1.0,1.0,0.0,1.0,0.0,2.0,3.0,1.0,380.06044264268394,1.0
1.0,1.0,0.0,2.0,2.0,1.0,1.0,1.0,1.0,2.0,3.0,1.0,369.8463182466618,1.0
0.0,0.0,0.0,1.0,3.0,3.0,1.0,0.0,0.0,3.0,1.0,1.0,152.15259288135488,0.0
0.0,0.0,0.0,1.0,1.0,1.0,1.0,0.0,0.0,3.0,1.0,1.0,138.16310097679175,1.0
1.0,0.0,0.0,1.0,1.0,1.0,1.0,1.0,0.0,1.0,2.0,1.0,2.481100321156477,0.0
0.0,0.0,0.0,1.0,1.0,3.0,1.0,1.0,0.0,1.0,2.0,1.0,283.0587169809013,1.0
1.0,1.0,0.0,2.0,1.0,3.0,1.0,0.0,0.0,3.0,1.0,1.0,616.9024747436708,1.0
1.0,1.0,0.0,1.0,1.0,3.0,1.0,1.0,1.0,1.0,2.0,1.0,130.61112693590587,0.0
1.0,0.0,0.0,1.0,1.0,1.0,1.0,1.0,0.0,2.0,2.0,1.0,171.6920652507105,1.0
0.0,0.0,0.0,3.0,1.0,1.0,1.0,1.0,0.0,3.0,2.0,1.0,387.9798035409204,0.0
1.0,1.0,0.0,1.0,2.0,1.0,1.0,1.0,1.0,3.0,1.0,1.0,255.0452426726392,1.0
0.0,0.0,0.0,2.0,3.0,3.0,0.0,0.0,0.0,3.0,2.0,1.0,32.93346166263093,1.0
0.0,0.0,0.0,1.0,3.0,3.0,0.0,0.0,0.0,2.0,2.0,1.0,297.02500831822607,0.0
0.0,0.0,0.0,1.0,1.0,1.0,1.0,0.0,0.0,1.0,2.0,1.0,78.85734431441071,0.0
1.0,0.0,0.0,3.0,1.0,1.0,1.0,0.0,0.0,1.0,2.0,1.0,161.4828478480291,1.0
0.0,0.0,0.0,1.0,1.0,1.0,1.0,0.0,0.0,2.0,2.0,1.0,0.0,1.0
0.0,0.0,0.0,1.0,1.0,2.0,1.0,0.0,0.0,1.0,2.0,1.0,0.0,1.0
1.0,0.0,0.0,1.0,3.0,3.0,1.0,1.0,0.0,1.0,3.0,1.0,341.96367779582624,0.0
1.0,0.0,0.0,1.0,3.0,3.0,0.0,0.0,0.0,3.0,2.0,1.0,0.0,1.0
1.0,0.0,0.0,1.0,1.0,2.0,1.0,0.0,0.0,1.0,2.0,1.0,320.66912612645234,0.0
0.0,0.0,0.0,1.0,1.0,2.0,1.0,0.0,0.0,1.0,2.0,1.0,116.67084447583096,1.0
1.0,0.0,0.0,1.0,1.0,2.0,1.0,0.0,0.0,1.0,3.0,1.0,178.27216788836944,1.0
0.0,0.0,0.0,1.0,1.0,1.0,0.0,0.0,0.0,3.0,2.0,1.0,242.73461442791512,0.0
0.0,0.0,0.0,1.0,2.0,3.0,1.0,0.0,0.0,3.0,1.0,1.0,126.2963195065752,1.0
1.0,0.0,0.0,2.0,1.0,1.0,1.0,0.0,0.0,1.0,2.0,1.0,125.82518567634808,1.0
0.0,0.0,0.0,1.0,1.0,1.0,1.0,0.0,0.0,1.0,2.0,1.0,481.7112547001335,0.0
0.0,0.0,0.0,1.0,1.0,2.0,1.0,0.0,0.0,1.0,6.0,1.0,0.0,1.0
0.0,0.0,0.0,3.0,1.0,1.0,1.0,0.0,0.0,1.0,2.0,1.0,0.0,1.0
1.0,1.0,0.0,1.0,1.0,3.0,1.0,1.0,1.0,1.0,2.0,1.0,249.28437434744427,1.0
1.0,1.0,0.0,2.0,1.0,3.0,1.0,1.0,1.0,2.0,2.0,1.0,0.0,0.0
1.0,0.0,0.0,1.0,1.0,1.0,0.0,1.0,0.0,3.0,2.0,1.0,417.01933617932934,0.0
0.0,1.0,0.0,1.0,1.0,2.0,1.0,1.0,1.0,1.0,3.0,1.0,412.9556061948989,1.0
1.0,0.0,0.0,1.0,1.0,1.0,0.0,0.0,0.0,3.0,2.0,1.0,0.0,1.0
0.0,0.0,0.0,1.0,1.0,1.0,1.0,0.0,0.0,3.0,2.0,1.0,399.24835793694535,1.0
0.0,0.0,0.0,2.0,1.0,1.0,0.0,0.0,0.0,2.0,2.0,1.0,0.0,1.0
0.0,0.0,0.0,1.0,1.0,1.0,0.0,0.0,0.0,3.0,1.0,1.0,80.01668301674732,0.0
0.0,0.0,0.0,1.0,1.0,1.0,1.0,0.0,0.0,3.0,2.0,1.0,593.4495340912817,1.0
0.0,0.0,0.0,3.0,1.0,1.0,0.0,0.0,0.0,2.0,2.0,1.0,611.7350236125337,0.0
1.0,1.0,0.0,1.0,2.0,3.0,1.0,1.0,1.0,2.0,2.0,1.0,552.0943043025404,1.0
0.0,0.0,0.0,1.0,2.0,2.0,1.0,0.0,0.0,2.0,3.0,1.0,20.983886999747828,1.0
0.0,0.0,0.0,1.0,1.0,1.0,1.0,0.0,0.0,2.0,3.0,1.0,367.13846319468314,0.0
0.0,0.0,0.0,1.0,1.0,3.0,1.0,0.0,0.0,2.0,6.0,1.0,509.97302108810334,1.0
0.0,0.0,0.0,1.0,1.0,2.0,0.0,0.0,0.0,3.0,4.0,1.0,251.47275834686974,1.0
1.0,1.0,0.0,1.0,1.0,2.0,1.0,1.0,1.0,1.0,3.0,1.0,30.0,0.0
1.0,0.0,0.0,1.0,1.0,1.0,0.0,0.0,0.0,3.0,2.0,1.0,350.42386566998766,0.0
1.0,0.0,0.0,1.0,1.0,1.0,1.0,0.0,0.0,1.0,2.0,1.0,0.0,0.0
0.0,0.0,0.0,1.0,1.0,1.0,1.0,0.0,0.0,1.0,3.0,1.0,0.0,1.0
1.0,1.0,0.0,1.0,3.0,3.0,1.0,0.0,0.0,2.0,2.0,1.0,47.88755670999937,1.0
1.0,1.0,0.0,1.0,2.0,3.0,1.0,0.0,1.0,2.0,1.0,1.0,0.0,1.0
0.0,0.0,0.0,1.0,1.0,1.0,1.0,0.0,0.0,3.0,4.0,1.0,0.0,0.0
0.0,0.0,0.0,1.0,1.0,1.0,1.0,0.0,0.0,2.0,2.0,1.0,276.7741663236098,1.0
1.0,0.0,0.0,1.0,1.0,1.0,1.0,0.0,0.0,1.0,2.0,1.0,0.0,1.0
0.0,0.0,0.0,2.0,1.0,1.0,1.0,1.0,0.0,1.0,2.0,1.0,417.9556061948989,1.0
0.0,0.0,0.0,1.0,1.0,2.0,1.0,0.0,0.0,3.0,1.0,1.0,578.4405917946921,0.0
1.0,0.0,0.0,1.0,1.0,2.0,0.0,0.0,0.0,3.0,1.0,1.0,407.3271271547481,0.0
0.0,0.0,0.0,1.0,1.0,1.0,1.0,0.0,0.0,1.0,2.0,1.0,160.27618009147056,1.0
0.0,0.0,0.0,1.0,1.0,3.0,1.0,0.0,0.0,1.0,2.0,1.0,320.7170274912543,0.0
1.0,0.0,0.0,1.0,1.0,1.0,0.0,0.0,0.0,3.0,2.0,1.0,171.6920652507105,1.0
0.0,0.0,0.0,1.0,1.0,2.0,1.0,0.0,0.0,1.0,2.0,1.0,379.6991190696148,1.0
0.0,0.0,0.0,1.0,1.0,1.0,1.0,0.0,0.0,3.0,2.0,1.0,163.93545360954067,1.0
1.0,0.0,0.0,1.0,3.0,3.0,0.0,1.0,1.0,2.0,2.0,1.0,81.49719778388636,1.0
0.0,0.0,0.0,1.0,1.0,2.0,1.0,1.0,0.0,2.0,1.0,1.0,209.02078600767672,1.0
1.0,0.0,0.0,1.0,3.0,3.0,1.0,0.0,0.0,2.0,2.0,1.0,426.44726201887363,1.0
1.0,0.0,0.0,1.0,1.0,3.0,1.0,1.0,0.0,1.0,2.0,1.0,192.72579864695894,1.0
0.0,0.0,0.0,1.0,1.0,3.0,1.0,0.0,0.0,3.0,2.0,1.0,0.0,1.0
1.0,1.0,0.0,1.0,1.0,3.0,1.0,1.0,1.0,1.0,1.0,1.0,505.7328103372867,0.0
0.0,1.0,0.0,1.0,3.0,3.0,1.0,1.0,1.0,1.0,2.0,1.0,0.0,1.0
0.0,0.0,0.0,3.0,1.0,1.0,1.0,0.0,0.0,1.0,3.0,1.0,333.5384507629661,0.0
0.0,0.0,0.0,1.0,1.0,1.0,1.0,0.0,0.0,1.0,3.0,1.0,0.0,0.0
1.0,0.0,0.0,1.0,1.0,3.0,1.0,0.0,0.0,1.0,2.0,1.0,65.70225601694871,1.0
0.0,0.0,0.0,1.0,1.0,2.0,0.0,1.0,0.0,2.0,3.0,1.0,30.0,0.0
0.0,0.0,0.0,2.0,1.0,1.0,0.0,0.0,0.0,3.0,2.0,1.0,0.0,1.0
0.0,0.0,0.0,1.0,1.0,1.0,0.0,0.0,0.0,2.0,6.0,1.0,478.17190770029265,1.0
0.0,0.0,0.0,2.0,1.0,1.0,0.0,0.0,0.0,3.0,3.0,1.0,0.0,0.0
0.0,0.0,0.0,1.0,3.0,2.0,1.0,0.0,0.0,3.0,1.0,1.0,70.08829259079853,1.0
1.0,0.0,0.0,1.0,1.0,3.0,1.0,0.0,0.0,1.0,2.0,1.0,0.0,1.0
0.0,0.0,0.0,1.0,2.0,2.0,0.0,0.0,1.0,3.0,1.0,1.0,0.0,1.0
0.0,0.0,0.0,1.0,1.0,3.0,0.0,0.0,0.0,2.0,3.0,1.0,1015.9919372657369,1.0
0.0,0.0,0.0,1.0,1.0,3.0,0.0,0.0,0.0,2.0,3.0,1.0,69.67256778405479,1.0
1.0,1.0,0.0,1.0,1.0,2.0,1.0,0.0,0.0,2.0,6.0,1.0,28.372574484799344,1.0
1.0,0.0,0.0,1.0,3.0,3.0,1.0,0.0,0.0,1.0,1.0,1.0,147.69027420477482,0.0
1.0,1.0,0.0,1.0,3.0,3.0,1.0,0.0,1.0,2.0,5.0,1.0,384.7091375203047,0.0
0.0,0.0,0.0,1.0,1.0,1.0,1.0,0.0,0.0,2.0,3.0,1.0,575.4114513626174,0.0
0.0,0.0,0.0,2.0,1.0,1.0,0.0,1.0,0.0,3.0,2.0,1.0,65.39956007385483,0.0
1.0,0.0,0.0,1.0,1.0,3.0,1.0,0.0,0.0,2.0,5.0,1.0,384.7091375203047,1.0
0.0,0.0,0.0,1.0,1.0,2.0,0.0,0.0,0.0,2.0,2.0,1.0,238.42757101358148,1.0
0.0,1.0,0.0,1.0,1.0,2.0,1.0,0.0,0.0,1.0,3.0,1.0,374.9596419953626,1.0
0.0,0.0,0.0,1.0,1.0,2.0,1.0,0.0,0.0,1.0,2.0,1.0,271.3138603896644,0.0
1.0,0.0,0.0,2.0,1.0,1.0,1.0,0.0,0.0,1.0,3.0,1.0,165.3510568553092,0.0
1.0,0.0,0.0,1.0,3.0,3.0,1.0,0.0,0.0,2.0,2.0,1.0,263.47966047020026,1.0
1.0,0.0,0.0,1.0,1.0,2.0,1.0,1.0,0.0,1.0,3.0,1.0,177.37246960595013,1.0
1.0,0.0,0.0,1.0,3.0,2.0,1.0,0.0,0.0,3.0,1.0,1.0,119.88860328287205,1.0
0.0,0.0,0.0,1.0,1.0,1.0,1.0,0.0,0.0,3.0,1.0,1.0,114.03829292226946,0.0
0.0,1.0,0.0,2.0,1.0,3.0,0.0,0.0,0.0,3.0,2.0,1.0,0.0,0.0
0.0,0.0,0.0,2.0,1.0,3.0,1.0,1.0,0.0,2.0,1.0,1.0,0.0,1.0
1.0,0.0,0.0,2.0,1.0,1.0,1.0,1.0,1.0,1.0,2.0,1.0,228.23528386707758,1.0
1.0,1.0,0.0,1.0,1.0,1.0,1.0,1.0,1.0,1.0,2.0,1.0,168.3049640619786,0.0
0.0,0.0,0.0,1.0,3.0,3.0,1.0,0.0,0.0,2.0,1.0,1.0,281.1701350765684,1.0
0.0,0.0,0.0,1.0,1.0,1.0,1.0,0.0,0.0,3.0,2.0,1.0,213.72729862239152,1.0
0.0,0.0,0.0,1.0,1.0,1.0,1.0,0.0,0.0,3.0,2.0,1.0,183.9278026011872,0.0
0.0,0.0,0.0,3.0,2.0,3.0,1.0,1.0,0.0,1.0,1.0,1.0,455.9515703944352,0.0
0.0,0.0,0.0,1.0,1.0,2.0,1.0,1.0,0.0,1.0,2.0,1.0,336.96367779582624,1.0
0.0,1.0,0.0,2.0,1.0,3.0,1.0,1.0,0.0,1.0,2.0,1.0,16.65877706649312,0.0
0.0,0.0,0.0,1.0,1.0,1.0,1.0,1.0,0.0,1.0,2.0,1.0,0.0,1.0
0.0,0.0,0.0,1.0,3.0,3.0,1.0,1.0,0.0,1.0,1.0,1.0,1260.4430431576932,1.0
0.0,0.0,0.0,1.0,1.0,1.0,1.0,1.0,0.0,1.0,2.0,1.0,0.0,0.0
0.0,0.0,0.0,1.0,1.0,1.0,0.0,0.0,0.0,2.0,2.0,1.0,384.55399043172827,1.0
0.0,0.0,0.0,1.0,3.0,3.0,1.0,0.0,0.0,2.0,1.0,1.0,575.4196501372078,1.0
0.0,0.0,0.0,3.0,1.0,1.0,0.0,0.0,0.0,2.0,2.0,1.0,0.0,0.0
1.0,0.0,0.0,1.0,3.0,2.0,0.0,0.0,0.0,2.0,2.0,1.0,61.66003447834254,0.0
0.0,0.0,0.0,1.0,1.0,3.0,1.0,1.0,0.0,1.0,2.0,1.0,307.3206361658017,1.0
1.0,1.0,0.0,2.0,1.0,1.0,1.0,0.0,0.0,2.0,2.0,1.0,169.30644813131025,1.0
1.0,0.0,0.0,1.0,1.0,2.0,1.0,0.0,0.0,1.0,1.0,1.0,51.26133034032783,1.0
0.0,0.0,0.0,2.0,1.0,1.0,0.0,0.0,0.0,3.0,1.0,1.0,0.0,1.0
1.0,0.0,0.0,2.0,1.0,2.0,1.0,1.0,0.0,1.0,2.0,1.0,29.305689231907223,1.0
0.0,0.0,0.0,1.0,1.0,1.0,1.0,0.0,0.0,1.0,3.0,1.0,140.15017574208497,0.0
1.0,0.0,0.0,1.0,1.0,1.0,0.0,0.0,0.0,3.0,1.0,1.0,159.77493312114225,1.0
0.0,0.0,0.0,2.0,1.0,1.0,1.0,0.0,0.0,3.0,1.0,1.0,0.0,1.0
0.0,1.0,0.0,1.0,2.0,2.0,1.0,0.0,0.0,3.0,2.0,1.0,961.2635852104999,0.0
0.0,0.0,0.0,2.0,1.0,1.0,0.0,0.0,0.0,3.0,1.0,1.0,190.17548975555343,0.0
0.0,0.0,0.0,1.0,1.0,1.0,0.0,0.0,0.0,3.0,1.0,1.0,156.43394289749696,0.0
0.0,0.0,0.0,3.0,1.0,2.0,1.0,0.0,0.0,1.0,3.0,1.0,308.95783480276646,1.0
0.0,0.0,0.0,1.0,3.0,3.0,1.0,1.0,0.0,1.0,2.0,1.0,362.99993299255436,0.0
0.0,1.0,0.0,1.0,1.0,3.0,1.0,0.0,0.0,2.0,3.0,1.0,248.5463624053513,1.0
0.0,0.0,0.0,2.0,1.0,2.0,1.0,0.0,0.0,2.0,1.0,1.0,431.8803905720182,0.0
1.0,0.0,0.0,1.0,1.0,2.0,1.0,1.0,0.0,2.0,3.0,1.0,133.246402312348,0.0
0.0,0.0,0.0,1.0,1.0,2.0,1.0,1.0,0.0,2.0,3.0,1.0,11.867290556188028,1.0
1.0,1.0,0.0,1.0,1.0,2.0,0.0,0.0,0.0,3.0,3.0,1.0,260.9717493967538,1.0
0.0,0.0,0.0,1.0,1.0,1.0,1.0,1.0,1.0,1.0,1.0,1.0,23.232121189010645,1.0
1.0,0.0,0.0,1.0,3.0,2.0,1.0,1.0,1.0,1.0,2.0,1.0,590.44047194316,0.0
0.0,0.0,0.0,1.0,1.0,1.0,1.0,0.0,0.0,2.0,2.0,1.0,0.0,1.0
1.0,0.0,0.0,2.0,3.0,2.0,1.0,0.0,0.0,3.0,2.0,1.0,36.53427694082073,1.0
0.0,0.0,0.0,1.0,1.0,2.0,1.0,0.0,0.0,3.0,2.0,1.0,0.0,1.0
0.0,0.0,0.0,1.0,1.0,1.0,1.0,1.0,0.0,1.0,6.0,1.0,272.84577526769084,0.0
0.0,0.0,0.0,1.0,1.0,1.0,1.0,0.0,0.0,1.0,2.0,1.0,0.0,1.0
0.0,0.0,0.0,1.0,1.0,1.0,1.0,1.0,0.0,1.0,2.0,1.0,173.82156114919968,1.0
1.0,0.0,0.0,1.0,1.0,2.0,1.0,0.0,0.0,2.0,2.0,1.0,21.639511211550357,1.0
0.0,1.0,0.0,1.0,1.0,3.0,1.0,1.0,0.0,1.0,2.0,1.0,199.16129000850304,1.0
1.0,0.0,0.0,1.0,3.0,2.0,0.0,1.0,1.0,2.0,2.0,1.0,83.95236513238665,1.0
1.0,1.0,0.0,1.0,3.0,3.0,1.0,1.0,1.0,2.0,2.0,1.0,250.58175848618595,0.0
1.0,0.0,0.0,1.0,1.0,2.0,1.0,1.0,0.0,2.0,2.0,1.0,93.80038498789283,1.0
0.0,0.0,0.0,1.0,1.0,1.0,0.0,0.0,0.0,3.0,1.0,1.0,341.96367779582624,0.0
1.0,0.0,0.0,1.0,1.0,1.0,1.0,0.0,0.0,3.0,4.0,1.0,171.6920652507105,1.0
1.0,0.0,0.0,1.0,1.0,3.0,1.0,1.0,0.0,1.0,2.0,1.0,315.09205161136106,1.0
1.0,0.0,0.0,1.0,1.0,1.0,1.0,0.0,0.0,1.0,2.0,1.0,210.41127231048108,0.0
0.0,0.0,0.0,1.0,1.0,2.0,1.0,0.0,0.0,3.0,2.0,1.0,71.39114096652605,1.0
0.0,0.0,0.0,1.0,1.0,1.0,1.0,1.0,0.0,1.0,3.0,1.0,0.0,1.0
0.0,0.0,0.0,1.0,1.0,3.0,1.0,1.0,1.0,1.0,3.0,1.0,303.887073078433,1.0
1.0,0.0,0.0,1.0,3.0,2.0,1.0,0.0,0.0,3.0,3.0,1.0,30.0,0.0
1.0,1.0,0.0,1.0,1.0,3.0,1.0,1.0,1.0,1.0,1.0,1.0,361.1849767622442,1.0
1.0,0.0,0.0,2.0,1.0,1.0,0.0,1.0,0.0,2.0,2.0,1.0,474.7227510377301,1.0
1.0,0.0,0.0,1.0,1.0,1.0,1.0,0.0,0.0,2.0,6.0,1.0,0.0,0.0
1.0,0.0,0.0,1.0,1.0,2.0,1.0,0.0,0.0,2.0,3.0,1.0,0.5576647193905071,1.0
0.0,1.0,0.0,1.0,1.0,3.0,0.0,0.0,0.0,3.0,2.0,1.0,0.0,0.0
0.0,0.0,0.0,2.0,1.0,1.0,1.0,0.0,0.0,2.0,2.0,1.0,120.55002789961941,1.0
0.0,0.0,0.0,2.0,1.0,3.0,1.0,0.0,0.0,2.0,2.0,1.0,122.95159020715549,1.0
0.0,0.0,0.0,2.0,1.0,1.0,1.0,1.0,0.0,3.0,2.0,1.0,197.9461341327971,0.0
1.0,1.0,0.0,1.0,1.0,3.0,1.0,1.0,1.0,1.0,2.0,1.0,331.27960712953484,0.0
0.0,0.0,0.0,1.0,1.0,1.0,0.0,0.0,0.0,2.0,2.0,1.0,0.0,1.0
0.0,0.0,0.0,1.0,1.0,1.0,0.0,0.0,0.0,2.0,2.0,1.0,216.2338537322504,1.0
1.0,1.0,0.0,1.0,1.0,3.0,0.0,0.0,0.0,2.0,2.0,1.0,175.26862269809683,1.0
0.0,0.0,0.0,1.0,1.0,1.0,0.0,0.0,0.0,3.0,2.0,1.0,234.21977611212625,1.0
0.0,0.0,0.0,1.0,1.0,1.0,0.0,0.0,0.0,3.0,1.0,1.0,0.0,1.0
1.0,0.0,0.0,1.0,1.0,2.0,1.0,0.0,0.0,3.0,1.0,1.0,210.0754034806166,1.0
0.0,0.0,0.0,2.0,1.0,3.0,1.0,0.0,0.0,3.0,1.0,1.0,529.9841212937638,1.0
0.0,0.0,0.0,1.0,1.0,2.0,1.0,0.0,0.0,3.0,3.0,1.0,273.5073074603156,1.0
0.0,0.0,0.0,1.0,1.0,2.0,1.0,0.0,0.0,2.0,2.0,1.0,146.8406034319784,0.0
1.0,1.0,0.0,1.0,1.0,2.0,0.0,0.0,0.0,3.0,5.0,1.0,0.0,1.0
0.0,0.0,0.0,1.0,1.0,2.0,1.0,0.0,0.0,1.0,2.0,1.0,0.0,1.0
0.0,0.0,0.0,1.0,1.0,1.0,1.0,0.0,0.0,1.0,2.0,1.0,0.0,0.0
1.0,1.0,0.0,1.0,3.0,3.0,1.0,0.0,0.0,1.0,3.0,1.0,341.96367779582624,0.0
0.0,0.0,0.0,1.0,3.0,2.0,0.0,0.0,0.0,3.0,2.0,1.0,329.2831924894124,0.0
0.0,0.0,0.0,1.0,1.0,2.0,0.0,0.0,0.0,3.0,2.0,1.0,479.44854354408733,1.0
0.0,0.0,0.0,1.0,1.0,1.0,1.0,1.0,0.0,1.0,2.0,1.0,0.0,1.0
1.0,0.0,0.0,1.0,1.0,2.0,1.0,0.0,0.0,3.0,1.0,1.0,97.73754489405678,1.0
1.0,1.0,0.0,1.0,1.0,2.0,1.0,1.0,1.0,1.0,2.0,1.0,130.10208455199148,1.0
0.0,0.0,0.0,1.0,1.0,1.0,1.0,0.0,0.0,1.0,2.0,1.0,24.15120521926269,1.0
1.0,1.0,0.0,1.0,2.0,3.0,0.0,0.0,0.0,3.0,1.0,1.0,265.13715320871825,1.0
0.0,0.0,0.0,1.0,1.0,3.0,0.0,0.0,0.0,3.0,1.0,1.0,146.94920044233695,1.0
0.0,1.0,0.0,1.0,1.0,3.0,1.0,0.0,0.0,1.0,2.0,1.0,307.3206361658017,1.0
1.0,0.0,0.0,1.0,1.0,2.0,1.0,1.0,1.0,3.0,2.0,1.0,30.0,0.0
0.0,0.0,0.0,1.0,1.0,3.0,1.0,1.0,0.0,1.0,1.0,1.0,230.33305034798744,0.0
0.0,0.0,0.0,1.0,1.0,1.0,1.0,1.0,0.0,1.0,2.0,1.0,332.3764861795361,1.0
0.0,0.0,0.0,2.0,3.0,2.0,1.0,1.0,0.0,1.0,4.0,1.0,505.45580274789376,0.0
0.0,0.0,0.0,1.0,1.0,3.0,1.0,0.0,0.0,1.0,3.0,1.0,0.0,1.0
1.0,1.0,0.0,1.0,1.0,2.0,0.0,1.0,0.0,3.0,2.0,1.0,0.0,1.0
0.0,0.0,0.0,1.0,1.0,1.0,1.0,0.0,0.0,3.0,2.0,1.0,585.31786182735,0.0
0.0,0.0,0.0,1.0,1.0,1.0,0.0,0.0,0.0,3.0,1.0,1.0,102.45965850596289,1.0
0.0,0.0,0.0,1.0,3.0,2.0,1.0,0.0,0.0,2.0,2.0,1.0,199.18746230831175,1.0
1.0,1.0,0.0,2.0,3.0,3.0,0.0,0.0,0.0,3.0,1.0,1.0,0.0,0.0
0.0,1.0,0.0,1.0,1.0,1.0,1.0,0.0,0.0,2.0,2.0,1.0,90.87299891177331,0.0
0.0,1.0,0.0,1.0,1.0,3.0,1.0,1.0,0.0,2.0,2.0,1.0,27.8470714725135,0.0
0.0,0.0,0.0,3.0,1.0,2.0,0.0,0.0,0.0,3.0,1.0,1.0,291.26507408979455,1.0
0.0,0.0,0.0,1.0,1.0,3.0,0.0,0.0,0.0,2.0,2.0,1.0,246.90824687622683,0.0
1.0,0.0,0.0,1.0,1.0,1.0,0.0,0.0,0.0,3.0,3.0,1.0,37.87046214311355,1.0
0.0,1.0,0.0,1.0,3.0,3.0,1.0,0.0,0.0,3.0,2.0,1.0,9.803849563025421,1.0
0.0,0.0,0.0,1.0,1.0,2.0,1.0,0.0,0.0,1.0,1.0,1.0,30.0,0.0
0.0,0.0,0.0,1.0,1.0,1.0,1.0,1.0,0.0,2.0,1.0,1.0,168.3049640619786,0.0
1.0,1.0,0.0,1.0,1.0,3.0,1.0,1.0,1.0,2.0,1.0,1.0,397.2757358862719,1.0
0.0,0.0,0.0,2.0,1.0,1.0,1.0,0.0,0.0,3.0,1.0,1.0,245.61616107177088,0.0
1.0,0.0,0.0,2.0,1.0,1.0,0.0,0.0,0.0,3.0,1.0,1.0,112.63243888619779,1.0
1.0,0.0,0.0,1.0,3.0,2.0,1.0,1.0,1.0,1.0,3.0,1.0,575.5525498453114,1.0
0.0,0.0,0.0,2.0,1.0,1.0,0.0,0.0,0.0,2.0,2.0,1.0,138.46370740529196,0.0
0.0,0.0,0.0,1.0,1.0,1.0,0.0,0.0,0.0,3.0,2.0,1.0,267.7037460319862,1.0
1.0,0.0,0.0,2.0,1.0,2.0,1.0,1.0,1.0,2.0,2.0,1.0,0.0,1.0
1.0,1.0,0.0,1.0,1.0,3.0,0.0,0.0,0.0,3.0,2.0,1.0,0.0,1.0
0.0,0.0,0.0,3.0,1.0,1.0,1.0,0.0,0.0,3.0,1.0,1.0,384.6070768648918,1.0
1.0,1.0,0.0,1.0,1.0,1.0,1.0,0.0,0.0,3.0,2.0,1.0,244.06988438175784,0.0
0.0,0.0,0.0,1.0,1.0,1.0,0.0,0.0,0.0,2.0,2.0,1.0,162.03263138014415,0.0
1.0,0.0,0.0,1.0,3.0,3.0,0.0,0.0,0.0,3.0,1.0,1.0,61.91681368940628,0.0
0.0,0.0,0.0,1.0,1.0,1.0,1.0,0.0,0.0,2.0,2.0,1.0,234.21977611212625,1.0
1.0,0.0,0.0,1.0,1.0,1.0,1.0,0.0,0.0,2.0,2.0,1.0,224.51611796287426,1.0
0.0,0.0,0.0,1.0,1.0,2.0,1.0,0.0,0.0,3.0,2.0,1.0,0.0,1.0
0.0,0.0,0.0,1.0,1.0,2.0,1.0,0.0,0.0,2.0,1.0,1.0,237.7003648856591,0.0
1.0,0.0,0.0,1.0,1.0,1.0,0.0,0.0,1.0,3.0,1.0,1.0,473.370728748644,1.0
0.0,1.0,0.0,2.0,1.0,2.0,1.0,1.0,0.0,1.0,3.0,1.0,259.3376135234375,1.0
1.0,1.0,0.0,1.0,2.0,3.0,1.0,1.0,1.0,1.0,2.0,1.0,281.99224416136997,1.0
0.0,0.0,0.0,2.0,1.0,1.0,1.0,1.0,0.0,1.0,2.0,1.0,92.21369265536663,1.0
1.0,0.0,0.0,1.0,1.0,2.0,1.0,0.0,0.0,1.0,2.0,1.0,392.3170410548994,1.0
0.0,1.0,0.0,1.0,1.0,3.0,1.0,1.0,0.0,1.0,2.0,1.0,498.5647292693043,0.0
0.0,1.0,0.0,1.0,3.0,2.0,0.0,0.0,0.0,3.0,1.0,1.0,612.5024061743302,1.0
1.0,1.0,0.0,1.0,3.0,3.0,0.0,0.0,0.0,3.0,4.0,1.0,143.4346984930204,0.0
0.0,0.0,0.0,2.0,1.0,1.0,0.0,0.0,0.0,2.0,4.0,1.0,26.225808553319105,1.0
1.0,0.0,0.0,1.0,1.0,3.0,1.0,1.0,0.0,1.0,3.0,1.0,0.0,1.0
1.0,0.0,0.0,1.0,1.0,1.0,1.0,0.0,0.0,2.0,3.0,1.0,285.9733909475066,0.0
0.0,0.0,0.0,2.0,1.0,1.0,0.0,1.0,0.0,2.0,1.0,1.0,92.17389740170513,1.0
0.0,0.0,0.0,1.0,1.0,1.0,0.0,0.0,0.0,2.0,1.0,1.0,85.62700032284042,1.0
0.0,0.0,0.0,2.0,1.0,1.0,0.0,1.0,0.0,3.0,2.0,1.0,65.77024920614625,0.0
1.0,0.0,0.0,1.0,2.0,1.0,1.0,0.0,0.0,2.0,2.0,1.0,171.6920652507105,1.0
0.0,0.0,0.0,1.0,1.0,3.0,1.0,0.0,0.0,2.0,2.0,1.0,356.11766376378876,1.0
0.0,0.0,0.0,1.0,1.0,2.0,1.0,1.0,0.0,2.0,4.0,1.0,260.54998174183527,0.0
0.0,0.0,0.0,1.0,1.0,2.0,0.0,0.0,0.0,3.0,1.0,1.0,67.68765559992755,1.0
0.0,0.0,0.0,2.0,1.0,1.0,0.0,0.0,0.0,3.0,1.0,1.0,104.87517540709325,1.0
0.0,0.0,0.0,1.0,1.0,1.0,1.0,0.0,0.0,3.0,1.0,1.0,486.59917576684086,1.0
0.0,0.0,0.0,1.0,2.0,2.0,1.0,0.0,0.0,3.0,4.0,1.0,362.3764861795361,0.0
0.0,0.0,0.0,1.0,1.0,2.0,1.0,0.0,0.0,3.0,2.0,1.0,20.383871142017973,1.0
0.0,0.0,0.0,1.0,1.0,2.0,1.0,0.0,0.0,3.0,1.0,1.0,254.3684345135332,0.0
1.0,0.0,0.0,1.0,1.0,1.0,0.0,1.0,0.0,2.0,3.0,1.0,0.0,0.0
1.0,0.0,0.0,1.0,1.0,1.0,0.0,1.0,0.0,2.0,3.0,1.0,0.0,1.0
1.0,0.0,0.0,1.0,1.0,1.0,0.0,0.0,0.0,2.0,2.0,1.0,251.6658208884384,0.0
0.0,0.0,0.0,1.0,1.0,1.0,0.0,1.0,0.0,3.0,2.0,1.0,229.0352336310816,0.0
0.0,0.0,0.0,2.0,1.0,1.0,1.0,0.0,0.0,1.0,2.0,1.0,277.29695418407005,1.0
0.0,0.0,0.0,2.0,3.0,3.0,1.0,0.0,0.0,2.0,2.0,1.0,162.3829996162051,1.0
0.0,0.0,0.0,1.0,1.0,2.0,1.0,0.0,0.0,3.0,2.0,1.0,295.0884846649526,1.0
1.0,1.0,0.0,1.0,1.0,1.0,1.0,0.0,1.0,1.0,2.0,1.0,83.94217262182018,1.0
0.0,0.0,0.0,1.0,1.0,1.0,0.0,0.0,0.0,3.0,1.0,1.0,285.1434012534648,0.0
1.0,0.0,0.0,1.0,3.0,3.0,1.0,0.0,0.0,2.0,1.0,1.0,269.3938994933081,1.0
0.0,1.0,0.0,2.0,3.0,3.0,0.0,0.0,0.0,3.0,1.0,1.0,310.28265762099045,0.0
0.0,0.0,0.0,1.0,1.0,1.0,0.0,1.0,0.0,2.0,1.0,1.0,418.349156969624,1.0
1.0,1.0,0.0,1.0,1.0,3.0,0.0,1.0,1.0,2.0,3.0,1.0,175.56590585917954,1.0
0.0,0.0,0.0,1.0,3.0,1.0,1.0,1.0,0.0,1.0,2.0,1.0,341.87295721323704,1.0
0.0,0.0,0.0,2.0,1.0,1.0,1.0,0.0,0.0,3.0,1.0,1.0,135.75668500807268,1.0
0.0,0.0,0.0,1.0,1.0,3.0,1.0,0.0,0.0,2.0,1.0,1.0,0.0,1.0
0.0,0.0,0.0,2.0,1.0,1.0,1.0,0.0,0.0,2.0,2.0,1.0,229.0352336310816,0.0
1.0,1.0,0.0,1.0,1.0,1.0,1.0,1.0,1.0,1.0,2.0,1.0,189.0564450641567,0.0
1.0,1.0,0.0,2.0,1.0,2.0,1.0,1.0,1.0,1.0,2.0,1.0,850.3661389475193,1.0
0.0,1.0,0.0,2.0,1.0,3.0,1.0,0.0,0.0,3.0,1.0,1.0,0.0,0.0
1.0,0.0,0.0,1.0,3.0,2.0,0.0,0.0,0.0,3.0,3.0,1.0,62.853176990870324,1.0
1.0,0.0,0.0,1.0,1.0,3.0,1.0,0.0,0.0,1.0,3.0,1.0,461.52849223787024,1.0
0.0,0.0,0.0,2.0,2.0,2.0,1.0,0.0,0.0,1.0,3.0,1.0,285.2731081380563,0.0
1.0,1.0,0.0,1.0,1.0,3.0,1.0,0.0,0.0,1.0,3.0,1.0,175.64512886736497,0.0
0.0,0.0,0.0,1.0,1.0,3.0,1.0,0.0,0.0,1.0,2.0,1.0,191.08791412197172,1.0
1.0,0.0,0.0,2.0,2.0,3.0,1.0,0.0,1.0,3.0,2.0,1.0,453.19987021049366,0.0
0.0,1.0,0.0,1.0,1.0,2.0,1.0,0.0,0.0,2.0,2.0,1.0,260.54998174183527,0.0
0.0,0.0,0.0,1.0,3.0,3.0,1.0,0.0,0.0,3.0,2.0,1.0,214.81904313998848,1.0
0.0,0.0,0.0,1.0,1.0,3.0,1.0,1.0,0.0,3.0,1.0,1.0,324.7793093525752,0.0
0.0,0.0,0.0,2.0,1.0,1.0,1.0,1.0,0.0,3.0,3.0,1.0,427.34119651654646,1.0
1.0,1.0,0.0,1.0,1.0,2.0,0.0,0.0,0.0,2.0,2.0,1.0,64.23794899241423,1.0
0.0,0.0,0.0,1.0,3.0,3.0,1.0,1.0,0.0,1.0,2.0,1.0,302.71570523784044,0.0
0.0,0.0,0.0,1.0,1.0,2.0,0.0,0.0,0.0,3.0,2.0,1.0,0.0,1.0
1.0,0.0,0.0,1.0,1.0,1.0,1.0,1.0,1.0,1.0,1.0,1.0,170.86520283438597,1.0
0.0,0.0,0.0,1.0,1.0,1.0,0.0,0.0,0.0,3.0,1.0,1.0,253.93551278128152,1.0
1.0,0.0,0.0,3.0,1.0,1.0,1.0,1.0,0.0,2.0,2.0,1.0,0.0,1.0
0.0,0.0,0.0,1.0,1.0,2.0,1.0,0.0,0.0,2.0,1.0,1.0,30.0,0.0
0.0,0.0,0.0,1.0,1.0,1.0,0.0,0.0,0.0,2.0,2.0,1.0,28.293565844169855,0.0
0.0,0.0,0.0,1.0,1.0,2.0,0.0,0.0,0.0,3.0,3.0,1.0,288.445085668154,1.0
1.0,0.0,0.0,1.0,1.0,2.0,1.0,1.0,0.0,1.0,1.0,1.0,0.0,1.0
0.0,0.0,0.0,1.0,1.0,2.0,0.0,0.0,0.0,3.0,3.0,1.0,0.0,1.0
0.0,0.0,0.0,1.0,1.0,2.0,1.0,1.0,1.0,1.0,2.0,1.0,0.0,1.0
1.0,1.0,0.0,1.0,1.0,1.0,1.0,1.0,1.0,1.0,2.0,1.0,37.21905895728024,0.0
1.0,1.0,0.0,1.0,1.0,2.0,1.0,0.0,0.0,3.0,2.0,1.0,301.4132843145196,1.0
0.0,0.0,0.0,2.0,1.0,1.0,1.0,0.0,0.0,3.0,2.0,1.0,41.28025405906327,0.0
1.0,0.0,0.0,1.0,1.0,2.0,1.0,1.0,0.0,1.0,3.0,1.0,30.0,0.0
0.0,0.0,0.0,2.0,1.0,2.0,1.0,1.0,0.0,1.0,1.0,1.0,1002.2101612028703,1.0
1.0,0.0,0.0,1.0,1.0,1.0,1.0,1.0,1.0,1.0,2.0,1.0,263.5188266109062,0.0
0.0,0.0,0.0,1.0,3.0,2.0,0.0,0.0,0.0,3.0,4.0,1.0,0.0,1.0
1.0,0.0,0.0,1.0,1.0,2.0,0.0,0.0,0.0,3.0,4.0,1.0,298.887073078433,1.0
0.0,0.0,0.0,2.0,1.0,2.0,1.0,0.0,0.0,3.0,3.0,1.0,241.90824687622683,1.0
0.0,0.0,0.0,1.0,1.0,2.0,1.0,0.0,0.0,2.0,3.0,1.0,509.1566932819878,0.0
1.0,0.0,0.0,1.0,3.0,3.0,1.0,0.0,0.0,2.0,3.0,1.0,0.0,1.0
0.0,0.0,0.0,1.0,3.0,2.0,0.0,0.0,0.0,3.0,3.0,1.0,301.9259438092173,1.0
1.0,1.0,0.0,1.0,1.0,3.0,0.0,0.0,0.0,3.0,1.0,1.0,278.1507902839634,1.0
0.0,0.0,0.0,1.0,1.0,1.0,1.0,1.0,0.0,1.0,2.0,1.0,237.41177584252577,1.0
1.0,1.0,0.0,1.0,1.0,1.0,1.0,1.0,1.0,1.0,2.0,1.0,181.17757005411812,0.0
0.0,1.0,0.0,1.0,3.0,3.0,1.0,0.0,0.0,1.0,1.0,1.0,554.532151080894,1.0
0.0,0.0,0.0,3.0,1.0,3.0,1.0,1.0,0.0,1.0,2.0,1.0,57.084666881893625,0.0
0.0,0.0,0.0,2.0,1.0,2.0,0.0,0.0,0.0,2.0,3.0,1.0,588.3924967816205,0.0
0.0,1.0,0.0,1.0,1.0,2.0,1.0,0.0,0.0,1.0,3.0,1.0,778.769095274497,1.0
1.0,0.0,0.0,1.0,3.0,2.0,0.0,0.0,0.0,3.0,2.0,1.0,129.66126546497983,1.0
1.0,0.0,0.0,1.0,3.0,3.0,0.0,0.0,0.0,3.0,2.0,1.0,405.298299846651,0.0
1.0,0.0,0.0,1.0,1.0,3.0,0.0,0.0,0.0,2.0,1.0,1.0,416.6576666036327,1.0
1.0,0.0,0.0,1.0,1.0,2.0,0.0,0.0,0.0,3.0,2.0,1.0,0.0,1.0
0.0,0.0,0.0,1.0,2.0,2.0,0.0,0.0,0.0,3.0,1.0,1.0,0.0,1.0
0.0,0.0,0.0,1.0,1.0,1.0,1.0,0.0,0.0,2.0,2.0,1.0,239.29089626177048,1.0
0.0,0.0,0.0,1.0,3.0,3.0,0.0,1.0,0.0,2.0,2.0,1.0,167.1378901931381,1.0
1.0,0.0,0.0,1.0,1.0,1.0,1.0,1.0,1.0,2.0,2.0,1.0,96.91443899571067,1.0
1.0,0.0,0.0,1.0,1.0,3.0,1.0,0.0,0.0,2.0,2.0,1.0,183.58065987323374,0.0
1.0,0.0,0.0,3.0,1.0,1.0,0.0,1.0,0.0,2.0,1.0,1.0,192.97294571139446,0.0
1.0,0.0,0.0,2.0,1.0,1.0,0.0,0.0,0.0,3.0,1.0,1.0,235.29067716024582,1.0
0.0,0.0,0.0,1.0,3.0,3.0,0.0,0.0,0.0,3.0,1.0,1.0,228.24857695130572,0.0
1.0,0.0,0.0,1.0,1.0,2.0,1.0,1.0,0.0,1.0,2.0,1.0,610.5169589189954,1.0
1.0,1.0,0.0,1.0,1.0,2.0,1.0,0.0,0.0,1.0,3.0,1.0,429.31395183679444,1.0
1.0,0.0,0.0,1.0,1.0,1.0,1.0,1.0,0.0,2.0,2.0,1.0,143.86339335799485,0.0
1.0,0.0,0.0,2.0,2.0,3.0,1.0,0.0,0.0,1.0,1.0,1.0,126.89515305371754,1.0
1.0,0.0,0.0,1.0,1.0,1.0,1.0,0.0,0.0,2.0,2.0,1.0,0.0,1.0
0.0,0.0,0.0,1.0,1.0,2.0,1.0,0.0,0.0,2.0,5.0,1.0,300.8024050130265,0.0
0.0,0.0,0.0,1.0,1.0,1.0,1.0,1.0,0.0,2.0,3.0,1.0,459.9329334837426,1.0
0.0,0.0,0.0,2.0,2.0,2.0,1.0,0.0,0.0,3.0,1.0,1.0,216.4033930104911,0.0
0.0,0.0,0.0,1.0,1.0,3.0,1.0,0.0,0.0,3.0,1.0,1.0,382.05202172533944,1.0
0.0,0.0,0.0,2.0,1.0,2.0,1.0,0.0,1.0,1.0,6.0,1.0,300.8024050130265,0.0
0.0,0.0,0.0,1.0,3.0,3.0,1.0,0.0,0.0,3.0,1.0,1.0,324.62566317740965,0.0
0.0,0.0,0.0,2.0,1.0,2.0,1.0,0.0,0.0,3.0,4.0,1.0,30.0,0.0
0.0,0.0,0.0,2.0,1.0,1.0,0.0,0.0,0.0,3.0,2.0,1.0,8.119964687421197,0.0
0.0,0.0,0.0,1.0,1.0,2.0,0.0,1.0,1.0,3.0,2.0,1.0,134.4905195043896,1.0
1.0,1.0,0.0,1.0,1.0,2.0,1.0,1.0,1.0,2.0,2.0,1.0,30.0,0.0
0.0,0.0,0.0,1.0,3.0,3.0,0.0,0.0,0.0,3.0,2.0,1.0,123.50048123486599,0.0
1.0,1.0,0.0,1.0,3.0,2.0,0.0,1.0,1.0,2.0,2.0,1.0,238.10965846274635,1.0
1.0,1.0,0.0,1.0,1.0,3.0,1.0,1.0,1.0,2.0,2.0,1.0,225.77975202503092,0.0
1.0,0.0,0.0,1.0,2.0,3.0,0.0,1.0,0.0,2.0,1.0,1.0,209.56788050928927,0.0
1.0,0.0,0.0,1.0,3.0,3.0,1.0,1.0,1.0,3.0,1.0,1.0,356.80457135256904,1.0
1.0,0.0,0.0,1.0,1.0,2.0,0.0,0.0,0.0,3.0,2.0,1.0,30.0,0.0
1.0,0.0,0.0,1.0,1.0,1.0,1.0,1.0,1.0,2.0,2.0,1.0,12.060965515559063,0.0
1.0,1.0,0.0,2.0,1.0,1.0,1.0,1.0,0.0,2.0,2.0,1.0,46.34797419403898,0.0
1.0,1.0,0.0,1.0,1.0,1.0,1.0,1.0,1.0,2.0,2.0,1.0,173.01299295256803,1.0
1.0,1.0,0.0,1.0,1.0,1.0,1.0,1.0,0.0,2.0,2.0,1.0,20.458867756537366,1.0
0.0,0.0,1.0,1.0,1.0,2.0,1.0,0.0,0.0,1.0,2.0,2.0,232.30202819512766,0.0
0.0,0.0,0.0,3.0,1.0,2.0,0.0,0.0,0.0,3.0,4.0,1.0,0.0,1.0
1.0,1.0,0.0,1.0,3.0,2.0,1.0,1.0,1.0,1.0,2.0,1.0,240.9469894391548,0.0
1.0,1.0,0.0,1.0,1.0,2.0,0.0,1.0,1.0,2.0,3.0,1.0,144.97062635916072,1.0
0.0,0.0,0.0,1.0,1.0,2.0,1.0,0.0,0.0,2.0,2.0,1.0,202.9418769378517,1.0
0.0,0.0,0.0,1.0,3.0,2.0,1.0,1.0,1.0,1.0,2.0,1.0,411.6576666036327,1.0
0.0,0.0,0.0,1.0,1.0,2.0,1.0,0.0,0.0,1.0,2.0,1.0,322.0594620081443,1.0
1.0,0.0,1.0,1.0,3.0,3.0,1.0,1.0,1.0,1.0,2.0,2.0,544.8600255585968,0.0
0.0,0.0,0.0,1.0,1.0,1.0,0.0,0.0,0.0,2.0,3.0,1.0,226.07418097640115,0.0
0.0,1.0,0.0,2.0,1.0,3.0,0.0,0.0,0.0,3.0,2.0,1.0,195.954096892654,0.0
1.0,0.0,0.0,1.0,3.0,2.0,1.0,0.0,0.0,3.0,3.0,1.0,0.0,1.0
0.0,0.0,0.0,1.0,3.0,3.0,1.0,0.0,0.0,1.0,3.0,1.0,113.03427647088776,1.0
0.0,0.0,0.0,2.0,3.0,3.0,1.0,1.0,1.0,1.0,6.0,1.0,0.0,0.0
0.0,0.0,0.0,1.0,1.0,1.0,0.0,0.0,0.0,3.0,2.0,1.0,255.52915844425945,0.0
1.0,0.0,0.0,1.0,1.0,1.0,1.0,0.0,0.0,2.0,5.0,1.0,0.0,1.0
0.0,1.0,1.0,1.0,1.0,2.0,1.0,1.0,0.0,1.0,2.0,2.0,0.0,1.0
0.0,0.0,0.0,1.0,3.0,3.0,1.0,1.0,0.0,1.0,2.0,1.0,208.92236274142272,0.0
1.0,1.0,0.0,1.0,2.0,3.0,0.0,0.0,0.0,3.0,4.0,1.0,22.799405532591813,1.0
1.0,0.0,0.0,1.0,1.0,2.0,1.0,1.0,1.0,2.0,2.0,1.0,30.0,0.0
1.0,0.0,0.0,2.0,1.0,1.0,1.0,0.0,0.0,1.0,1.0,1.0,0.0,1.0
0.0,0.0,1.0,1.0,1.0,3.0,1.0,0.0,0.0,3.0,6.0,2.0,294.31248154305786,1.0
1.0,0.0,0.0,1.0,1.0,1.0,0.0,1.0,1.0,2.0,2.0,1.0,474.6975508758999,1.0
1.0,1.0,0.0,1.0,3.0,3.0,1.0,0.0,1.0,3.0,1.0,1.0,15.149392364810232,1.0
0.0,1.0,0.0,1.0,1.0,2.0,1.0,1.0,1.0,2.0,2.0,1.0,65.9627110778137,1.0
0.0,0.0,0.0,1.0,1.0,1.0,0.0,0.0,0.0,3.0,1.0,1.0,0.0,1.0
1.0,0.0,0.0,1.0,1.0,1.0,1.0,1.0,1.0,1.0,2.0,1.0,162.9943325616814,0.0
0.0,0.0,0.0,2.0,1.0,1.0,1.0,0.0,0.0,1.0,3.0,1.0,0.0,1.0
0.0,0.0,0.0,1.0,1.0,1.0,1.0,0.0,0.0,1.0,2.0,1.0,0.0,1.0
0.0,1.0,0.0,3.0,1.0,2.0,1.0,0.0,0.0,2.0,2.0,1.0,149.93268955474767,0.0
0.0,1.0,1.0,3.0,1.0,1.0,1.0,1.0,0.0,1.0,2.0,2.0,227.69354338471774,1.0
0.0,0.0,0.0,2.0,1.0,2.0,1.0,0.0,0.0,2.0,2.0,1.0,0.0,1.0
0.0,0.0,0.0,3.0,1.0,1.0,0.0,0.0,0.0,3.0,1.0,1.0,52.6935386602095,0.0
1.0,1.0,0.0,1.0,3.0,2.0,1.0,0.0,0.0,3.0,2.0,1.0,213.38949238594103,1.0
1.0,0.0,0.0,1.0,1.0,1.0,1.0,1.0,0.0,1.0,2.0,1.0,0.0,1.0
1.0,0.0,1.0,2.0,1.0,2.0,0.0,0.0,0.0,3.0,1.0,2.0,43.02796492467012,1.0
1.0,1.0,0.0,1.0,3.0,3.0,0.0,1.0,1.0,2.0,3.0,1.0,295.5110642458003,1.0
0.0,0.0,0.0,1.0,2.0,3.0,1.0,0.0,0.0,1.0,2.0,1.0,659.9332798461902,0.0
0.0,0.0,0.0,1.0,3.0,3.0,0.0,0.0,0.0,2.0,3.0,1.0,440.519327212835,1.0
1.0,0.0,0.0,1.0,3.0,3.0,0.0,0.0,0.0,3.0,1.0,1.0,121.29023803135007,1.0
0.0,0.0,0.0,2.0,1.0,2.0,1.0,0.0,0.0,1.0,1.0,1.0,525.0908915620928,1.0
0.0,0.0,0.0,2.0,1.0,2.0,0.0,0.0,0.0,2.0,3.0,1.0,55.74394039996372,1.0
1.0,1.0,0.0,1.0,1.0,2.0,0.0,0.0,0.0,2.0,1.0,1.0,121.24574385418791,1.0
0.0,0.0,0.0,1.0,1.0,2.0,0.0,0.0,1.0,2.0,2.0,1.0,91.95611113478549,1.0
1.0,0.0,0.0,1.0,2.0,3.0,0.0,0.0,0.0,2.0,1.0,1.0,5.774197111055073,0.0
1.0,0.0,0.0,1.0,1.0,1.0,0.0,0.0,1.0,2.0,1.0,1.0,189.87902035035992,1.0
0.0,0.0,0.0,2.0,1.0,1.0,0.0,0.0,0.0,3.0,2.0,1.0,0.0,1.0
0.0,0.0,0.0,2.0,1.0,1.0,1.0,0.0,0.0,3.0,1.0,1.0,53.791320715630526,0.0
0.0,0.0,0.0,1.0,1.0,3.0,1.0,0.0,0.0,3.0,1.0,1.0,311.2691549733281,1.0
0.0,0.0,0.0,1.0,1.0,1.0,1.0,1.0,1.0,1.0,1.0,1.0,569.6370610510799,1.0
0.0,0.0,0.0,1.0,1.0,1.0,1.0,1.0,1.0,1.0,2.0,1.0,30.73789755178887,1.0
0.0,1.0,0.0,1.0,1.0,2.0,1.0,0.0,0.0,3.0,2.0,1.0,8.173384665052374,1.0
0.0,0.0,0.0,3.0,1.0,2.0,1.0,0.0,0.0,3.0,2.0,1.0,183.1428804973214,0.0
0.0,0.0,0.0,1.0,1.0,1.0,1.0,0.0,0.0,3.0,2.0,1.0,317.73335456943164,1.0
1.0,1.0,0.0,1.0,1.0,3.0,0.0,0.0,0.0,3.0,2.0,1.0,0.0,0.0
0.0,0.0,0.0,2.0,1.0,3.0,0.0,0.0,0.0,3.0,1.0,1.0,284.8185305255399,0.0
0.0,0.0,0.0,3.0,1.0,1.0,0.0,0.0,0.0,2.0,1.0,1.0,0.0,1.0
1.0,1.0,0.0,2.0,1.0,2.0,1.0,0.0,0.0,2.0,1.0,1.0,195.1165205194588,1.0
0.0,0.0,0.0,1.0,3.0,3.0,0.0,0.0,0.0,3.0,1.0,1.0,747.8885691721975,0.0
0.0,1.0,0.0,2.0,1.0,1.0,0.0,0.0,0.0,2.0,3.0,1.0,0.0,1.0
1.0,1.0,0.0,1.0,3.0,3.0,1.0,1.0,1.0,1.0,2.0,1.0,504.85445092857753,1.0
0.0,0.0,0.0,1.0,1.0,1.0,1.0,0.0,0.0,2.0,2.0,1.0,367.608795868647,1.0
1.0,0.0,0.0,1.0,1.0,3.0,0.0,0.0,0.0,3.0,2.0,1.0,0.0,0.0
0.0,0.0,0.0,1.0,1.0,1.0,0.0,0.0,0.0,2.0,2.0,1.0,339.5859900175081,1.0
1.0,0.0,0.0,1.0,3.0,3.0,1.0,1.0,0.0,1.0,2.0,1.0,436.7217468058278,1.0
1.0,1.0,1.0,1.0,1.0,2.0,1.0,0.0,0.0,3.0,1.0,2.0,337.6040129675831,0.0
0.0,0.0,0.0,1.0,1.0,1.0,1.0,0.0,0.0,2.0,1.0,1.0,362.6689288691875,1.0
1.0,1.0,0.0,1.0,1.0,1.0,1.0,1.0,0.0,1.0,2.0,1.0,39.66291291420072,1.0
0.0,0.0,0.0,1.0,1.0,1.0,1.0,1.0,0.0,1.0,2.0,1.0,229.0352336310816,0.0
1.0,0.0,1.0,3.0,1.0,1.0,1.0,1.0,0.0,2.0,2.0,2.0,512.4603631251503,1.0
0.0,0.0,0.0,2.0,1.0,1.0,1.0,1.0,0.0,2.0,1.0,1.0,348.1906535674725,0.0
1.0,0.0,0.0,1.0,3.0,2.0,1.0,0.0,0.0,1.0,2.0,1.0,207.55320733119305,1.0
0.0,0.0,0.0,2.0,1.0,2.0,1.0,0.0,0.0,1.0,2.0,1.0,382.3532015147342,1.0
0.0,1.0,1.0,1.0,3.0,3.0,1.0,1.0,0.0,3.0,2.0,2.0,28.293565844169855,0.0
0.0,0.0,0.0,1.0,1.0,1.0,1.0,1.0,1.0,1.0,2.0,1.0,0.0,0.0
1.0,1.0,0.0,1.0,1.0,2.0,0.0,0.0,0.0,3.0,2.0,1.0,210.24085742059518,1.0
1.0,0.0,0.0,1.0,1.0,1.0,1.0,0.0,0.0,2.0,4.0,1.0,401.71368180914055,0.0
0.0,0.0,0.0,1.0,1.0,1.0,1.0,0.0,0.0,2.0,4.0,1.0,0.0,1.0
0.0,0.0,0.0,2.0,1.0,1.0,1.0,0.0,0.0,3.0,1.0,1.0,665.216944091922,1.0
0.0,0.0,0.0,3.0,1.0,1.0,0.0,0.0,0.0,3.0,1.0,1.0,332.7819633827563,0.0
1.0,0.0,0.0,1.0,1.0,1.0,0.0,0.0,0.0,3.0,3.0,1.0,4.330647833291305,1.0
0.0,0.0,1.0,1.0,3.0,3.0,0.0,0.0,0.0,3.0,2.0,2.0,140.57508722409779,1.0
0.0,0.0,0.0,1.0,1.0,2.0,0.0,0.0,0.0,3.0,4.0,1.0,259.3376135234375,1.0
0.0,0.0,0.0,1.0,1.0,2.0,1.0,0.0,0.0,3.0,1.0,1.0,306.7840101382464,0.0
1.0,0.0,0.0,1.0,1.0,1.0,1.0,0.0,0.0,3.0,1.0,1.0,28.123341373985,1.0
1.0,0.0,0.0,1.0,1.0,3.0,1.0,1.0,0.0,1.0,3.0,1.0,341.78223663064784,1.0
1.0,1.0,0.0,2.0,1.0,3.0,1.0,0.0,1.0,1.0,2.0,1.0,80.5040173975423,0.0
1.0,1.0,0.0,1.0,1.0,2.0,1.0,1.0,1.0,1.0,3.0,1.0,240.9469894391548,0.0
1.0,1.0,0.0,1.0,2.0,3.0,1.0,1.0,1.0,1.0,2.0,1.0,626.6007671561877,1.0
1.0,0.0,0.0,1.0,1.0,1.0,1.0,0.0,0.0,2.0,1.0,1.0,111.79575413689807,1.0
1.0,1.0,0.0,1.0,1.0,2.0,0.0,0.0,0.0,3.0,3.0,1.0,135.25758209004,0.0
0.0,0.0,0.0,2.0,1.0,1.0,0.0,0.0,0.0,3.0,1.0,1.0,488.0970728696296,1.0
1.0,0.0,0.0,1.0,3.0,3.0,0.0,0.0,0.0,2.0,3.0,1.0,192.03867422831902,1.0
0.0,0.0,0.0,2.0,1.0,1.0,1.0,0.0,0.0,1.0,2.0,1.0,11.307155170836621,1.0
0.0,0.0,0.0,1.0,1.0,1.0,0.0,0.0,0.0,3.0,3.0,1.0,129.09916971751326,1.0
1.0,0.0,0.0,1.0,1.0,1.0,1.0,1.0,0.0,3.0,3.0,1.0,110.20338477816696,1.0
0.0,0.0,0.0,1.0,1.0,1.0,0.0,0.0,0.0,2.0,3.0,1.0,227.61607913735276,0.0
0.0,0.0,0.0,1.0,1.0,2.0,0.0,0.0,0.0,2.0,3.0,1.0,230.1449162711849,1.0
0.0,0.0,0.0,2.0,1.0,2.0,1.0,0.0,0.0,3.0,6.0,1.0,40.644094809362315,0.0
1.0,0.0,0.0,1.0,1.0,2.0,1.0,0.0,0.0,2.0,3.0,1.0,30.0,0.0
0.0,1.0,0.0,3.0,1.0,2.0,1.0,0.0,0.0,2.0,1.0,1.0,30.0,0.0
0.0,0.0,0.0,2.0,1.0,1.0,1.0,0.0,0.0,3.0,2.0,1.0,261.82102021791593,1.0
0.0,0.0,0.0,1.0,1.0,2.0,1.0,0.0,0.0,1.0,2.0,1.0,237.70262240375803,0.0
1.0,0.0,0.0,1.0,1.0,1.0,1.0,0.0,0.0,2.0,2.0,1.0,180.71325629314083,1.0
0.0,0.0,0.0,2.0,1.0,1.0,1.0,1.0,0.0,1.0,3.0,1.0,219.25983874175515,1.0
0.0,0.0,0.0,1.0,1.0,3.0,0.0,0.0,0.0,3.0,1.0,1.0,142.0665430618773,1.0
1.0,1.0,0.0,1.0,3.0,3.0,1.0,1.0,1.0,1.0,2.0,1.0,238.90485992062574,1.0
1.0,1.0,1.0,1.0,1.0,3.0,1.0,1.0,1.0,1.0,2.0,2.0,0.0,1.0
0.0,0.0,0.0,1.0,1.0,2.0,1.0,0.0,0.0,2.0,1.0,1.0,361.2274017399362,1.0
0.0,0.0,0.0,2.0,1.0,1.0,1.0,0.0,0.0,3.0,5.0,1.0,148.00202120864657,0.0
0.0,0.0,0.0,1.0,1.0,3.0,1.0,0.0,0.0,2.0,2.0,1.0,227.85482442043195,1.0
0.0,0.0,0.0,1.0,1.0,2.0,0.0,0.0,0.0,3.0,2.0,1.0,106.64314258482945,0.0
0.0,0.0,0.0,1.0,1.0,2.0,1.0,0.0,0.0,3.0,4.0,1.0,0.0,1.0
1.0,1.0,0.0,1.0,2.0,3.0,0.0,0.0,0.0,2.0,1.0,1.0,328.8897581126327,1.0
0.0,0.0,0.0,1.0,1.0,1.0,0.0,0.0,0.0,2.0,1.0,1.0,190.40129272867188,0.0
0.0,0.0,0.0,1.0,1.0,1.0,1.0,1.0,0.0,3.0,2.0,1.0,110.085584517621,0.0
1.0,0.0,0.0,1.0,1.0,2.0,1.0,0.0,0.0,1.0,2.0,1.0,250.4096885728805,0.0
1.0,0.0,0.0,1.0,1.0,3.0,1.0,0.0,0.0,1.0,2.0,1.0,21.955641108420625,1.0
1.0,0.0,0.0,1.0,1.0,1.0,0.0,0.0,0.0,3.0,6.0,1.0,92.94859238043074,1.0
0.0,0.0,0.0,2.0,1.0,1.0,0.0,0.0,0.0,3.0,2.0,1.0,297.9600212366288,0.0
0.0,0.0,0.0,1.0,1.0,3.0,0.0,0.0,0.0,3.0,1.0,1.0,337.95892685795695,1.0
1.0,0.0,1.0,1.0,1.0,2.0,0.0,0.0,0.0,3.0,1.0,2.0,156.8466541858363,1.0
1.0,0.0,0.0,1.0,1.0,2.0,0.0,0.0,0.0,3.0,1.0,1.0,0.0,1.0
0.0,0.0,1.0,1.0,1.0,2.0,1.0,0.0,0.0,2.0,3.0,2.0,1.3785284947923397,1.0
0.0,0.0,1.0,1.0,1.0,1.0,1.0,0.0,0.0,2.0,3.0,2.0,283.4987770439051,0.0
1.0,0.0,1.0,1.0,1.0,1.0,1.0,0.0,0.0,2.0,2.0,2.0,57.02418649350081,1.0
0.0,0.0,1.0,2.0,1.0,1.0,1.0,0.0,0.0,2.0,2.0,2.0,21.955641108420625,0.0
1.0,0.0,0.0,1.0,1.0,1.0,1.0,0.0,0.0,1.0,2.0,1.0,0.0,0.0
0.0,0.0,0.0,2.0,1.0,1.0,1.0,1.0,0.0,2.0,3.0,1.0,171.539518483768,1.0
0.0,0.0,0.0,1.0,1.0,2.0,1.0,0.0,0.0,3.0,1.0,1.0,30.0,0.0
1.0,1.0,1.0,1.0,1.0,2.0,1.0,0.0,0.0,3.0,2.0,2.0,162.3164228409656,1.0
0.0,0.0,0.0,1.0,1.0,1.0,1.0,0.0,0.0,3.0,1.0,1.0,466.8650412864474,0.0
1.0,1.0,1.0,1.0,1.0,1.0,1.0,1.0,0.0,1.0,2.0,2.0,0.0,1.0
1.0,1.0,0.0,1.0,3.0,2.0,1.0,1.0,1.0,1.0,2.0,1.0,350.85180205647856,1.0
1.0,1.0,0.0,2.0,3.0,3.0,1.0,1.0,1.0,1.0,2.0,1.0,0.0,1.0
0.0,0.0,0.0,1.0,3.0,2.0,0.0,0.0,0.0,3.0,1.0,1.0,336.30721263069483,0.0
1.0,0.0,0.0,1.0,1.0,1.0,0.0,0.0,0.0,3.0,1.0,1.0,168.3049640619786,0.0
0.0,0.0,1.0,2.0,1.0,1.0,1.0,0.0,0.0,3.0,4.0,2.0,94.10568301649202,1.0
1.0,0.0,0.0,3.0,1.0,1.0,1.0,0.0,0.0,3.0,1.0,1.0,297.8762594512191,0.0
0.0,0.0,0.0,1.0,1.0,2.0,1.0,0.0,0.0,3.0,4.0,1.0,419.8278163655122,1.0
0.0,0.0,0.0,1.0,1.0,1.0,1.0,1.0,0.0,1.0,2.0,1.0,234.21977611212625,1.0
0.0,0.0,0.0,1.0,1.0,1.0,0.0,1.0,0.0,3.0,2.0,1.0,1006.8335054077835,0.0
0.0,0.0,0.0,2.0,1.0,3.0,1.0,1.0,0.0,1.0,2.0,1.0,297.02500831822607,0.0
0.0,0.0,0.0,1.0,1.0,1.0,1.0,1.0,0.0,1.0,3.0,1.0,0.0,1.0
0.0,0.0,0.0,1.0,1.0,1.0,1.0,0.0,0.0,3.0,2.0,1.0,302.0291911361175,1.0
1.0,0.0,1.0,3.0,1.0,1.0,1.0,1.0,0.0,1.0,2.0,2.0,31.14956582257176,0.0
0.0,0.0,1.0,1.0,1.0,1.0,1.0,1.0,0.0,1.0,2.0,2.0,0.0,1.0
1.0,1.0,1.0,1.0,3.0,3.0,1.0,1.0,1.0,2.0,2.0,2.0,180.77115681411317,0.0
0.0,0.0,1.0,2.0,1.0,2.0,0.0,0.0,0.0,3.0,2.0,2.0,57.236704649699405,0.0
1.0,1.0,1.0,3.0,1.0,3.0,1.0,1.0,1.0,1.0,2.0,2.0,37.10503347323085,1.0
0.0,0.0,1.0,1.0,1.0,1.0,1.0,1.0,0.0,1.0,2.0,2.0,0.0,0.0
1.0,1.0,0.0,2.0,1.0,3.0,1.0,0.0,0.0,2.0,3.0,1.0,93.79589270074487,1.0
0.0,0.0,0.0,1.0,3.0,3.0,1.0,0.0,0.0,2.0,3.0,1.0,314.7965486935564,1.0
0.0,0.0,0.0,1.0,1.0,2.0,1.0,0.0,0.0,2.0,2.0,1.0,678.5644732612957,1.0
1.0,0.0,0.0,1.0,1.0,2.0,1.0,0.0,0.0,1.0,3.0,1.0,179.35933032619818,1.0
1.0,0.0,0.0,1.0,3.0,3.0,1.0,0.0,0.0,1.0,1.0,1.0,0.0,0.0
0.0,0.0,1.0,1.0,2.0,3.0,1.0,1.0,1.0,1.0,3.0,2.0,431.3518967946305,1.0
0.0,0.0,1.0,1.0,1.0,2.0,1.0,0.0,0.0,1.0,3.0,2.0,262.0173723676937,1.0
0.0,0.0,0.0,1.0,1.0,1.0,1.0,0.0,0.0,3.0,2.0,1.0,427.2277957883099,0.0
1.0,1.0,0.0,1.0,2.0,3.0,0.0,0.0,0.0,3.0,1.0,1.0,77.06430029055637,1.0
0.0,0.0,0.0,1.0,1.0,2.0,1.0,0.0,0.0,1.0,2.0,1.0,15.002992301576462,1.0
0.0,0.0,0.0,1.0,2.0,3.0,1.0,0.0,0.0,1.0,2.0,1.0,0.0,0.0
0.0,1.0,0.0,1.0,1.0,3.0,1.0,0.0,0.0,1.0,2.0,1.0,0.0,1.0
1.0,0.0,0.0,1.0,3.0,3.0,1.0,0.0,0.0,1.0,1.0,1.0,150.28636338713918,1.0
0.0,0.0,0.0,1.0,1.0,2.0,1.0,0.0,0.0,1.0,2.0,1.0,0.0,1.0
1.0,0.0,0.0,1.0,1.0,1.0,1.0,0.0,0.0,1.0,3.0,1.0,254.90499326876343,0.0
1.0,0.0,0.0,1.0,1.0,2.0,1.0,0.0,0.0,1.0,2.0,1.0,266.5269991010147,1.0
0.0,0.0,1.0,1.0,1.0,1.0,0.0,0.0,0.0,3.0,1.0,2.0,0.0,0.0
0.0,0.0,0.0,1.0,1.0,1.0,0.0,0.0,0.0,3.0,1.0,1.0,360.7701386656839,1.0
0.0,0.0,0.0,1.0,3.0,3.0,0.0,0.0,0.0,3.0,1.0,1.0,259.0942458829412,0.0
0.0,0.0,1.0,1.0,1.0,2.0,0.0,0.0,0.0,2.0,2.0,2.0,311.177045070767,1.0
0.0,0.0,0.0,2.0,1.0,2.0,0.0,0.0,0.0,2.0,2.0,1.0,268.38605704784936,1.0
1.0,1.0,0.0,1.0,3.0,2.0,0.0,0.0,0.0,2.0,2.0,1.0,0.0,1.0
0.0,0.0,0.0,1.0,1.0,2.0,1.0,0.0,0.0,3.0,1.0,1.0,374.75804070071985,1.0
0.0,0.0,0.0,3.0,1.0,1.0,1.0,0.0,0.0,3.0,2.0,1.0,403.3858175567359,1.0
0.0,1.0,1.0,1.0,1.0,3.0,1.0,1.0,1.0,1.0,2.0,2.0,95.76208546138324,1.0
0.0,0.0,1.0,1.0,1.0,1.0,1.0,0.0,0.0,3.0,3.0,2.0,0.0,1.0
0.0,0.0,0.0,1.0,3.0,3.0,1.0,1.0,1.0,2.0,2.0,1.0,140.69488459485297,1.0
0.0,0.0,0.0,2.0,1.0,2.0,1.0,0.0,0.0,3.0,1.0,1.0,456.4060194513748,1.0
0.0,0.0,0.0,1.0,1.0,3.0,0.0,0.0,0.0,3.0,1.0,1.0,596.5538607776217,1.0
0.0,0.0,0.0,1.0,1.0,1.0,1.0,0.0,0.0,1.0,2.0,1.0,482.43670436451134,1.0
0.0,0.0,0.0,1.0,1.0,2.0,1.0,1.0,0.0,1.0,3.0,1.0,713.0897652185037,0.0
1.0,0.0,1.0,1.0,1.0,2.0,1.0,1.0,0.0,1.0,6.0,2.0,43.65822097659637,1.0
0.0,0.0,1.0,1.0,3.0,2.0,1.0,0.0,0.0,3.0,1.0,2.0,312.47413658994685,1.0
0.0,1.0,1.0,2.0,1.0,2.0,1.0,0.0,0.0,3.0,1.0,2.0,205.03941147700175,0.0
0.0,0.0,1.0,1.0,1.0,3.0,0.0,0.0,0.0,3.0,1.0,2.0,569.6370610510799,1.0
0.0,0.0,0.0,2.0,1.0,3.0,0.0,0.0,0.0,3.0,3.0,1.0,88.21660834498167,0.0
1.0,0.0,1.0,1.0,1.0,1.0,1.0,1.0,0.0,1.0,2.0,2.0,57.08466688189361,1.0
0.0,0.0,0.0,1.0,1.0,2.0,1.0,0.0,0.0,3.0,2.0,1.0,94.89816704331385,1.0
0.0,0.0,0.0,1.0,1.0,2.0,0.0,0.0,0.0,2.0,2.0,1.0,203.9047993880393,0.0
1.0,0.0,1.0,1.0,2.0,3.0,1.0,0.0,0.0,3.0,4.0,2.0,65.82862432978736,1.0
1.0,0.0,0.0,1.0,1.0,2.0,0.0,0.0,0.0,3.0,3.0,1.0,188.11188612823022,1.0
0.0,0.0,1.0,1.0,1.0,1.0,0.0,0.0,0.0,2.0,1.0,2.0,275.8407805125184,1.0
0.0,0.0,1.0,3.0,3.0,2.0,0.0,1.0,0.0,3.0,2.0,2.0,215.4895258313141,1.0
0.0,0.0,1.0,2.0,1.0,1.0,1.0,1.0,0.0,1.0,1.0,2.0,61.47579510357776,1.0
1.0,0.0,0.0,1.0,1.0,1.0,1.0,1.0,0.0,2.0,3.0,1.0,171.6920652507105,1.0
1.0,1.0,0.0,1.0,1.0,3.0,1.0,1.0,1.0,2.0,3.0,1.0,0.0,1.0
0.0,0.0,0.0,1.0,1.0,1.0,1.0,0.0,0.0,2.0,3.0,1.0,168.3049640619786,0.0
0.0,0.0,0.0,1.0,1.0,1.0,0.0,0.0,1.0,3.0,1.0,1.0,607.6128651211518,1.0
1.0,1.0,1.0,1.0,2.0,3.0,1.0,0.0,1.0,3.0,3.0,2.0,340.53096983815726,1.0
1.0,1.0,1.0,1.0,1.0,3.0,0.0,0.0,0.0,2.0,3.0,2.0,67.98489193969692,0.0
0.0,0.0,1.0,1.0,1.0,1.0,0.0,0.0,0.0,2.0,2.0,2.0,281.4154849067994,1.0
1.0,0.0,0.0,1.0,1.0,3.0,1.0,1.0,1.0,3.0,1.0,1.0,32.11012512106517,0.0
0.0,0.0,0.0,2.0,1.0,2.0,0.0,0.0,0.0,3.0,3.0,1.0,227.47418116437433,0.0
0.0,0.0,1.0,2.0,1.0,1.0,1.0,0.0,0.0,3.0,4.0,2.0,0.0,0.0
0.0,1.0,0.0,3.0,1.0,1.0,1.0,0.0,0.0,1.0,2.0,1.0,0.0,0.0
0.0,0.0,0.0,2.0,1.0,2.0,1.0,0.0,0.0,2.0,2.0,1.0,241.84272645546793,1.0
1.0,0.0,0.0,1.0,1.0,1.0,1.0,1.0,0.0,1.0,3.0,1.0,48.02796492467011,1.0
0.0,0.0,1.0,3.0,1.0,3.0,1.0,1.0,0.0,1.0,3.0,2.0,290.0151630269474,0.0
0.0,0.0,0.0,1.0,1.0,1.0,1.0,1.0,0.0,1.0,3.0,1.0,120.99348512786182,0.0
1.0,0.0,1.0,1.0,1.0,2.0,1.0,1.0,0.0,1.0,2.0,2.0,298.7257920427188,1.0
0.0,1.0,1.0,1.0,1.0,1.0,1.0,0.0,0.0,2.0,3.0,2.0,222.09948543123807,0.0
0.0,1.0,0.0,1.0,1.0,2.0,0.0,1.0,0.0,2.0,2.0,1.0,5.24596585059629,1.0
0.0,0.0,1.0,1.0,1.0,1.0,0.0,0.0,0.0,3.0,3.0,2.0,106.0131438494217,0.0
1.0,0.0,1.0,1.0,1.0,1.0,1.0,1.0,1.0,1.0,2.0,2.0,0.0,0.0
0.0,0.0,1.0,2.0,1.0,1.0,1.0,0.0,0.0,2.0,2.0,2.0,38.97583049962174,1.0
0.0,0.0,1.0,1.0,1.0,3.0,1.0,1.0,0.0,2.0,2.0,2.0,19.66935641498933,1.0
0.0,0.0,1.0,1.0,3.0,3.0,0.0,1.0,1.0,3.0,2.0,2.0,307.3206361658017,1.0
0.0,0.0,0.0,3.0,1.0,1.0,0.0,0.0,0.0,3.0,1.0,1.0,195.03164496657968,1.0
1.0,1.0,0.0,1.0,3.0,3.0,1.0,0.0,1.0,1.0,2.0,1.0,104.43212203185591,1.0
0.0,0.0,0.0,1.0,1.0,2.0,0.0,0.0,0.0,3.0,1.0,1.0,284.63122501306754,0.0
1.0,1.0,1.0,2.0,1.0,3.0,1.0,0.0,0.0,2.0,2.0,2.0,18.299853613495287,1.0
0.0,0.0,0.0,1.0,1.0,1.0,0.0,0.0,0.0,3.0,1.0,1.0,320.45937191504987,1.0
1.0,1.0,1.0,2.0,2.0,2.0,1.0,1.0,1.0,1.0,2.0,2.0,472.1601054531016,1.0
0.0,0.0,0.0,1.0,1.0,1.0,1.0,0.0,0.0,2.0,3.0,1.0,234.21977611212625,1.0
0.0,0.0,1.0,2.0,1.0,1.0,1.0,1.0,1.0,2.0,2.0,2.0,379.6572400533985,0.0
1.0,1.0,1.0,1.0,1.0,3.0,0.0,1.0,1.0,2.0,1.0,2.0,0.0,1.0
0.0,0.0,0.0,1.0,3.0,2.0,1.0,0.0,0.0,3.0,3.0,1.0,133.3439147595387,1.0
1.0,0.0,0.0,1.0,3.0,3.0,0.0,0.0,0.0,3.0,2.0,1.0,167.28025010999855,0.0
0.0,0.0,0.0,1.0,1.0,2.0,0.0,0.0,0.0,3.0,4.0,1.0,30.0,0.0
1.0,0.0,0.0,1.0,1.0,2.0,1.0,0.0,0.0,3.0,1.0,1.0,0.0,1.0
0.0,0.0,0.0,2.0,1.0,1.0,1.0,0.0,0.0,1.0,2.0,1.0,204.12551191427005,1.0
0.0,0.0,0.0,1.0,3.0,3.0,1.0,0.0,0.0,1.0,2.0,1.0,0.0,0.0
0.0,0.0,0.0,2.0,1.0,2.0,1.0,0.0,0.0,2.0,2.0,1.0,95.86706077198787,1.0
1.0,0.0,1.0,1.0,1.0,1.0,1.0,1.0,0.0,1.0,2.0,2.0,59.035931542495014,1.0
1.0,1.0,1.0,1.0,1.0,3.0,1.0,1.0,1.0,1.0,4.0,2.0,0.0,1.0
0.0,0.0,1.0,1.0,1.0,1.0,0.0,0.0,0.0,3.0,3.0,2.0,237.28577503337408,0.0
0.0,0.0,1.0,1.0,3.0,3.0,1.0,0.0,0.0,1.0,2.0,2.0,0.0,0.0
0.0,0.0,0.0,2.0,1.0,2.0,1.0,0.0,0.0,2.0,2.0,1.0,246.1432642953231,1.0
1.0,0.0,0.0,2.0,1.0,1.0,1.0,0.0,0.0,1.0,2.0,1.0,275.2514990387139,0.0
1.0,1.0,1.0,1.0,1.0,3.0,1.0,1.0,1.0,2.0,2.0,2.0,0.0,0.0
0.0,0.0,1.0,2.0,1.0,3.0,0.0,0.0,0.0,2.0,2.0,2.0,0.0,0.0
1.0,0.0,1.0,1.0,3.0,3.0,1.0,0.0,0.0,3.0,1.0,2.0,212.6083589320482,0.0
0.0,0.0,0.0,2.0,1.0,1.0,1.0,0.0,0.0,3.0,4.0,1.0,0.0,0.0
1.0,0.0,1.0,1.0,3.0,3.0,1.0,1.0,0.0,1.0,2.0,2.0,267.2634676994898,1.0
0.0,0.0,0.0,1.0,1.0,1.0,0.0,0.0,0.0,3.0,2.0,1.0,0.0,0.0
0.0,0.0,1.0,2.0,1.0,2.0,1.0,1.0,0.0,2.0,2.0,2.0,251.26863703604397,1.0
0.0,0.0,1.0,1.0,1.0,1.0,0.0,0.0,0.0,3.0,1.0,2.0,189.86639640350108,1.0
0.0,0.0,1.0,2.0,1.0,1.0,1.0,1.0,0.0,1.0,2.0,2.0,95.94615164379812,1.0
1.0,0.0,1.0,1.0,3.0,3.0,1.0,1.0,0.0,1.0,2.0,2.0,0.0,0.0
0.0,0.0,1.0,1.0,1.0,1.0,1.0,0.0,0.0,2.0,2.0,2.0,0.0,1.0
0.0,0.0,1.0,1.0,1.0,3.0,1.0,0.0,0.0,2.0,2.0,2.0,0.0,0.0
1.0,0.0,0.0,1.0,1.0,1.0,1.0,0.0,0.0,2.0,3.0,1.0,222.29739070335893,1.0
1.0,0.0,0.0,2.0,1.0,1.0,0.0,1.0,0.0,3.0,2.0,1.0,203.13266753311666,0.0
0.0,0.0,1.0,3.0,1.0,2.0,1.0,1.0,1.0,3.0,2.0,2.0,300.8024050130265,0.0
1.0,0.0,0.0,1.0,1.0,1.0,1.0,0.0,0.0,1.0,2.0,1.0,105.24192438827623,0.0
1.0,1.0,0.0,1.0,3.0,3.0,0.0,0.0,0.0,3.0,3.0,1.0,482.44077313940784,1.0
0.0,0.0,0.0,1.0,1.0,3.0,1.0,0.0,0.0,1.0,5.0,1.0,398.6401020560684,1.0
0.0,0.0,0.0,3.0,1.0,1.0,1.0,0.0,0.0,3.0,1.0,1.0,86.90774605416496,0.0
1.0,0.0,0.0,3.0,3.0,2.0,1.0,0.0,0.0,1.0,2.0,1.0,104.62854020811517,1.0
0.0,0.0,0.0,2.0,1.0,1.0,0.0,0.0,0.0,3.0,1.0,1.0,0.0,0.0
1.0,0.0,1.0,1.0,1.0,1.0,0.0,0.0,0.0,3.0,1.0,2.0,132.7535213783654,1.0
1.0,0.0,0.0,2.0,1.0,1.0,1.0,1.0,1.0,1.0,2.0,1.0,168.3049640619786,0.0
0.0,0.0,0.0,1.0,1.0,2.0,1.0,1.0,0.0,1.0,2.0,1.0,262.9362332741192,1.0
1.0,0.0,0.0,1.0,1.0,2.0,1.0,1.0,1.0,1.0,2.0,1.0,69.10485627309474,1.0
1.0,0.0,1.0,1.0,1.0,1.0,1.0,1.0,0.0,1.0,2.0,2.0,450.8429725634106,0.0
1.0,0.0,0.0,1.0,1.0,2.0,1.0,1.0,0.0,1.0,2.0,1.0,0.0,1.0
1.0,0.0,1.0,1.0,1.0,2.0,1.0,0.0,0.0,1.0,3.0,2.0,0.0,1.0
0.0,0.0,1.0,1.0,3.0,2.0,1.0,0.0,0.0,3.0,1.0,2.0,394.7960044574445,1.0
0.0,0.0,0.0,1.0,1.0,2.0,1.0,0.0,0.0,3.0,3.0,1.0,59.177739776800166,0.0
0.0,0.0,1.0,2.0,1.0,3.0,1.0,0.0,0.0,3.0,1.0,2.0,526.7621354938856,1.0
0.0,0.0,0.0,1.0,3.0,3.0,1.0,0.0,0.0,1.0,1.0,1.0,239.5174700158096,1.0
0.0,0.0,1.0,1.0,1.0,3.0,0.0,0.0,0.0,3.0,1.0,2.0,42.01675504336777,1.0
1.0,0.0,0.0,1.0,1.0,3.0,0.0,0.0,0.0,3.0,2.0,1.0,0.0,1.0
0.0,0.0,1.0,1.0,1.0,1.0,1.0,0.0,0.0,3.0,1.0,2.0,265.9300682519957,1.0
1.0,0.0,1.0,1.0,1.0,2.0,1.0,1.0,0.0,2.0,2.0,2.0,203.9047993880393,0.0
0.0,0.0,1.0,1.0,1.0,1.0,0.0,0.0,0.0,2.0,2.0,2.0,63.57804773970903,0.0
0.0,0.0,0.0,1.0,1.0,1.0,0.0,0.0,0.0,3.0,2.0,1.0,0.0,1.0
0.0,0.0,1.0,1.0,1.0,3.0,1.0,1.0,0.0,2.0,2.0,2.0,417.62296405873843,1.0
0.0,0.0,0.0,1.0,1.0,2.0,1.0,0.0,0.0,3.0,2.0,1.0,19.590318041431097,1.0
1.0,1.0,0.0,2.0,1.0,3.0,1.0,0.0,0.0,3.0,2.0,1.0,208.1724111694901,1.0
0.0,0.0,0.0,1.0,1.0,1.0,0.0,0.0,0.0,2.0,2.0,1.0,163.93545360954067,0.0
0.0,0.0,0.0,1.0,3.0,3.0,0.0,0.0,0.0,3.0,2.0,1.0,227.79434403203913,0.0
0.0,0.0,1.0,1.0,1.0,1.0,0.0,0.0,0.0,3.0,2.0,2.0,0.0,0.0
0.0,0.0,0.0,1.0,1.0,3.0,1.0,1.0,1.0,2.0,1.0,1.0,1178.8357303658022,1.0
0.0,0.0,0.0,3.0,1.0,3.0,0.0,0.0,0.0,2.0,2.0,1.0,360.741768854629,1.0
0.0,0.0,1.0,1.0,1.0,1.0,0.0,0.0,0.0,2.0,1.0,2.0,324.95262346897556,1.0
0.0,0.0,1.0,1.0,1.0,2.0,1.0,0.0,0.0,3.0,1.0,2.0,184.4213424625584,0.0
0.0,0.0,0.0,1.0,1.0,3.0,1.0,1.0,0.0,3.0,5.0,1.0,25.983886999747824,1.0
0.0,0.0,1.0,1.0,2.0,3.0,1.0,1.0,0.0,2.0,1.0,2.0,597.9601530841026,1.0
0.0,0.0,0.0,1.0,1.0,1.0,1.0,0.0,0.0,3.0,4.0,1.0,229.0352336310816,0.0
0.0,0.0,0.0,2.0,1.0,1.0,0.0,0.0,0.0,3.0,4.0,1.0,120.09316734013726,0.0
0.0,0.0,1.0,2.0,1.0,3.0,1.0,0.0,0.0,2.0,2.0,2.0,307.3206361658017,1.0
0.0,0.0,1.0,1.0,1.0,1.0,1.0,0.0,1.0,1.0,3.0,2.0,227.13304978155006,0.0
1.0,0.0,1.0,2.0,1.0,2.0,0.0,0.0,0.0,3.0,2.0,2.0,103.68042348668206,1.0
0.0,1.0,1.0,1.0,1.0,3.0,1.0,1.0,0.0,1.0,2.0,2.0,0.0,1.0
1.0,1.0,1.0,1.0,3.0,3.0,0.0,0.0,0.0,3.0,1.0,2.0,263.10246735700514,1.0
0.0,0.0,0.0,3.0,1.0,1.0,1.0,0.0,0.0,1.0,2.0,1.0,0.0,0.0
1.0,1.0,0.0,1.0,1.0,3.0,0.0,0.0,0.0,3.0,2.0,1.0,0.0,0.0
0.0,0.0,0.0,1.0,1.0,1.0,0.0,0.0,0.0,3.0,2.0,1.0,0.0,0.0
1.0,0.0,0.0,1.0,1.0,1.0,1.0,0.0,0.0,1.0,5.0,1.0,591.1263227631415,1.0
0.0,0.0,1.0,1.0,1.0,1.0,1.0,0.0,0.0,2.0,4.0,2.0,629.9937327136081,0.0
0.0,0.0,0.0,2.0,1.0,2.0,1.0,0.0,0.0,2.0,2.0,1.0,0.0,1.0
1.0,0.0,0.0,2.0,3.0,2.0,1.0,0.0,0.0,2.0,6.0,1.0,240.9469894391548,0.0
1.0,0.0,0.0,1.0,1.0,1.0,1.0,0.0,0.0,2.0,1.0,1.0,351.1829470493936,1.0
0.0,0.0,1.0,1.0,1.0,1.0,1.0,0.0,0.0,1.0,2.0,2.0,58.54837628912166,1.0
0.0,0.0,1.0,1.0,1.0,2.0,0.0,0.0,0.0,3.0,1.0,2.0,566.8722577696054,0.0
0.0,0.0,0.0,2.0,1.0,1.0,0.0,0.0,0.0,3.0,3.0,1.0,0.0,1.0
1.0,0.0,0.0,1.0,1.0,1.0,0.0,1.0,0.0,2.0,2.0,1.0,256.26863703604397,0.0
1.0,0.0,0.0,2.0,1.0,1.0,0.0,0.0,0.0,3.0,2.0,1.0,0.0,0.0
0.0,0.0,1.0,1.0,1.0,1.0,0.0,0.0,0.0,3.0,1.0,2.0,317.58736373088436,1.0
0.0,0.0,0.0,1.0,1.0,1.0,1.0,1.0,0.0,1.0,3.0,1.0,249.38710281010282,1.0
0.0,1.0,0.0,1.0,1.0,1.0,1.0,1.0,1.0,2.0,3.0,1.0,0.0,1.0
0.0,0.0,0.0,1.0,3.0,3.0,0.0,0.0,0.0,3.0,2.0,1.0,417.01368947919417,0.0
0.0,0.0,1.0,1.0,2.0,1.0,1.0,1.0,0.0,1.0,2.0,2.0,615.0447288865056,0.0
0.0,0.0,1.0,1.0,2.0,3.0,1.0,1.0,1.0,1.0,2.0,2.0,271.4549266381799,1.0
0.0,0.0,1.0,1.0,1.0,2.0,1.0,0.0,0.0,3.0,1.0,2.0,112.09675257824334,1.0
1.0,0.0,1.0,1.0,1.0,1.0,0.0,0.0,0.0,3.0,1.0,2.0,97.9953448139174,1.0
1.0,1.0,1.0,1.0,1.0,1.0,1.0,1.0,1.0,1.0,1.0,2.0,56.74152899393813,0.0
0.0,0.0,0.0,2.0,1.0,3.0,1.0,1.0,0.0,2.0,3.0,1.0,147.39797332502383,1.0
1.0,0.0,1.0,1.0,1.0,3.0,0.0,0.0,0.0,3.0,1.0,2.0,600.9313781760828,1.0
0.0,0.0,0.0,1.0,1.0,2.0,1.0,1.0,0.0,1.0,6.0,1.0,202.99310676710473,1.0
1.0,0.0,0.0,1.0,1.0,1.0,0.0,0.0,0.0,2.0,2.0,1.0,181.17757005411812,0.0
1.0,0.0,0.0,1.0,1.0,3.0,1.0,0.0,0.0,2.0,3.0,1.0,398.6401020560684,1.0
0.0,0.0,0.0,3.0,1.0,1.0,1.0,1.0,0.0,1.0,2.0,1.0,0.0,1.0
0.0,0.0,0.0,2.0,1.0,1.0,1.0,1.0,0.0,1.0,2.0,1.0,229.0352336310816,0.0
0.0,0.0,0.0,3.0,1.0,1.0,1.0,0.0,0.0,2.0,3.0,1.0,99.6600255140171,0.0
0.0,1.0,0.0,1.0,1.0,3.0,1.0,0.0,0.0,2.0,2.0,1.0,0.0,0.0
0.0,0.0,1.0,1.0,3.0,3.0,0.0,0.0,0.0,3.0,1.0,2.0,386.4342747060057,0.0
0.0,0.0,1.0,1.0,3.0,3.0,1.0,1.0,0.0,1.0,2.0,2.0,154.1271095734334,1.0
0.0,0.0,0.0,2.0,1.0,1.0,1.0,1.0,0.0,1.0,2.0,1.0,118.64288751668704,0.0
1.0,0.0,1.0,2.0,1.0,1.0,1.0,0.0,0.0,2.0,4.0,2.0,45.47180224955869,1.0
1.0,1.0,0.0,1.0,1.0,1.0,1.0,1.0,1.0,2.0,2.0,1.0,59.37015357095852,1.0
0.0,0.0,0.0,3.0,1.0,1.0,1.0,1.0,1.0,2.0,2.0,1.0,354.82297044409603,0.0
1.0,1.0,0.0,1.0,1.0,2.0,1.0,1.0,1.0,2.0,2.0,1.0,15.126004349385571,1.0
0.0,0.0,1.0,2.0,1.0,2.0,1.0,1.0,0.0,1.0,2.0,2.0,30.0,0.0
1.0,0.0,0.0,1.0,1.0,2.0,1.0,1.0,0.0,1.0,2.0,1.0,102.93197868032091,1.0
1.0,0.0,1.0,1.0,3.0,2.0,0.0,0.0,0.0,3.0,4.0,2.0,30.494108027469835,1.0
0.0,0.0,0.0,1.0,3.0,2.0,1.0,0.0,0.0,1.0,2.0,1.0,127.88003401868949,1.0
1.0,0.0,0.0,1.0,1.0,1.0,1.0,0.0,0.0,1.0,2.0,1.0,58.98125154686872,1.0
0.0,0.0,0.0,1.0,1.0,2.0,1.0,0.0,0.0,2.0,2.0,1.0,108.89717201601957,1.0
0.0,1.0,1.0,2.0,1.0,3.0,1.0,0.0,0.0,2.0,2.0,2.0,427.1143950600734,0.0
0.0,0.0,1.0,1.0,1.0,2.0,0.0,0.0,0.0,2.0,1.0,2.0,633.4007359633257,1.0
0.0,0.0,0.0,2.0,1.0,1.0,0.0,0.0,0.0,2.0,3.0,1.0,226.19455375092724,0.0
1.0,0.0,1.0,1.0,1.0,3.0,0.0,0.0,0.0,2.0,1.0,2.0,0.0,1.0
0.0,0.0,1.0,1.0,3.0,2.0,1.0,1.0,0.0,1.0,2.0,2.0,0.0,1.0
0.0,0.0,1.0,1.0,1.0,3.0,0.0,0.0,0.0,3.0,2.0,2.0,291.834675619716,1.0
0.0,0.0,0.0,2.0,1.0,2.0,1.0,1.0,1.0,1.0,3.0,1.0,265.9890610769165,1.0
0.0,1.0,1.0,2.0,3.0,3.0,1.0,0.0,0.0,3.0,2.0,2.0,345.3882958077445,0.0
0.0,0.0,0.0,1.0,1.0,1.0,1.0,0.0,0.0,3.0,1.0,1.0,10.149955859276496,0.0
0.0,0.0,1.0,1.0,1.0,1.0,1.0,1.0,0.0,1.0,2.0,2.0,689.8976677218809,0.0
1.0,1.0,1.0,1.0,3.0,3.0,1.0,1.0,1.0,2.0,2.0,2.0,0.0,0.0
0.0,0.0,0.0,1.0,1.0,1.0,1.0,0.0,0.0,3.0,2.0,1.0,154.8441198749939,0.0
1.0,0.0,1.0,1.0,1.0,1.0,1.0,1.0,0.0,1.0,2.0,2.0,341.6915160480586,0.0
1.0,0.0,1.0,1.0,1.0,1.0,1.0,1.0,0.0,1.0,2.0,2.0,98.12419639393521,1.0
0.0,0.0,1.0,2.0,1.0,1.0,1.0,1.0,0.0,1.0,2.0,2.0,54.70613909514806,1.0
1.0,1.0,0.0,1.0,1.0,2.0,1.0,1.0,1.0,1.0,2.0,1.0,133.26741127135756,1.0
1.0,1.0,1.0,1.0,3.0,3.0,1.0,0.0,1.0,1.0,3.0,2.0,584.2924924421804,0.0
0.0,0.0,0.0,1.0,3.0,3.0,0.0,0.0,0.0,3.0,6.0,1.0,114.40364277283213,1.0
1.0,0.0,1.0,1.0,1.0,1.0,0.0,0.0,0.0,3.0,2.0,2.0,92.21369265536663,1.0
1.0,0.0,1.0,1.0,3.0,3.0,1.0,1.0,0.0,3.0,2.0,2.0,140.23608729644542,0.0
0.0,0.0,0.0,2.0,1.0,2.0,0.0,0.0,0.0,3.0,1.0,1.0,104.57172038281675,1.0
0.0,0.0,0.0,1.0,3.0,3.0,1.0,0.0,0.0,1.0,1.0,1.0,346.4879086945866,1.0
0.0,0.0,0.0,1.0,1.0,2.0,1.0,1.0,0.0,1.0,3.0,1.0,152.14518502858454,0.0
1.0,1.0,0.0,1.0,1.0,2.0,1.0,0.0,0.0,3.0,3.0,1.0,186.89230328759618,1.0
1.0,0.0,1.0,1.0,1.0,1.0,0.0,0.0,0.0,3.0,2.0,2.0,0.0,0.0
0.0,0.0,1.0,1.0,1.0,2.0,0.0,0.0,0.0,3.0,1.0,2.0,306.0009580515069,1.0
0.0,0.0,1.0,2.0,1.0,2.0,1.0,1.0,0.0,2.0,3.0,2.0,236.01876585043777,0.0
1.0,0.0,1.0,1.0,2.0,2.0,1.0,0.0,0.0,3.0,1.0,2.0,345.6824288864804,0.0
1.0,0.0,1.0,1.0,3.0,2.0,1.0,0.0,0.0,2.0,2.0,2.0,382.9874886476518,0.0
1.0,0.0,1.0,1.0,1.0,1.0,1.0,0.0,0.0,2.0,3.0,2.0,171.6920652507105,1.0
0.0,0.0,1.0,1.0,1.0,1.0,1.0,0.0,0.0,2.0,1.0,2.0,474.44554925759644,0.0
0.0,1.0,1.0,1.0,1.0,2.0,1.0,1.0,1.0,1.0,2.0,2.0,116.34478493989035,0.0
1.0,1.0,1.0,1.0,3.0,3.0,1.0,1.0,1.0,1.0,2.0,2.0,145.74093667704562,1.0
1.0,0.0,1.0,2.0,1.0,1.0,1.0,1.0,0.0,1.0,1.0,2.0,0.0,0.0
1.0,0.0,1.0,1.0,3.0,2.0,1.0,1.0,0.0,1.0,3.0,2.0,210.24085742059518,1.0
0.0,0.0,0.0,1.0,3.0,3.0,1.0,0.0,0.0,1.0,5.0,1.0,759.314480106797,0.0
0.0,0.0,0.0,1.0,1.0,1.0,1.0,1.0,1.0,1.0,3.0,1.0,98.23631086381687,1.0
1.0,1.0,1.0,1.0,1.0,1.0,0.0,0.0,0.0,3.0,2.0,2.0,463.88552638450284,1.0
0.0,1.0,0.0,2.0,1.0,3.0,1.0,0.0,0.0,1.0,2.0,1.0,222.28789864270607,0.0
1.0,0.0,1.0,1.0,3.0,3.0,0.0,1.0,1.0,2.0,2.0,2.0,348.9462751762719,1.0
1.0,0.0,1.0,1.0,2.0,3.0,0.0,1.0,0.0,2.0,2.0,2.0,25.660655545466597,0.0
0.0,1.0,1.0,1.0,3.0,3.0,1.0,1.0,0.0,1.0,2.0,2.0,706.9238683938188,0.0
0.0,0.0,1.0,2.0,1.0,1.0,1.0,1.0,0.0,1.0,2.0,2.0,189.77821970303856,1.0
0.0,1.0,1.0,2.0,1.0,2.0,1.0,0.0,0.0,3.0,1.0,2.0,29.12638482952179,1.0
0.0,0.0,1.0,1.0,1.0,2.0,1.0,1.0,0.0,1.0,2.0,2.0,903.5205536090596,0.0
1.0,0.0,0.0,1.0,1.0,2.0,1.0,1.0,0.0,1.0,3.0,1.0,30.0,0.0
0.0,0.0,0.0,1.0,1.0,1.0,1.0,1.0,0.0,1.0,2.0,1.0,175.71831433772638,1.0
0.0,0.0,0.0,1.0,1.0,1.0,1.0,0.0,0.0,1.0,3.0,1.0,474.44554925759644,1.0
0.0,1.0,0.0,3.0,1.0,1.0,1.0,1.0,0.0,1.0,2.0,1.0,759.8912094330191,0.0
0.0,0.0,0.0,3.0,1.0,2.0,0.0,0.0,0.0,3.0,1.0,1.0,266.12548775164794,1.0
0.0,0.0,0.0,3.0,1.0,1.0,0.0,0.0,0.0,2.0,1.0,1.0,0.0,1.0
1.0,0.0,1.0,1.0,1.0,2.0,0.0,0.0,0.0,2.0,2.0,2.0,30.0,0.0
0.0,0.0,1.0,1.0,1.0,2.0,1.0,0.0,0.0,3.0,1.0,2.0,918.3127766238828,1.0
0.0,0.0,1.0,1.0,1.0,2.0,0.0,0.0,0.0,2.0,3.0,2.0,353.1239842153984,0.0
0.0,0.0,1.0,1.0,3.0,3.0,1.0,0.0,0.0,3.0,2.0,2.0,664.223768960635,1.0
0.0,0.0,0.0,1.0,1.0,2.0,1.0,0.0,0.0,2.0,2.0,1.0,30.0,0.0
1.0,0.0,0.0,1.0,1.0,2.0,1.0,0.0,0.0,3.0,2.0,1.0,210.24085742059518,1.0
1.0,0.0,1.0,1.0,1.0,1.0,1.0,0.0,0.0,2.0,3.0,2.0,58.519102100977086,1.0
0.0,1.0,0.0,1.0,2.0,3.0,0.0,0.0,0.0,3.0,1.0,1.0,458.15626956962745,1.0
1.0,1.0,1.0,2.0,1.0,3.0,1.0,0.0,0.0,1.0,2.0,2.0,137.2227569276289,1.0
0.0,0.0,1.0,1.0,1.0,1.0,1.0,0.0,0.0,1.0,1.0,2.0,31.893765982503552,1.0
0.0,0.0,0.0,3.0,1.0,1.0,0.0,0.0,0.0,3.0,1.0,1.0,206.52824235738797,0.0
1.0,0.0,1.0,1.0,1.0,2.0,1.0,0.0,0.0,1.0,2.0,2.0,64.98360603309075,1.0
0.0,0.0,1.0,2.0,1.0,2.0,0.0,0.0,0.0,2.0,2.0,2.0,203.9047993880393,0.0
0.0,0.0,1.0,1.0,1.0,1.0,0.0,0.0,0.0,2.0,2.0,2.0,0.0,1.0
1.0,1.0,1.0,1.0,1.0,3.0,0.0,0.0,0.0,2.0,2.0,2.0,85.3807999922656,0.0
0.0,0.0,0.0,2.0,1.0,1.0,0.0,0.0,0.0,2.0,2.0,1.0,54.490434550924974,1.0
1.0,0.0,1.0,1.0,3.0,2.0,1.0,0.0,0.0,2.0,2.0,2.0,289.9810838413877,1.0
0.0,0.0,1.0,1.0,1.0,1.0,1.0,0.0,0.0,3.0,1.0,2.0,284.82667857816847,0.0
0.0,0.0,1.0,1.0,1.0,1.0,1.0,0.0,0.0,3.0,1.0,2.0,300.2071669307077,1.0
0.0,0.0,1.0,1.0,1.0,2.0,0.0,0.0,0.0,3.0,2.0,2.0,169.87329909817393,1.0
1.0,1.0,1.0,1.0,3.0,2.0,0.0,1.0,1.0,2.0,2.0,2.0,234.26110023083413,1.0
1.0,0.0,0.0,1.0,1.0,2.0,0.0,1.0,0.0,2.0,2.0,1.0,30.0,0.0
1.0,0.0,0.0,1.0,1.0,1.0,1.0,1.0,0.0,1.0,2.0,1.0,139.06481001801035,1.0
0.0,0.0,1.0,1.0,1.0,1.0,1.0,1.0,0.0,1.0,2.0,2.0,348.5920322081714,1.0
1.0,0.0,1.0,1.0,1.0,3.0,0.0,0.0,0.0,3.0,4.0,2.0,193.578313561047,1.0
0.0,1.0,1.0,3.0,1.0,3.0,0.0,0.0,0.0,3.0,1.0,2.0,232.21043616545808,0.0
1.0,0.0,1.0,2.0,1.0,2.0,1.0,0.0,0.0,3.0,1.0,2.0,338.7358004371286,1.0
1.0,1.0,1.0,1.0,3.0,3.0,1.0,1.0,1.0,3.0,1.0,2.0,616.7792140348753,1.0
0.0,0.0,1.0,1.0,2.0,1.0,1.0,0.0,0.0,3.0,1.0,2.0,402.2733669069265,1.0
0.0,0.0,1.0,1.0,1.0,3.0,1.0,1.0,0.0,1.0,2.0,2.0,255.44148372029002,0.0
0.0,0.0,0.0,1.0,1.0,1.0,1.0,0.0,0.0,1.0,4.0,1.0,229.0352336310816,0.0
0.0,0.0,1.0,2.0,1.0,2.0,1.0,0.0,0.0,3.0,4.0,2.0,36.71571810599919,1.0
0.0,0.0,1.0,1.0,1.0,1.0,0.0,0.0,0.0,3.0,1.0,2.0,291.48968414059254,0.0
1.0,0.0,1.0,1.0,1.0,2.0,0.0,0.0,0.0,3.0,1.0,2.0,169.94566687499284,1.0
1.0,1.0,1.0,2.0,2.0,3.0,1.0,0.0,0.0,3.0,1.0,2.0,219.36578761011774,0.0
0.0,0.0,1.0,1.0,1.0,1.0,1.0,0.0,0.0,2.0,1.0,2.0,1192.9571377128536,1.0
0.0,0.0,0.0,1.0,3.0,3.0,1.0,0.0,0.0,3.0,1.0,1.0,364.74036944837053,0.0
0.0,1.0,1.0,2.0,2.0,3.0,1.0,0.0,0.0,2.0,3.0,2.0,284.0874572460215,1.0
0.0,0.0,1.0,2.0,1.0,1.0,1.0,1.0,1.0,1.0,2.0,2.0,32.47985874968479,0.0
0.0,0.0,1.0,2.0,1.0,2.0,1.0,1.0,1.0,1.0,2.0,2.0,137.24315419679652,1.0
1.0,0.0,1.0,1.0,3.0,3.0,0.0,0.0,0.0,3.0,1.0,2.0,60.91880852467537,1.0
0.0,0.0,1.0,1.0,1.0,2.0,0.0,0.0,0.0,3.0,2.0,2.0,30.0,0.0
0.0,0.0,0.0,1.0,1.0,2.0,0.0,0.0,0.0,3.0,2.0,1.0,426.9617249639514,1.0
1.0,0.0,0.0,1.0,1.0,1.0,0.0,0.0,0.0,3.0,2.0,1.0,0.0,1.0
0.0,0.0,1.0,1.0,1.0,3.0,1.0,1.0,0.0,1.0,3.0,2.0,297.02500831822607,0.0
0.0,0.0,1.0,1.0,1.0,1.0,0.0,0.0,0.0,3.0,2.0,2.0,0.0,1.0
0.0,0.0,0.0,2.0,1.0,3.0,1.0,0.0,0.0,1.0,3.0,1.0,311.6451529409553,0.0
1.0,0.0,1.0,1.0,1.0,1.0,1.0,0.0,0.0,3.0,1.0,2.0,448.6969196646482,0.0
1.0,1.0,1.0,1.0,1.0,1.0,0.0,1.0,0.0,3.0,2.0,2.0,48.9619464882105,1.0
1.0,1.0,1.0,1.0,1.0,1.0,1.0,1.0,1.0,3.0,2.0,2.0,477.0799056853091,0.0
1.0,1.0,1.0,1.0,1.0,2.0,1.0,1.0,0.0,2.0,3.0,2.0,0.0,1.0
1.0,1.0,1.0,1.0,1.0,1.0,1.0,1.0,1.0,2.0,2.0,2.0,220.60410782140156,0.0
1.0,1.0,0.0,1.0,3.0,3.0,1.0,0.0,1.0,2.0,2.0,1.0,0.0,0.0
0.0,0.0,0.0,1.0,1.0,2.0,1.0,0.0,0.0,2.0,3.0,1.0,479.994150686372,1.0
0.0,0.0,0.0,1.0,1.0,1.0,1.0,0.0,1.0,1.0,3.0,1.0,710.2368015231659,0.0
1.0,0.0,1.0,1.0,1.0,2.0,1.0,0.0,0.0,1.0,2.0,2.0,114.21651670432252,1.0
0.0,0.0,1.0,1.0,1.0,2.0,0.0,0.0,0.0,3.0,1.0,2.0,314.2350217164358,1.0
0.0,0.0,1.0,1.0,1.0,3.0,1.0,0.0,0.0,1.0,1.0,2.0,303.6451515248617,0.0
0.0,0.0,1.0,1.0,1.0,2.0,1.0,1.0,1.0,2.0,1.0,2.0,472.09241313021295,0.0
0.0,0.0,1.0,1.0,1.0,1.0,0.0,0.0,0.0,2.0,1.0,2.0,118.899356915255,0.0
0.0,0.0,1.0,1.0,1.0,3.0,0.0,1.0,0.0,2.0,5.0,2.0,112.9334758235664,1.0
0.0,0.0,1.0,1.0,1.0,1.0,1.0,0.0,0.0,3.0,2.0,2.0,0.0,1.0
1.0,0.0,1.0,1.0,1.0,1.0,1.0,0.0,0.0,3.0,2.0,2.0,206.19750932219068,1.0
0.0,1.0,1.0,1.0,1.0,1.0,1.0,0.0,0.0,3.0,2.0,2.0,128.35115803708538,1.0
0.0,0.0,0.0,1.0,1.0,3.0,0.0,0.0,0.0,3.0,1.0,1.0,109.94910464519349,0.0
1.0,0.0,1.0,1.0,1.0,1.0,0.0,0.0,0.0,3.0,1.0,2.0,527.7637058479913,1.0
0.0,0.0,0.0,1.0,3.0,3.0,0.0,0.0,0.0,3.0,2.0,1.0,379.5564394060771,1.0
0.0,0.0,1.0,1.0,1.0,2.0,0.0,0.0,0.0,3.0,1.0,2.0,336.60079546546933,1.0
0.0,0.0,1.0,2.0,1.0,2.0,0.0,0.0,0.0,3.0,2.0,2.0,30.0,0.0
0.0,1.0,0.0,3.0,1.0,3.0,1.0,1.0,1.0,1.0,1.0,1.0,229.916947945191,0.0
1.0,1.0,1.0,1.0,1.0,1.0,1.0,1.0,1.0,1.0,2.0,2.0,3.86149431801808,1.0
0.0,0.0,0.0,1.0,1.0,2.0,1.0,0.0,0.0,1.0,3.0,1.0,300.8024050130265,0.0
0.0,0.0,0.0,1.0,3.0,3.0,1.0,0.0,0.0,1.0,3.0,1.0,95.5129903210755,0.0
0.0,0.0,1.0,1.0,1.0,1.0,1.0,1.0,0.0,1.0,3.0,2.0,0.0,1.0
1.0,0.0,1.0,1.0,1.0,1.0,1.0,0.0,1.0,1.0,2.0,2.0,197.06890087163512,1.0
0.0,0.0,0.0,1.0,1.0,2.0,1.0,0.0,0.0,1.0,5.0,1.0,393.534261376381,1.0
1.0,0.0,1.0,1.0,1.0,1.0,0.0,0.0,0.0,3.0,1.0,2.0,192.97294571139446,0.0
1.0,0.0,1.0,1.0,1.0,1.0,1.0,1.0,0.0,1.0,2.0,2.0,379.5564394060771,1.0
1.0,0.0,1.0,1.0,3.0,2.0,1.0,0.0,0.0,2.0,3.0,2.0,231.87658120910723,0.0
1.0,0.0,1.0,1.0,1.0,2.0,1.0,0.0,0.0,1.0,2.0,2.0,65.72784462465324,0.0
0.0,0.0,1.0,1.0,1.0,1.0,1.0,0.0,0.0,1.0,2.0,2.0,369.3674364222327,1.0
0.0,0.0,0.0,1.0,1.0,1.0,1.0,0.0,0.0,2.0,3.0,1.0,121.19513891848183,1.0
0.0,0.0,0.0,1.0,3.0,3.0,1.0,0.0,0.0,2.0,5.0,1.0,297.02500831822607,0.0
0.0,0.0,0.0,2.0,1.0,1.0,0.0,0.0,0.0,2.0,3.0,1.0,168.3049640619786,0.0
0.0,0.0,1.0,1.0,1.0,1.0,1.0,1.0,0.0,1.0,3.0,2.0,157.4475761006708,0.0
1.0,0.0,1.0,2.0,1.0,1.0,1.0,0.0,0.0,3.0,1.0,2.0,138.96410912123477,1.0
1.0,0.0,1.0,1.0,3.0,2.0,0.0,0.0,0.0,3.0,1.0,2.0,277.874896214409,0.0
1.0,1.0,0.0,1.0,1.0,1.0,1.0,1.0,1.0,2.0,1.0,1.0,122.97692162030262,0.0
1.0,1.0,0.0,1.0,1.0,3.0,1.0,1.0,1.0,2.0,3.0,1.0,284.6902932021395,1.0
0.0,0.0,1.0,3.0,1.0,1.0,1.0,0.0,0.0,3.0,2.0,2.0,29.73159733431959,1.0
0.0,0.0,0.0,1.0,1.0,1.0,1.0,0.0,0.0,1.0,2.0,1.0,145.47580997255997,0.0
1.0,0.0,1.0,1.0,1.0,1.0,1.0,0.0,0.0,1.0,2.0,2.0,14.600501337099713,1.0
0.0,0.0,1.0,3.0,3.0,2.0,1.0,1.0,0.0,1.0,2.0,2.0,409.5564394060771,0.0
0.0,0.0,1.0,1.0,1.0,2.0,1.0,0.0,0.0,1.0,2.0,2.0,358.85875601094506,0.0
1.0,1.0,1.0,1.0,1.0,3.0,1.0,1.0,1.0,3.0,4.0,2.0,173.4208470730516,1.0
0.0,0.0,1.0,2.0,3.0,3.0,0.0,0.0,0.0,3.0,4.0,2.0,347.56820585068346,0.0
0.0,0.0,0.0,2.0,1.0,1.0,1.0,0.0,0.0,3.0,1.0,1.0,112.93946926076605,1.0
1.0,0.0,1.0,1.0,1.0,2.0,1.0,0.0,0.0,1.0,3.0,2.0,129.63669530946993,1.0
0.0,0.0,1.0,2.0,1.0,1.0,1.0,1.0,0.0,1.0,2.0,2.0,7.0373027290983705,1.0
0.0,0.0,1.0,1.0,1.0,1.0,1.0,1.0,0.0,1.0,2.0,2.0,129.0132332300658,0.0
1.0,0.0,0.0,2.0,1.0,1.0,0.0,0.0,0.0,3.0,1.0,1.0,77.86384630647676,0.0
0.0,0.0,1.0,1.0,1.0,1.0,0.0,0.0,0.0,3.0,2.0,2.0,0.0,1.0
1.0,0.0,1.0,1.0,1.0,2.0,0.0,0.0,0.0,3.0,1.0,2.0,74.40019780429722,1.0
0.0,0.0,0.0,1.0,1.0,1.0,0.0,0.0,0.0,3.0,1.0,1.0,381.93911472078423,1.0
0.0,0.0,1.0,1.0,1.0,2.0,0.0,0.0,0.0,2.0,2.0,2.0,387.8584538719578,0.0
0.0,0.0,1.0,1.0,1.0,1.0,1.0,0.0,0.0,3.0,2.0,2.0,241.1788981797431,0.0
1.0,0.0,1.0,1.0,1.0,1.0,1.0,0.0,0.0,2.0,2.0,2.0,22.24870324353408,1.0
0.0,0.0,1.0,1.0,3.0,3.0,1.0,1.0,0.0,2.0,3.0,2.0,384.1988812086878,0.0
0.0,1.0,0.0,2.0,1.0,2.0,0.0,0.0,0.0,3.0,2.0,1.0,85.43120120098475,1.0
1.0,0.0,0.0,1.0,1.0,3.0,0.0,0.0,0.0,2.0,2.0,1.0,197.42098257264894,1.0
0.0,0.0,1.0,2.0,1.0,1.0,0.0,0.0,0.0,2.0,2.0,2.0,234.21977611212625,1.0
0.0,0.0,0.0,1.0,1.0,2.0,1.0,0.0,0.0,2.0,2.0,1.0,462.0338244603118,1.0
0.0,0.0,1.0,3.0,1.0,1.0,1.0,0.0,0.0,3.0,2.0,2.0,167.07154551820446,1.0
0.0,0.0,0.0,1.0,1.0,1.0,1.0,0.0,0.0,3.0,1.0,1.0,474.44554925759644,0.0
1.0,0.0,0.0,1.0,1.0,1.0,1.0,1.0,0.0,1.0,3.0,1.0,63.59680873946287,1.0
0.0,0.0,1.0,1.0,1.0,1.0,0.0,0.0,0.0,2.0,2.0,2.0,5.488910277105156,1.0
1.0,0.0,1.0,2.0,1.0,1.0,1.0,1.0,0.0,1.0,2.0,2.0,81.96772680477034,0.0
0.0,0.0,1.0,1.0,3.0,3.0,0.0,0.0,0.0,2.0,2.0,2.0,646.1654247745333,1.0
0.0,0.0,1.0,1.0,1.0,2.0,1.0,0.0,0.0,3.0,1.0,2.0,183.53424389674103,1.0
1.0,0.0,1.0,1.0,3.0,2.0,1.0,0.0,0.0,1.0,2.0,2.0,328.8612613491768,1.0
1.0,0.0,1.0,1.0,1.0,2.0,0.0,0.0,0.0,2.0,1.0,2.0,210.0754034806166,1.0
0.0,0.0,1.0,3.0,3.0,2.0,1.0,1.0,0.0,1.0,2.0,2.0,0.0,1.0
1.0,1.0,1.0,1.0,1.0,2.0,1.0,1.0,1.0,1.0,2.0,2.0,0.0,1.0
1.0,1.0,1.0,1.0,1.0,2.0,1.0,1.0,1.0,2.0,3.0,2.0,621.2681250200271,1.0
0.0,0.0,1.0,1.0,1.0,1.0,1.0,1.0,0.0,1.0,1.0,2.0,0.0,1.0
1.0,1.0,1.0,1.0,1.0,2.0,1.0,1.0,1.0,1.0,2.0,2.0,189.87058443398757,1.0
1.0,1.0,1.0,1.0,3.0,3.0,1.0,1.0,1.0,3.0,2.0,2.0,218.49666237587098,1.0
0.0,0.0,1.0,1.0,1.0,1.0,1.0,1.0,0.0,3.0,4.0,2.0,168.9334857362212,1.0
0.0,1.0,1.0,2.0,1.0,2.0,1.0,0.0,0.0,2.0,2.0,2.0,550.1012926313878,1.0
1.0,1.0,0.0,1.0,1.0,3.0,1.0,1.0,1.0,2.0,2.0,1.0,0.0,0.0
1.0,0.0,0.0,1.0,1.0,1.0,1.0,0.0,0.0,3.0,3.0,1.0,250.32055880835958,0.0
1.0,0.0,0.0,1.0,1.0,2.0,1.0,1.0,1.0,1.0,5.0,1.0,381.7680117547925,1.0
1.0,0.0,1.0,1.0,1.0,2.0,1.0,0.0,0.0,1.0,3.0,2.0,141.77402687239842,0.0
1.0,0.0,0.0,1.0,3.0,2.0,1.0,1.0,1.0,1.0,2.0,1.0,468.0036996790392,1.0
0.0,0.0,0.0,1.0,1.0,1.0,0.0,0.0,0.0,2.0,3.0,1.0,193.1951516633237,0.0
1.0,0.0,1.0,1.0,1.0,3.0,0.0,0.0,0.0,2.0,4.0,2.0,118.92638933727838,1.0
1.0,1.0,0.0,1.0,3.0,3.0,0.0,1.0,1.0,2.0,3.0,1.0,0.0,1.0
0.0,1.0,1.0,3.0,1.0,2.0,1.0,1.0,1.0,1.0,2.0,2.0,451.1442497904912,1.0
0.0,0.0,1.0,2.0,1.0,1.0,1.0,0.0,1.0,3.0,1.0,2.0,341.60079546546933,0.0
1.0,0.0,1.0,1.0,2.0,2.0,1.0,1.0,0.0,1.0,1.0,2.0,262.58728978128437,1.0
1.0,1.0,0.0,1.0,1.0,2.0,1.0,1.0,1.0,1.0,3.0,1.0,59.64011549636784,0.0
1.0,1.0,0.0,1.0,1.0,3.0,1.0,1.0,1.0,1.0,3.0,1.0,0.0,1.0
1.0,0.0,1.0,1.0,1.0,2.0,0.0,0.0,0.0,3.0,1.0,2.0,7.508572892922286,1.0
1.0,0.0,1.0,1.0,3.0,3.0,1.0,1.0,0.0,1.0,3.0,2.0,635.5881949209161,0.0
0.0,0.0,0.0,1.0,1.0,1.0,1.0,0.0,0.0,3.0,2.0,1.0,14.291137849861306,0.0
0.0,1.0,1.0,2.0,1.0,1.0,0.0,0.0,0.0,3.0,2.0,2.0,79.58919901802474,1.0
1.0,0.0,1.0,1.0,1.0,1.0,1.0,1.0,0.0,1.0,6.0,2.0,0.0,1.0
1.0,0.0,1.0,1.0,1.0,1.0,1.0,1.0,0.0,1.0,2.0,2.0,0.0,0.0
0.0,0.0,0.0,2.0,1.0,1.0,1.0,0.0,0.0,3.0,4.0,1.0,1195.6027841291427,0.0
1.0,0.0,1.0,1.0,1.0,1.0,0.0,0.0,0.0,3.0,1.0,2.0,0.0,1.0
0.0,0.0,1.0,2.0,2.0,1.0,1.0,0.0,0.0,3.0,1.0,2.0,121.43324107579559,0.0
1.0,0.0,1.0,1.0,1.0,2.0,1.0,0.0,0.0,2.0,1.0,2.0,106.84474387947219,0.0
0.0,0.0,1.0,1.0,2.0,3.0,1.0,0.0,0.0,3.0,2.0,2.0,229.39028866435544,1.0
1.0,0.0,1.0,1.0,1.0,3.0,1.0,1.0,1.0,2.0,2.0,2.0,315.98073580555933,0.0
0.0,0.0,0.0,1.0,1.0,3.0,0.0,0.0,0.0,3.0,4.0,1.0,664.0473678278225,1.0
1.0,0.0,1.0,1.0,1.0,1.0,0.0,1.0,0.0,2.0,3.0,2.0,161.52374561730082,0.0
0.0,0.0,1.0,1.0,2.0,3.0,1.0,0.0,0.0,3.0,1.0,2.0,218.80582426181482,0.0
1.0,0.0,0.0,1.0,3.0,2.0,1.0,0.0,1.0,2.0,3.0,1.0,30.0,0.0
1.0,0.0,0.0,1.0,3.0,3.0,1.0,0.0,0.0,2.0,3.0,1.0,0.0,0.0
0.0,0.0,0.0,2.0,1.0,2.0,1.0,0.0,0.0,3.0,2.0,1.0,181.43253070045085,1.0
1.0,0.0,0.0,1.0,1.0,1.0,1.0,0.0,0.0,1.0,5.0,1.0,171.6920652507105,1.0
1.0,0.0,0.0,1.0,1.0,1.0,1.0,0.0,0.0,3.0,1.0,1.0,0.0,1.0
1.0,0.0,0.0,1.0,3.0,3.0,1.0,0.0,0.0,1.0,3.0,1.0,0.0,0.0
1.0,0.0,0.0,1.0,3.0,2.0,1.0,0.0,0.0,1.0,1.0,1.0,130.11005410191922,1.0
0.0,0.0,0.0,2.0,1.0,3.0,1.0,0.0,0.0,1.0,3.0,1.0,72.45361565778805,1.0
0.0,0.0,1.0,1.0,3.0,2.0,1.0,0.0,0.0,3.0,1.0,2.0,189.03297829566725,1.0
0.0,0.0,1.0,1.0,1.0,2.0,1.0,0.0,0.0,3.0,2.0,2.0,0.0,1.0
0.0,0.0,0.0,1.0,1.0,3.0,1.0,0.0,0.0,3.0,2.0,1.0,251.5766699989472,1.0
0.0,0.0,1.0,1.0,1.0,2.0,1.0,0.0,0.0,1.0,1.0,2.0,203.04638602344505,1.0
0.0,0.0,1.0,2.0,1.0,2.0,1.0,0.0,0.0,1.0,3.0,2.0,0.0,1.0
0.0,0.0,1.0,1.0,1.0,1.0,1.0,0.0,0.0,1.0,2.0,2.0,146.5647404705694,1.0
1.0,0.0,1.0,2.0,1.0,1.0,1.0,1.0,0.0,1.0,2.0,2.0,181.17757005411812,0.0
1.0,1.0,1.0,1.0,1.0,1.0,1.0,1.0,1.0,2.0,2.0,2.0,51.00744622700568,0.0
0.0,0.0,1.0,1.0,1.0,3.0,0.0,0.0,0.0,3.0,4.0,2.0,0.0,0.0
1.0,0.0,1.0,1.0,1.0,1.0,0.0,0.0,0.0,3.0,2.0,2.0,94.1348112523534,1.0
0.0,0.0,1.0,1.0,1.0,3.0,0.0,1.0,0.0,3.0,3.0,2.0,0.0,0.0
1.0,1.0,1.0,1.0,1.0,3.0,1.0,1.0,1.0,1.0,1.0,2.0,39.76714577151324,0.0
1.0,0.0,1.0,1.0,1.0,1.0,1.0,1.0,1.0,1.0,3.0,2.0,92.89567204058703,1.0
0.0,0.0,1.0,1.0,1.0,1.0,0.0,1.0,0.0,2.0,1.0,2.0,168.3049640619786,0.0
0.0,1.0,0.0,1.0,3.0,3.0,1.0,1.0,0.0,3.0,4.0,1.0,295.4959618690516,1.0
1.0,0.0,0.0,1.0,1.0,2.0,1.0,0.0,0.0,3.0,2.0,1.0,0.0,1.0
0.0,0.0,1.0,1.0,1.0,2.0,0.0,0.0,0.0,2.0,1.0,2.0,312.47413658994685,1.0
1.0,0.0,0.0,1.0,1.0,2.0,1.0,1.0,1.0,2.0,2.0,1.0,240.9469894391548,0.0
1.0,0.0,1.0,1.0,1.0,2.0,0.0,0.0,0.0,3.0,2.0,2.0,0.0,1.0
0.0,0.0,1.0,1.0,2.0,1.0,0.0,0.0,0.0,3.0,2.0,2.0,648.5168492610424,0.0
0.0,0.0,1.0,1.0,1.0,1.0,1.0,0.0,0.0,3.0,1.0,2.0,730.4521046106049,1.0
1.0,0.0,0.0,1.0,1.0,3.0,1.0,1.0,0.0,1.0,2.0,1.0,398.42842069669354,0.0
0.0,0.0,0.0,1.0,1.0,1.0,1.0,1.0,0.0,1.0,2.0,1.0,231.948091979789,1.0
0.0,0.0,0.0,2.0,1.0,1.0,1.0,0.0,0.0,1.0,2.0,1.0,286.53957033860894,1.0
0.0,0.0,1.0,2.0,3.0,3.0,1.0,1.0,0.0,1.0,3.0,2.0,545.4674807157114,0.0
1.0,0.0,1.0,1.0,3.0,3.0,1.0,0.0,0.0,1.0,1.0,2.0,555.0231721297138,0.0
0.0,1.0,1.0,1.0,1.0,3.0,1.0,1.0,1.0,1.0,2.0,2.0,233.29541339291413,1.0
1.0,0.0,1.0,1.0,1.0,1.0,1.0,0.0,0.0,1.0,6.0,2.0,147.98769911591472,0.0
1.0,0.0,0.0,1.0,3.0,2.0,1.0,1.0,0.0,1.0,2.0,1.0,8.713718138755798,1.0
0.0,0.0,1.0,2.0,1.0,1.0,1.0,1.0,0.0,1.0,2.0,2.0,273.59381794392704,0.0
1.0,0.0,1.0,1.0,3.0,3.0,1.0,1.0,1.0,1.0,2.0,2.0,272.1779192856418,1.0
0.0,0.0,1.0,1.0,1.0,2.0,1.0,1.0,1.0,1.0,2.0,2.0,190.28206181169847,0.0
1.0,0.0,1.0,1.0,2.0,1.0,1.0,1.0,1.0,3.0,4.0,2.0,0.0,1.0
1.0,0.0,1.0,1.0,1.0,1.0,1.0,1.0,0.0,1.0,2.0,2.0,440.1240112680501,1.0
1.0,0.0,1.0,1.0,1.0,2.0,1.0,1.0,0.0,1.0,2.0,2.0,115.48326059476332,1.0
0.0,0.0,1.0,1.0,1.0,1.0,1.0,0.0,0.0,1.0,2.0,2.0,160.08284760135012,0.0
0.0,0.0,1.0,2.0,3.0,3.0,1.0,1.0,0.0,1.0,1.0,2.0,0.0,1.0
0.0,0.0,1.0,1.0,1.0,2.0,1.0,0.0,0.0,2.0,2.0,2.0,30.0,0.0
0.0,0.0,1.0,1.0,1.0,1.0,1.0,1.0,0.0,1.0,2.0,2.0,313.05090197597343,1.0
0.0,0.0,0.0,2.0,1.0,1.0,1.0,0.0,0.0,2.0,1.0,1.0,285.35022244621325,0.0
0.0,0.0,1.0,2.0,1.0,2.0,1.0,0.0,0.0,3.0,2.0,2.0,231.52256933616957,0.0
0.0,0.0,1.0,1.0,1.0,1.0,0.0,1.0,0.0,2.0,3.0,2.0,135.38534355821548,0.0
0.0,0.0,0.0,2.0,1.0,2.0,0.0,0.0,0.0,3.0,2.0,1.0,183.65881144469824,1.0
0.0,0.0,1.0,1.0,1.0,1.0,1.0,1.0,0.0,1.0,2.0,2.0,85.62700032284043,0.0
0.0,1.0,1.0,1.0,1.0,2.0,1.0,0.0,1.0,1.0,2.0,2.0,65.07824744965956,0.0
0.0,0.0,1.0,1.0,1.0,2.0,1.0,0.0,0.0,1.0,2.0,2.0,0.0,1.0
0.0,0.0,1.0,1.0,3.0,3.0,1.0,0.0,1.0,1.0,2.0,2.0,168.90324554202476,1.0
1.0,0.0,1.0,2.0,1.0,2.0,1.0,1.0,0.0,1.0,2.0,2.0,144.9165090104927,1.0
1.0,0.0,0.0,1.0,1.0,1.0,1.0,1.0,0.0,1.0,2.0,1.0,0.0,0.0
0.0,0.0,1.0,1.0,1.0,1.0,1.0,1.0,0.0,1.0,2.0,2.0,106.58471502277952,0.0
1.0,0.0,1.0,1.0,1.0,1.0,1.0,0.0,0.0,3.0,2.0,2.0,0.0,1.0
0.0,0.0,0.0,1.0,1.0,3.0,1.0,1.0,0.0,1.0,2.0,1.0,317.5213128661529,1.0
1.0,1.0,1.0,1.0,1.0,1.0,0.0,1.0,0.0,3.0,2.0,2.0,137.23189199197918,1.0
1.0,1.0,1.0,1.0,1.0,1.0,1.0,0.0,0.0,2.0,1.0,2.0,0.0,1.0
0.0,0.0,1.0,1.0,1.0,1.0,0.0,0.0,0.0,3.0,6.0,2.0,33.29938901443795,1.0
0.0,0.0,1.0,1.0,1.0,2.0,1.0,0.0,0.0,1.0,3.0,2.0,407.2006333050275,1.0
0.0,0.0,0.0,3.0,1.0,2.0,1.0,0.0,0.0,1.0,1.0,1.0,191.01762230249696,1.0
1.0,0.0,1.0,1.0,1.0,2.0,1.0,0.0,0.0,1.0,2.0,2.0,22.664107796609986,1.0
1.0,0.0,1.0,1.0,1.0,3.0,1.0,0.0,0.0,1.0,2.0,2.0,29.31294809411388,1.0
0.0,0.0,1.0,2.0,1.0,1.0,0.0,0.0,0.0,3.0,2.0,2.0,0.0,1.0
0.0,0.0,1.0,3.0,1.0,2.0,1.0,0.0,0.0,1.0,1.0,2.0,709.3164911682525,0.0
0.0,0.0,1.0,1.0,1.0,3.0,1.0,0.0,0.0,2.0,3.0,2.0,310.0026483878156,1.0
0.0,1.0,1.0,1.0,1.0,1.0,1.0,0.0,0.0,3.0,1.0,2.0,262.9022901330872,0.0
1.0,0.0,1.0,1.0,1.0,1.0,1.0,0.0,1.0,3.0,2.0,2.0,0.0,0.0
1.0,0.0,1.0,1.0,1.0,1.0,0.0,1.0,0.0,2.0,2.0,2.0,171.6920652507105,1.0
1.0,1.0,1.0,1.0,1.0,1.0,1.0,1.0,1.0,1.0,2.0,2.0,312.7064055958739,1.0
0.0,0.0,1.0,2.0,1.0,1.0,1.0,1.0,0.0,1.0,1.0,2.0,190.19074110169365,0.0
1.0,1.0,1.0,1.0,3.0,3.0,1.0,0.0,0.0,1.0,1.0,2.0,0.0,0.0
0.0,0.0,1.0,1.0,1.0,1.0,0.0,0.0,0.0,3.0,2.0,2.0,51.865450841449245,1.0
0.0,0.0,1.0,1.0,1.0,1.0,1.0,0.0,0.0,2.0,2.0,2.0,18.044365972047103,0.0
0.0,0.0,0.0,2.0,1.0,1.0,1.0,0.0,0.0,2.0,1.0,1.0,320.45937191504987,1.0
0.0,1.0,0.0,1.0,1.0,2.0,0.0,0.0,0.0,3.0,4.0,1.0,0.0,1.0
0.0,0.0,1.0,2.0,1.0,2.0,0.0,0.0,0.0,2.0,4.0,2.0,491.0530281856735,0.0
1.0,0.0,0.0,1.0,1.0,1.0,0.0,1.0,1.0,2.0,2.0,1.0,16.45758264752029,1.0
1.0,0.0,1.0,1.0,1.0,1.0,1.0,0.0,0.0,2.0,3.0,2.0,0.0,0.0
1.0,0.0,0.0,1.0,1.0,1.0,1.0,0.0,0.0,3.0,2.0,1.0,466.7304356732696,1.0
0.0,1.0,1.0,1.0,1.0,1.0,1.0,0.0,0.0,1.0,3.0,2.0,432.57942818498157,1.0
0.0,0.0,1.0,1.0,1.0,1.0,0.0,0.0,0.0,3.0,2.0,2.0,0.0,0.0
0.0,0.0,1.0,1.0,1.0,1.0,1.0,1.0,0.0,1.0,3.0,2.0,435.90937758744064,1.0
1.0,0.0,1.0,1.0,1.0,3.0,1.0,0.0,0.0,3.0,2.0,2.0,147.97699692380814,1.0
0.0,0.0,1.0,1.0,1.0,2.0,1.0,0.0,0.0,3.0,2.0,2.0,393.42842069669354,1.0
1.0,0.0,1.0,1.0,1.0,2.0,0.0,0.0,0.0,2.0,2.0,2.0,30.0,0.0
1.0,0.0,1.0,1.0,1.0,2.0,1.0,1.0,1.0,2.0,2.0,2.0,115.26180629578045,1.0
0.0,0.0,1.0,1.0,1.0,2.0,0.0,0.0,0.0,2.0,2.0,2.0,259.3376135234375,1.0
0.0,0.0,1.0,1.0,1.0,2.0,1.0,1.0,0.0,2.0,1.0,2.0,0.0,1.0
0.0,0.0,1.0,1.0,1.0,2.0,1.0,0.0,0.0,3.0,2.0,2.0,300.8024050130265,0.0
0.0,0.0,1.0,1.0,3.0,3.0,1.0,1.0,0.0,2.0,2.0,2.0,368.07196959599304,0.0
0.0,0.0,1.0,1.0,1.0,1.0,1.0,0.0,0.0,3.0,2.0,2.0,27.44455138552578,1.0
0.0,0.0,1.0,1.0,1.0,1.0,0.0,0.0,0.0,3.0,2.0,2.0,253.2483976270293,0.0
1.0,0.0,0.0,1.0,1.0,1.0,1.0,0.0,0.0,2.0,1.0,1.0,0.0,0.0
0.0,0.0,1.0,1.0,1.0,1.0,0.0,0.0,0.0,3.0,2.0,2.0,221.0866909227273,0.0
1.0,1.0,0.0,3.0,1.0,2.0,1.0,0.0,0.0,2.0,2.0,1.0,0.0,1.0
0.0,0.0,1.0,2.0,1.0,2.0,1.0,1.0,0.0,1.0,2.0,2.0,345.46642570139886,0.0
1.0,1.0,1.0,1.0,1.0,1.0,1.0,1.0,1.0,1.0,2.0,2.0,0.0,1.0
1.0,0.0,1.0,1.0,1.0,1.0,1.0,1.0,0.0,1.0,2.0,2.0,0.0,0.0
1.0,0.0,1.0,1.0,1.0,2.0,1.0,1.0,0.0,1.0,2.0,2.0,114.24657577010947,1.0
0.0,0.0,1.0,1.0,1.0,2.0,1.0,0.0,0.0,1.0,2.0,2.0,206.21326746300636,1.0
0.0,0.0,1.0,1.0,1.0,2.0,1.0,1.0,0.0,1.0,5.0,2.0,104.64917976863013,0.0
0.0,0.0,1.0,1.0,1.0,1.0,1.0,1.0,0.0,1.0,2.0,2.0,383.0040315647724,1.0
0.0,0.0,1.0,2.0,1.0,1.0,1.0,1.0,0.0,1.0,2.0,2.0,458.1509578782572,0.0
0.0,0.0,1.0,1.0,1.0,1.0,0.0,0.0,0.0,3.0,1.0,2.0,189.72781937937788,0.0
0.0,0.0,1.0,1.0,3.0,3.0,1.0,1.0,1.0,3.0,1.0,2.0,445.18950522955356,1.0
1.0,1.0,1.0,3.0,3.0,3.0,1.0,1.0,0.0,3.0,1.0,2.0,16.000173457761527,0.0
0.0,0.0,1.0,1.0,1.0,2.0,1.0,0.0,0.0,3.0,1.0,2.0,578.0909734902143,0.0
1.0,1.0,1.0,1.0,1.0,1.0,1.0,0.0,0.0,3.0,4.0,2.0,0.0,1.0
1.0,1.0,1.0,2.0,1.0,3.0,0.0,1.0,1.0,3.0,2.0,2.0,120.39924692830161,1.0
1.0,0.0,1.0,1.0,1.0,1.0,1.0,0.0,0.0,2.0,2.0,2.0,75.5608507559023,1.0
0.0,0.0,1.0,1.0,1.0,1.0,0.0,0.0,1.0,3.0,2.0,2.0,465.30747702792434,1.0
0.0,0.0,0.0,1.0,2.0,3.0,1.0,1.0,0.0,1.0,3.0,1.0,119.9110856676231,1.0
0.0,0.0,0.0,1.0,1.0,1.0,1.0,1.0,0.0,1.0,3.0,1.0,221.88919795197592,1.0
0.0,0.0,1.0,2.0,2.0,3.0,1.0,1.0,0.0,1.0,2.0,2.0,1205.4950470393778,0.0
1.0,1.0,0.0,2.0,1.0,3.0,1.0,1.0,1.0,1.0,2.0,1.0,398.80787633545225,0.0
1.0,1.0,1.0,3.0,3.0,3.0,1.0,1.0,1.0,1.0,2.0,2.0,285.7881067587864,1.0
1.0,1.0,1.0,1.0,1.0,3.0,1.0,1.0,1.0,1.0,2.0,2.0,321.2180434629046,1.0
1.0,0.0,0.0,1.0,1.0,2.0,1.0,0.0,0.0,1.0,2.0,1.0,325.1264057201175,1.0
0.0,0.0,0.0,2.0,1.0,1.0,0.0,0.0,0.0,3.0,1.0,1.0,285.1434012534648,0.0
0.0,0.0,1.0,1.0,1.0,2.0,0.0,0.0,0.0,2.0,2.0,2.0,0.0,1.0
1.0,0.0,1.0,1.0,3.0,3.0,0.0,0.0,0.0,3.0,1.0,2.0,18.869755275563172,1.0
0.0,0.0,1.0,2.0,1.0,1.0,1.0,0.0,0.0,2.0,3.0,2.0,31.75808411080289,0.0
0.0,0.0,0.0,1.0,1.0,3.0,0.0,0.0,0.0,3.0,4.0,1.0,79.23033737282819,1.0
1.0,0.0,1.0,1.0,3.0,3.0,1.0,1.0,0.0,1.0,6.0,2.0,0.0,0.0
1.0,0.0,0.0,1.0,1.0,1.0,1.0,1.0,0.0,2.0,1.0,1.0,205.01452520111368,1.0
1.0,0.0,1.0,1.0,3.0,3.0,1.0,0.0,0.0,3.0,1.0,2.0,165.8072796444352,1.0
0.0,0.0,0.0,1.0,1.0,3.0,0.0,1.0,1.0,2.0,5.0,1.0,307.3206361658017,1.0
0.0,0.0,0.0,1.0,1.0,2.0,1.0,0.0,0.0,2.0,1.0,1.0,861.7726527987779,0.0
0.0,0.0,1.0,1.0,1.0,1.0,1.0,1.0,0.0,2.0,2.0,2.0,61.475795103577745,0.0
0.0,0.0,0.0,1.0,2.0,3.0,0.0,0.0,0.0,2.0,4.0,1.0,416.26195937738794,0.0
0.0,0.0,1.0,1.0,1.0,1.0,1.0,1.0,0.0,1.0,2.0,2.0,196.0129077743063,0.0
0.0,1.0,1.0,2.0,1.0,1.0,0.0,0.0,0.0,3.0,2.0,2.0,378.18605209192685,1.0
1.0,0.0,1.0,1.0,3.0,2.0,1.0,0.0,0.0,1.0,2.0,2.0,116.93107720816317,0.0
1.0,1.0,0.0,1.0,1.0,1.0,1.0,1.0,0.0,2.0,2.0,1.0,46.10684632768331,1.0
0.0,1.0,0.0,2.0,1.0,2.0,1.0,1.0,1.0,1.0,3.0,1.0,218.11633202277065,0.0
0.0,0.0,0.0,1.0,1.0,1.0,0.0,0.0,0.0,3.0,3.0,1.0,229.0352336310816,0.0
1.0,1.0,1.0,1.0,1.0,3.0,0.0,0.0,0.0,3.0,4.0,2.0,22.413050298179385,0.0
0.0,0.0,1.0,3.0,2.0,2.0,1.0,0.0,0.0,2.0,4.0,2.0,267.3706260807346,0.0
0.0,0.0,1.0,2.0,1.0,1.0,1.0,0.0,0.0,3.0,1.0,2.0,379.45563875875575,1.0
0.0,0.0,1.0,1.0,1.0,1.0,1.0,0.0,0.0,2.0,3.0,2.0,335.75646727955916,1.0
0.0,0.0,1.0,1.0,1.0,2.0,1.0,0.0,0.0,2.0,6.0,2.0,76.91785148637672,1.0
1.0,1.0,1.0,1.0,1.0,2.0,1.0,1.0,1.0,1.0,2.0,2.0,97.67259987797871,1.0
0.0,0.0,1.0,1.0,1.0,2.0,0.0,0.0,0.0,2.0,2.0,2.0,232.15977422422236,1.0
0.0,0.0,1.0,2.0,1.0,2.0,1.0,0.0,0.0,1.0,3.0,2.0,343.1688382462845,1.0
0.0,0.0,0.0,3.0,1.0,1.0,1.0,0.0,0.0,2.0,2.0,1.0,37.599420227622495,0.0
1.0,0.0,1.0,1.0,1.0,1.0,1.0,0.0,0.0,1.0,2.0,2.0,110.65643118643995,1.0
0.0,1.0,1.0,1.0,1.0,3.0,0.0,0.0,0.0,2.0,2.0,2.0,199.21421034834677,1.0
1.0,0.0,1.0,1.0,1.0,1.0,0.0,0.0,0.0,2.0,3.0,2.0,230.0312700078921,1.0
0.0,0.0,1.0,1.0,1.0,1.0,1.0,0.0,0.0,1.0,2.0,2.0,398.42842069669354,0.0
0.0,0.0,1.0,1.0,3.0,3.0,1.0,0.0,0.0,1.0,1.0,2.0,540.724285231227,1.0
1.0,1.0,1.0,2.0,1.0,3.0,1.0,1.0,1.0,2.0,3.0,2.0,131.47052464880022,1.0
1.0,0.0,1.0,1.0,1.0,2.0,1.0,0.0,0.0,1.0,2.0,2.0,0.0,1.0
0.0,0.0,0.0,1.0,1.0,1.0,1.0,0.0,0.0,2.0,4.0,1.0,0.0,1.0
0.0,0.0,1.0,1.0,1.0,1.0,1.0,1.0,0.0,1.0,2.0,2.0,303.2872567217947,0.0
1.0,0.0,1.0,1.0,1.0,1.0,1.0,0.0,0.0,3.0,1.0,2.0,297.71200504835156,0.0
1.0,1.0,1.0,1.0,1.0,3.0,1.0,1.0,1.0,2.0,2.0,2.0,238.90485992062574,1.0
1.0,0.0,0.0,2.0,1.0,2.0,1.0,1.0,1.0,1.0,2.0,1.0,30.0,0.0
1.0,0.0,1.0,2.0,1.0,1.0,1.0,1.0,0.0,1.0,2.0,2.0,96.60702799209636,0.0
0.0,0.0,1.0,1.0,1.0,1.0,1.0,0.0,0.0,3.0,1.0,2.0,280.7954855846419,0.0
0.0,0.0,1.0,1.0,1.0,2.0,0.0,0.0,0.0,3.0,1.0,2.0,289.7093315951056,1.0
1.0,1.0,1.0,1.0,3.0,2.0,0.0,1.0,1.0,2.0,2.0,2.0,144.88610081825038,1.0
0.0,0.0,1.0,1.0,1.0,3.0,1.0,0.0,0.0,2.0,2.0,2.0,283.4773149068377,1.0
0.0,0.0,1.0,2.0,1.0,1.0,1.0,1.0,0.0,3.0,1.0,2.0,285.1434012534648,0.0
0.0,0.0,1.0,1.0,1.0,1.0,1.0,0.0,0.0,3.0,1.0,2.0,274.2725987501396,1.0
0.0,0.0,1.0,2.0,1.0,1.0,1.0,1.0,0.0,1.0,3.0,2.0,167.26627189594416,0.0
1.0,0.0,1.0,1.0,3.0,3.0,1.0,0.0,0.0,1.0,2.0,2.0,181.93363635011013,1.0
0.0,0.0,0.0,2.0,3.0,2.0,1.0,0.0,0.0,3.0,2.0,1.0,436.17936050578163,0.0
0.0,0.0,0.0,1.0,1.0,2.0,1.0,0.0,0.0,3.0,4.0,1.0,129.23391272439815,1.0
0.0,1.0,0.0,2.0,1.0,2.0,0.0,0.0,0.0,3.0,2.0,1.0,179.09953776959242,1.0
1.0,1.0,1.0,1.0,1.0,3.0,0.0,0.0,0.0,3.0,2.0,2.0,0.0,1.0
1.0,0.0,1.0,1.0,2.0,1.0,0.0,0.0,0.0,2.0,1.0,2.0,113.41003450878772,0.0
1.0,0.0,0.0,1.0,1.0,1.0,1.0,0.0,0.0,1.0,1.0,1.0,4.590486703288783,1.0
0.0,0.0,0.0,3.0,1.0,2.0,1.0,0.0,0.0,1.0,3.0,1.0,295.61894713112906,0.0
0.0,0.0,0.0,2.0,1.0,1.0,0.0,0.0,0.0,3.0,2.0,1.0,395.50276064305797,1.0
0.0,0.0,0.0,1.0,1.0,1.0,1.0,0.0,0.0,3.0,3.0,1.0,146.93799686906297,1.0
1.0,0.0,1.0,2.0,1.0,1.0,1.0,1.0,0.0,1.0,3.0,2.0,262.3300477444648,0.0
0.0,0.0,0.0,1.0,1.0,2.0,0.0,0.0,0.0,3.0,3.0,1.0,298.5645110070046,1.0
0.0,0.0,0.0,3.0,3.0,3.0,1.0,0.0,0.0,3.0,1.0,1.0,403.49610292701243,1.0
1.0,0.0,1.0,1.0,1.0,2.0,1.0,0.0,0.0,1.0,3.0,2.0,352.5372929449424,0.0
1.0,1.0,1.0,1.0,1.0,2.0,1.0,1.0,1.0,2.0,2.0,2.0,161.95675783571068,0.0
1.0,1.0,1.0,1.0,1.0,2.0,0.0,1.0,1.0,2.0,2.0,2.0,347.82609974697084,1.0
0.0,0.0,0.0,1.0,3.0,3.0,1.0,0.0,0.0,3.0,1.0,1.0,58.95089637610938,1.0
0.0,0.0,1.0,1.0,1.0,1.0,1.0,1.0,0.0,3.0,1.0,2.0,152.6940341143521,0.0
1.0,1.0,1.0,1.0,1.0,2.0,0.0,1.0,1.0,2.0,2.0,2.0,236.71324188932746,1.0
0.0,0.0,0.0,1.0,1.0,2.0,1.0,0.0,0.0,2.0,1.0,1.0,605.6393485306171,0.0
0.0,0.0,1.0,2.0,1.0,1.0,1.0,0.0,0.0,3.0,5.0,2.0,372.33108046363293,1.0
0.0,0.0,0.0,1.0,1.0,1.0,1.0,0.0,0.0,3.0,1.0,1.0,234.1829525915636,0.0
0.0,0.0,0.0,2.0,2.0,1.0,0.0,0.0,0.0,3.0,2.0,1.0,507.54190582874037,1.0
0.0,0.0,0.0,1.0,1.0,1.0,0.0,0.0,0.0,2.0,2.0,1.0,135.52017098827966,1.0
0.0,0.0,0.0,1.0,1.0,1.0,0.0,0.0,0.0,2.0,2.0,1.0,248.23733059614472,0.0
0.0,0.0,1.0,1.0,1.0,1.0,1.0,0.0,0.0,2.0,4.0,2.0,229.0352336310816,0.0
1.0,0.0,1.0,1.0,1.0,1.0,1.0,1.0,0.0,1.0,2.0,2.0,265.61894713112906,1.0
1.0,0.0,1.0,1.0,1.0,3.0,1.0,0.0,0.0,1.0,2.0,2.0,0.0,1.0
0.0,0.0,1.0,1.0,1.0,1.0,1.0,1.0,0.0,1.0,3.0,2.0,6.586692332526187,0.0
1.0,0.0,0.0,2.0,1.0,1.0,1.0,0.0,0.0,3.0,3.0,1.0,105.60001869243482,1.0
1.0,0.0,1.0,1.0,1.0,1.0,1.0,1.0,0.0,1.0,2.0,2.0,274.3258025900978,1.0
1.0,0.0,1.0,1.0,1.0,1.0,1.0,1.0,0.0,1.0,3.0,2.0,0.0,0.0
0.0,0.0,1.0,3.0,1.0,1.0,0.0,0.0,0.0,3.0,1.0,2.0,90.0289646163863,1.0
1.0,1.0,1.0,1.0,2.0,3.0,1.0,1.0,0.0,2.0,1.0,2.0,65.53758870863557,1.0
0.0,1.0,1.0,1.0,2.0,3.0,1.0,1.0,1.0,2.0,3.0,2.0,403.17161618117797,1.0
1.0,0.0,1.0,1.0,1.0,2.0,0.0,0.0,0.0,3.0,1.0,2.0,169.0825980949995,1.0
0.0,1.0,1.0,1.0,1.0,2.0,1.0,1.0,0.0,3.0,2.0,2.0,0.0,1.0
0.0,0.0,1.0,2.0,1.0,1.0,1.0,0.0,0.0,1.0,2.0,2.0,227.6068128239605,1.0
0.0,0.0,0.0,3.0,1.0,1.0,1.0,0.0,0.0,2.0,2.0,1.0,208.64516096128895,1.0
1.0,0.0,1.0,1.0,1.0,2.0,1.0,1.0,1.0,1.0,2.0,2.0,512.2503217649408,1.0
0.0,0.0,1.0,2.0,1.0,2.0,0.0,1.0,1.0,2.0,2.0,2.0,23.816778954802068,1.0
1.0,1.0,1.0,1.0,3.0,3.0,1.0,0.0,0.0,2.0,3.0,2.0,284.51612858357583,1.0
1.0,0.0,1.0,1.0,1.0,1.0,1.0,0.0,0.0,3.0,2.0,2.0,0.0,0.0
1.0,1.0,1.0,1.0,1.0,1.0,1.0,0.0,0.0,2.0,2.0,2.0,171.6920652507105,1.0
0.0,0.0,1.0,1.0,1.0,2.0,1.0,1.0,1.0,1.0,2.0,2.0,460.89516055560534,1.0
0.0,0.0,1.0,1.0,1.0,1.0,1.0,1.0,0.0,1.0,1.0,2.0,284.51612858357583,1.0
0.0,0.0,1.0,1.0,1.0,2.0,0.0,0.0,0.0,3.0,1.0,2.0,30.0,0.0
0.0,0.0,1.0,1.0,1.0,3.0,0.0,0.0,1.0,3.0,1.0,2.0,384.79118904053917,1.0
1.0,0.0,1.0,1.0,3.0,2.0,1.0,0.0,0.0,3.0,2.0,2.0,147.63108096206997,1.0
0.0,0.0,1.0,1.0,2.0,2.0,1.0,0.0,0.0,2.0,1.0,2.0,242.54361226176036,1.0
1.0,0.0,0.0,1.0,1.0,1.0,0.0,0.0,0.0,3.0,1.0,1.0,518.6095996031606,1.0
0.0,0.0,1.0,1.0,1.0,1.0,1.0,1.0,0.0,1.0,2.0,2.0,348.3387307730386,1.0
0.0,0.0,1.0,1.0,1.0,2.0,1.0,0.0,0.0,2.0,1.0,2.0,245.65545559870577,1.0
1.0,0.0,1.0,3.0,1.0,1.0,1.0,0.0,0.0,2.0,2.0,2.0,451.070372527708,1.0
1.0,0.0,1.0,1.0,3.0,3.0,1.0,0.0,1.0,1.0,6.0,2.0,238.90485992062574,1.0
1.0,0.0,1.0,2.0,1.0,1.0,1.0,0.0,1.0,1.0,3.0,2.0,181.17757005411812,0.0
0.0,0.0,1.0,1.0,1.0,1.0,1.0,1.0,0.0,1.0,2.0,2.0,229.0352336310816,0.0
0.0,0.0,1.0,1.0,1.0,3.0,0.0,0.0,0.0,3.0,4.0,2.0,262.8324513474142,0.0
0.0,0.0,1.0,1.0,1.0,1.0,1.0,0.0,0.0,3.0,1.0,2.0,98.5523458314882,1.0
0.0,1.0,1.0,1.0,1.0,1.0,1.0,1.0,0.0,1.0,3.0,2.0,237.1209239709427,1.0
1.0,0.0,0.0,1.0,3.0,2.0,0.0,1.0,1.0,2.0,2.0,1.0,285.547683399472,1.0
0.0,0.0,1.0,1.0,3.0,3.0,0.0,0.0,0.0,3.0,1.0,2.0,318.6580640136049,0.0
0.0,0.0,1.0,1.0,2.0,2.0,1.0,0.0,0.0,1.0,1.0,2.0,383.58775908121254,1.0
0.0,0.0,1.0,1.0,1.0,1.0,1.0,1.0,0.0,1.0,2.0,2.0,441.91047065682665,0.0
1.0,0.0,1.0,1.0,3.0,2.0,1.0,1.0,1.0,1.0,2.0,2.0,241.3054380032146,1.0
0.0,0.0,1.0,1.0,1.0,1.0,1.0,1.0,1.0,1.0,2.0,2.0,23.801915224771314,0.0
0.0,0.0,0.0,2.0,1.0,3.0,1.0,0.0,0.0,3.0,1.0,1.0,211.2912115676421,0.0
0.0,0.0,0.0,1.0,1.0,3.0,0.0,0.0,0.0,2.0,3.0,1.0,173.9047993880393,0.0
1.0,1.0,1.0,1.0,1.0,3.0,1.0,0.0,0.0,3.0,1.0,2.0,0.0,1.0
1.0,0.0,1.0,1.0,1.0,2.0,1.0,0.0,0.0,1.0,2.0,2.0,0.0,1.0
0.0,0.0,0.0,1.0,1.0,1.0,1.0,0.0,0.0,1.0,2.0,1.0,0.0,0.0
0.0,0.0,1.0,1.0,1.0,1.0,0.0,0.0,0.0,2.0,3.0,2.0,213.2782107365443,1.0
1.0,1.0,1.0,1.0,1.0,3.0,1.0,0.0,0.0,1.0,2.0,2.0,168.2117110973393,1.0
0.0,0.0,1.0,1.0,1.0,3.0,1.0,0.0,0.0,3.0,1.0,2.0,210.33128069895213,1.0
0.0,0.0,1.0,2.0,1.0,1.0,1.0,0.0,0.0,3.0,2.0,2.0,636.1209683460703,1.0
0.0,0.0,0.0,1.0,1.0,1.0,0.0,0.0,0.0,3.0,3.0,1.0,404.5418224870002,1.0
0.0,0.0,0.0,1.0,1.0,1.0,1.0,0.0,0.0,1.0,2.0,1.0,64.03728656622681,1.0
0.0,0.0,1.0,1.0,1.0,2.0,0.0,0.0,0.0,3.0,1.0,2.0,312.47413658994685,1.0
1.0,0.0,1.0,1.0,1.0,2.0,1.0,1.0,0.0,1.0,3.0,2.0,265.6431244200218,1.0
1.0,1.0,0.0,1.0,3.0,3.0,1.0,0.0,0.0,2.0,1.0,1.0,133.90161498295794,0.0
1.0,1.0,1.0,1.0,1.0,3.0,1.0,1.0,1.0,1.0,2.0,2.0,546.2709668804656,1.0
0.0,0.0,1.0,1.0,1.0,1.0,1.0,0.0,0.0,2.0,2.0,2.0,201.28366864898373,1.0
0.0,0.0,1.0,1.0,1.0,2.0,0.0,0.0,0.0,3.0,1.0,2.0,370.2082649027297,0.0
1.0,0.0,1.0,1.0,1.0,1.0,1.0,0.0,0.0,1.0,1.0,2.0,0.0,0.0
0.0,0.0,1.0,1.0,1.0,1.0,0.0,0.0,0.0,2.0,3.0,2.0,225.9601397408289,1.0
0.0,0.0,1.0,1.0,1.0,1.0,1.0,0.0,0.0,3.0,2.0,2.0,579.0974388464477,1.0
1.0,1.0,1.0,1.0,1.0,2.0,1.0,0.0,0.0,2.0,3.0,2.0,0.0,1.0
1.0,0.0,1.0,2.0,1.0,1.0,1.0,0.0,0.0,2.0,2.0,2.0,171.6920652507105,1.0
0.0,0.0,1.0,1.0,1.0,1.0,1.0,0.0,0.0,2.0,3.0,2.0,494.0601206095937,1.0
1.0,0.0,0.0,1.0,1.0,3.0,1.0,1.0,1.0,1.0,3.0,1.0,227.37098131328935,1.0
1.0,0.0,0.0,1.0,3.0,2.0,1.0,1.0,1.0,1.0,3.0,1.0,295.5483866780041,0.0
0.0,0.0,0.0,2.0,1.0,1.0,1.0,0.0,0.0,2.0,3.0,1.0,0.0,0.0
0.0,0.0,1.0,1.0,1.0,1.0,0.0,0.0,0.0,2.0,2.0,2.0,0.0,1.0
0.0,0.0,1.0,1.0,1.0,3.0,0.0,0.0,0.0,2.0,2.0,2.0,57.96289252623045,1.0
1.0,0.0,1.0,1.0,1.0,1.0,1.0,0.0,0.0,3.0,1.0,2.0,0.0,1.0
1.0,1.0,1.0,2.0,1.0,1.0,0.0,0.0,0.0,2.0,2.0,2.0,157.39980210801085,1.0
0.0,0.0,1.0,1.0,1.0,1.0,1.0,0.0,0.0,3.0,1.0,2.0,264.2029647292947,0.0
1.0,0.0,1.0,1.0,1.0,1.0,0.0,0.0,0.0,2.0,2.0,2.0,127.654255435154,1.0
0.0,1.0,1.0,2.0,1.0,2.0,1.0,0.0,0.0,3.0,2.0,2.0,226.59377150904515,0.0
0.0,0.0,1.0,2.0,1.0,2.0,0.0,0.0,0.0,2.0,1.0,2.0,509.2053672936853,1.0
0.0,0.0,1.0,1.0,1.0,2.0,0.0,0.0,0.0,2.0,2.0,2.0,15.389472042686617,1.0
1.0,1.0,0.0,1.0,1.0,3.0,1.0,1.0,1.0,1.0,5.0,1.0,166.16738299634486,0.0
1.0,0.0,1.0,1.0,3.0,3.0,1.0,1.0,0.0,1.0,2.0,2.0,238.90485992062574,1.0
1.0,1.0,1.0,1.0,1.0,2.0,1.0,1.0,1.0,1.0,2.0,2.0,0.0,1.0
1.0,0.0,1.0,1.0,3.0,3.0,1.0,0.0,0.0,2.0,2.0,2.0,21.223786404806603,0.0
1.0,0.0,1.0,1.0,1.0,2.0,0.0,0.0,0.0,2.0,2.0,2.0,30.0,0.0
1.0,0.0,0.0,1.0,1.0,1.0,1.0,1.0,1.0,1.0,3.0,1.0,0.0,1.0
1.0,1.0,0.0,1.0,1.0,2.0,1.0,1.0,1.0,1.0,3.0,1.0,545.0645152615798,1.0
1.0,1.0,1.0,1.0,3.0,3.0,1.0,1.0,1.0,1.0,2.0,2.0,370.9902218521521,1.0
1.0,1.0,1.0,1.0,1.0,2.0,1.0,1.0,1.0,1.0,3.0,2.0,499.92128952631913,1.0
1.0,0.0,1.0,1.0,1.0,1.0,1.0,1.0,0.0,3.0,1.0,2.0,116.9137889023398,0.0
0.0,0.0,1.0,1.0,1.0,1.0,1.0,0.0,0.0,2.0,3.0,2.0,110.94459897598796,1.0
0.0,0.0,1.0,1.0,1.0,2.0,0.0,0.0,0.0,2.0,4.0,2.0,665.9737941459239,0.0
0.0,0.0,1.0,3.0,3.0,3.0,1.0,0.0,0.0,3.0,1.0,2.0,379.35483811143433,1.0
0.0,0.0,1.0,1.0,3.0,2.0,1.0,1.0,0.0,1.0,2.0,2.0,416.94193487366306,0.0
0.0,0.0,1.0,1.0,2.0,2.0,1.0,0.0,0.0,1.0,1.0,2.0,50.614919936841524,1.0
1.0,0.0,1.0,1.0,3.0,3.0,1.0,0.0,0.0,3.0,1.0,2.0,360.4051258586808,0.0
0.0,0.0,1.0,1.0,3.0,3.0,1.0,1.0,1.0,2.0,2.0,2.0,327.00387045205645,1.0
0.0,0.0,0.0,1.0,1.0,2.0,1.0,1.0,1.0,2.0,2.0,1.0,623.2649226977896,0.0
0.0,0.0,0.0,1.0,1.0,1.0,0.0,0.0,0.0,2.0,4.0,1.0,168.3049640619786,0.0
1.0,1.0,1.0,1.0,1.0,1.0,0.0,0.0,1.0,2.0,1.0,2.0,36.46673437154933,1.0
0.0,0.0,0.0,2.0,1.0,1.0,1.0,1.0,0.0,1.0,2.0,1.0,0.0,1.0
0.0,0.0,1.0,2.0,1.0,1.0,1.0,0.0,0.0,3.0,1.0,2.0,512.1290314504364,0.0
0.0,0.0,1.0,2.0,1.0,3.0,0.0,1.0,0.0,3.0,1.0,2.0,0.0,0.0
0.0,0.0,1.0,2.0,3.0,2.0,0.0,0.0,0.0,3.0,2.0,2.0,256.00453497461285,1.0
1.0,0.0,1.0,2.0,1.0,3.0,1.0,0.0,0.0,1.0,3.0,2.0,68.42841478791095,0.0
1.0,0.0,1.0,1.0,1.0,1.0,1.0,0.0,0.0,1.0,2.0,2.0,258.94562267917655,1.0
0.0,0.0,1.0,1.0,1.0,1.0,1.0,0.0,0.0,1.0,1.0,2.0,315.88492531252115,0.0
0.0,0.0,1.0,1.0,1.0,1.0,0.0,0.0,0.0,3.0,1.0,2.0,149.38197997755213,1.0
0.0,1.0,1.0,1.0,1.0,3.0,0.0,0.0,0.0,2.0,2.0,2.0,410.15626107306616,1.0
0.0,0.0,1.0,1.0,1.0,1.0,1.0,0.0,0.0,1.0,2.0,2.0,235.2912872119077,1.0
0.0,0.0,1.0,1.0,1.0,2.0,0.0,0.0,0.0,3.0,1.0,2.0,361.93548334750506,0.0
0.0,0.0,1.0,1.0,1.0,1.0,0.0,0.0,0.0,2.0,2.0,2.0,67.38552183526096,0.0
1.0,0.0,0.0,3.0,2.0,3.0,0.0,0.0,0.0,2.0,2.0,1.0,59.50113928897049,1.0
0.0,0.0,1.0,1.0,1.0,1.0,0.0,0.0,0.0,3.0,3.0,2.0,0.0,1.0
1.0,0.0,1.0,1.0,1.0,1.0,0.0,0.0,0.0,3.0,1.0,2.0,154.06089614936155,0.0
1.0,0.0,1.0,1.0,1.0,1.0,1.0,0.0,0.0,3.0,2.0,2.0,0.0,1.0
0.0,0.0,1.0,1.0,1.0,1.0,1.0,0.0,0.0,1.0,3.0,2.0,229.0352336310816,0.0
1.0,1.0,1.0,1.0,3.0,3.0,1.0,1.0,1.0,1.0,2.0,2.0,296.1312960747532,1.0
0.0,0.0,0.0,1.0,1.0,1.0,1.0,1.0,0.0,1.0,3.0,1.0,192.94504005488292,1.0
0.0,0.0,1.0,1.0,3.0,2.0,1.0,1.0,0.0,1.0,2.0,2.0,270.7909673070128,1.0
0.0,0.0,1.0,1.0,1.0,2.0,1.0,0.0,0.0,3.0,2.0,2.0,303.2258059655404,1.0
0.0,0.0,1.0,2.0,1.0,3.0,1.0,0.0,0.0,3.0,1.0,2.0,130.95185412588253,1.0
0.0,0.0,1.0,1.0,1.0,1.0,1.0,0.0,0.0,3.0,1.0,2.0,174.28387911864291,1.0
0.0,0.0,1.0,1.0,1.0,1.0,1.0,0.0,0.0,2.0,1.0,2.0,493.28529534310053,0.0
0.0,0.0,0.0,1.0,1.0,1.0,1.0,0.0,0.0,2.0,1.0,1.0,285.1434012534648,0.0
0.0,0.0,1.0,3.0,1.0,1.0,0.0,0.0,0.0,3.0,2.0,2.0,137.9546116312429,0.0
0.0,0.0,1.0,1.0,1.0,2.0,1.0,1.0,0.0,1.0,1.0,2.0,866.4774180357131,0.0
0.0,0.0,0.0,1.0,1.0,1.0,1.0,1.0,0.0,1.0,2.0,1.0,168.3049640619786,0.0
0.0,0.0,1.0,1.0,1.0,1.0,1.0,0.0,0.0,2.0,2.0,2.0,10.826619583228263,0.0
0.0,0.0,1.0,1.0,1.0,1.0,1.0,0.0,0.0,2.0,2.0,2.0,1879.1721659006773,1.0
1.0,0.0,1.0,1.0,1.0,2.0,0.0,1.0,0.0,2.0,2.0,2.0,916.8322566107859,1.0
0.0,0.0,1.0,1.0,1.0,1.0,1.0,1.0,0.0,1.0,2.0,2.0,169.42436388664578,0.0
0.0,0.0,0.0,2.0,1.0,1.0,1.0,0.0,0.0,2.0,2.0,1.0,40.398379639493946,1.0
1.0,1.0,1.0,1.0,1.0,3.0,0.0,0.0,0.0,3.0,1.0,2.0,0.0,1.0
0.0,0.0,1.0,2.0,1.0,1.0,1.0,1.0,0.0,2.0,3.0,2.0,54.51110034359644,1.0
0.0,0.0,1.0,1.0,1.0,1.0,1.0,1.0,0.0,1.0,2.0,2.0,234.21977611212625,1.0
0.0,0.0,1.0,1.0,1.0,3.0,1.0,1.0,0.0,1.0,2.0,2.0,253.20296259963726,0.0
1.0,0.0,1.0,1.0,1.0,2.0,1.0,0.0,0.0,2.0,3.0,2.0,121.2460064410815,0.0
0.0,0.0,1.0,1.0,1.0,2.0,1.0,0.0,0.0,2.0,2.0,2.0,30.0,0.0
1.0,0.0,0.0,1.0,1.0,1.0,1.0,0.0,0.0,2.0,1.0,1.0,5.488910277105156,1.0
0.0,0.0,1.0,2.0,1.0,1.0,0.0,0.0,0.0,3.0,1.0,2.0,137.50405373974687,0.0
0.0,0.0,0.0,2.0,1.0,1.0,1.0,0.0,0.0,3.0,2.0,1.0,0.0,0.0
1.0,0.0,1.0,1.0,1.0,1.0,1.0,1.0,1.0,2.0,2.0,2.0,60.51523580508433,0.0
1.0,1.0,1.0,1.0,1.0,3.0,1.0,0.0,0.0,1.0,2.0,2.0,251.79434828031967,0.0
1.0,1.0,1.0,1.0,2.0,2.0,1.0,1.0,1.0,1.0,1.0,2.0,0.0,1.0
1.0,0.0,1.0,1.0,2.0,2.0,0.0,0.0,0.0,2.0,4.0,2.0,307.30838665945856,0.0
0.0,0.0,1.0,1.0,1.0,2.0,0.0,0.0,0.0,3.0,3.0,2.0,326.3709672745581,0.0
1.0,0.0,0.0,3.0,1.0,1.0,0.0,1.0,1.0,2.0,2.0,1.0,19.32096417541015,1.0
1.0,0.0,1.0,1.0,1.0,1.0,1.0,1.0,1.0,2.0,2.0,2.0,135.62670362208848,0.0
1.0,0.0,1.0,1.0,3.0,3.0,0.0,0.0,0.0,2.0,2.0,2.0,0.0,0.0
0.0,0.0,1.0,1.0,1.0,1.0,0.0,0.0,0.0,3.0,1.0,2.0,417.2903219225779,0.0
0.0,0.0,1.0,1.0,2.0,3.0,0.0,0.0,0.0,2.0,1.0,2.0,528.000093462174,1.0
1.0,1.0,1.0,1.0,1.0,1.0,1.0,1.0,1.0,1.0,3.0,2.0,96.91331286191502,0.0
1.0,1.0,1.0,1.0,3.0,3.0,1.0,1.0,1.0,1.0,3.0,2.0,93.67740206259467,1.0
0.0,0.0,0.0,1.0,3.0,3.0,0.0,0.0,0.0,3.0,1.0,1.0,804.647156461022,1.0
0.0,0.0,0.0,1.0,1.0,2.0,1.0,0.0,0.0,1.0,3.0,1.0,30.0,0.0
0.0,0.0,1.0,1.0,1.0,1.0,1.0,0.0,0.0,1.0,3.0,2.0,361.5421823791844,1.0
1.0,0.0,1.0,2.0,1.0,1.0,1.0,0.0,0.0,3.0,2.0,2.0,0.0,0.0
0.0,0.0,1.0,1.0,3.0,3.0,0.0,0.0,0.0,3.0,1.0,2.0,628.728815835355,1.0
0.0,0.0,1.0,1.0,1.0,1.0,1.0,0.0,0.0,3.0,1.0,2.0,320.45937191504987,1.0
1.0,0.0,0.0,2.0,1.0,3.0,1.0,0.0,0.0,3.0,1.0,1.0,134.02817151974156,1.0
0.0,0.0,1.0,3.0,1.0,2.0,0.0,0.0,0.0,3.0,1.0,2.0,540.322579785187,1.0
1.0,1.0,1.0,1.0,3.0,3.0,0.0,0.0,0.0,3.0,3.0,2.0,204.32313473196487,1.0
1.0,0.0,1.0,2.0,1.0,1.0,0.0,0.0,0.0,3.0,1.0,2.0,301.89006524078354,1.0
0.0,0.0,1.0,1.0,1.0,1.0,0.0,0.0,0.0,3.0,1.0,2.0,394.511649013396,0.0
1.0,0.0,1.0,1.0,3.0,3.0,1.0,1.0,1.0,2.0,3.0,2.0,0.0,0.0
0.0,0.0,1.0,1.0,1.0,2.0,1.0,1.0,0.0,1.0,2.0,2.0,471.2217534318893,1.0
0.0,0.0,0.0,2.0,1.0,3.0,1.0,0.0,0.0,1.0,5.0,1.0,111.64762871195155,1.0
1.0,0.0,1.0,1.0,1.0,3.0,1.0,0.0,0.0,1.0,2.0,2.0,16.960732756254934,1.0
0.0,0.0,1.0,1.0,1.0,2.0,0.0,1.0,0.0,3.0,2.0,2.0,217.79085187787766,1.0
1.0,0.0,1.0,3.0,1.0,3.0,1.0,0.0,0.0,3.0,2.0,2.0,105.53344826114183,0.0
0.0,0.0,1.0,1.0,1.0,2.0,1.0,0.0,0.0,3.0,1.0,2.0,826.4334786746374,0.0
1.0,0.0,1.0,2.0,1.0,1.0,0.0,0.0,0.0,3.0,2.0,2.0,64.07387930140753,1.0
0.0,0.0,1.0,1.0,3.0,3.0,0.0,0.0,1.0,3.0,1.0,2.0,284.4405280980848,1.0
1.0,0.0,1.0,1.0,3.0,3.0,1.0,1.0,1.0,1.0,3.0,2.0,558.6986157554163,0.0
0.0,0.0,0.0,1.0,1.0,2.0,1.0,1.0,0.0,1.0,2.0,1.0,790.7668656060582,0.0
0.0,0.0,1.0,1.0,3.0,2.0,1.0,0.0,0.0,3.0,1.0,2.0,491.02120794137574,0.0
1.0,0.0,1.0,2.0,1.0,2.0,1.0,0.0,0.0,2.0,2.0,2.0,30.0,0.0
1.0,0.0,0.0,1.0,3.0,2.0,0.0,0.0,0.0,3.0,2.0,1.0,316.24847791132464,1.0
1.0,0.0,1.0,1.0,1.0,1.0,1.0,0.0,0.0,3.0,2.0,2.0,251.5070664354539,1.0
0.0,0.0,1.0,1.0,1.0,1.0,1.0,0.0,0.0,2.0,2.0,2.0,121.8628907110086,1.0
1.0,0.0,0.0,1.0,3.0,3.0,0.0,0.0,0.0,3.0,1.0,1.0,112.05101017080604,0.0
0.0,0.0,1.0,2.0,1.0,1.0,0.0,0.0,0.0,3.0,3.0,2.0,234.21977611212625,1.0
1.0,0.0,1.0,1.0,1.0,1.0,0.0,0.0,0.0,3.0,2.0,2.0,0.0,0.0
0.0,0.0,1.0,2.0,2.0,2.0,1.0,0.0,0.0,1.0,2.0,2.0,394.70867198089513,0.0
0.0,0.0,1.0,2.0,1.0,1.0,1.0,0.0,0.0,2.0,3.0,2.0,0.0,1.0
1.0,0.0,1.0,1.0,3.0,3.0,1.0,0.0,0.0,1.0,3.0,2.0,60.68064599425807,1.0
1.0,0.0,1.0,1.0,1.0,1.0,0.0,1.0,1.0,2.0,2.0,2.0,25.983886999747828,1.0
1.0,1.0,1.0,1.0,1.0,1.0,1.0,1.0,1.0,1.0,2.0,2.0,0.0,0.0
1.0,1.0,1.0,1.0,1.0,2.0,1.0,1.0,1.0,1.0,2.0,2.0,111.57258921217222,1.0
1.0,0.0,1.0,1.0,1.0,1.0,0.0,0.0,0.0,3.0,1.0,2.0,20.642754672021887,0.0
1.0,0.0,1.0,2.0,1.0,1.0,1.0,1.0,0.0,1.0,2.0,2.0,0.0,1.0
1.0,0.0,1.0,1.0,1.0,3.0,1.0,1.0,0.0,1.0,2.0,2.0,0.0,0.0
1.0,0.0,1.0,1.0,1.0,2.0,1.0,1.0,0.0,2.0,6.0,2.0,693.1774403612771,0.0
1.0,0.0,1.0,1.0,1.0,2.0,1.0,0.0,0.0,3.0,1.0,2.0,271.0969392738743,1.0
1.0,1.0,1.0,1.0,1.0,3.0,0.0,0.0,0.0,3.0,2.0,2.0,267.0616524671342,0.0
1.0,1.0,1.0,2.0,1.0,3.0,0.0,0.0,0.0,3.0,2.0,2.0,304.24663738642073,0.0
1.0,1.0,1.0,1.0,3.0,3.0,1.0,1.0,0.0,1.0,2.0,2.0,12.441529961438354,0.0
1.0,0.0,1.0,1.0,1.0,1.0,1.0,1.0,0.0,1.0,2.0,2.0,76.3902967613322,1.0
1.0,1.0,1.0,2.0,2.0,3.0,1.0,1.0,1.0,2.0,1.0,2.0,322.36593184449606,0.0
1.0,1.0,1.0,1.0,2.0,2.0,0.0,1.0,1.0,2.0,2.0,2.0,381.80043596726046,1.0
0.0,0.0,1.0,1.0,1.0,1.0,0.0,0.0,0.0,3.0,1.0,2.0,116.47495171134868,1.0
1.0,0.0,1.0,1.0,1.0,1.0,1.0,1.0,0.0,1.0,2.0,2.0,125.85613856212365,1.0
0.0,0.0,1.0,1.0,1.0,1.0,1.0,0.0,0.0,1.0,2.0,2.0,147.5419082485866,0.0
0.0,1.0,1.0,1.0,1.0,3.0,0.0,0.0,0.0,2.0,3.0,2.0,614.3915406918632,1.0
1.0,0.0,1.0,1.0,1.0,1.0,0.0,0.0,0.0,3.0,2.0,2.0,222.06744342660815,1.0
1.0,0.0,1.0,1.0,1.0,3.0,0.0,0.0,0.0,3.0,1.0,2.0,568.8810561961697,0.0
0.0,0.0,1.0,1.0,1.0,2.0,1.0,0.0,0.0,3.0,2.0,2.0,30.0,0.0
0.0,0.0,1.0,1.0,3.0,3.0,1.0,1.0,1.0,2.0,2.0,2.0,482.8935675560714,0.0
0.0,0.0,1.0,2.0,1.0,1.0,1.0,1.0,0.0,1.0,6.0,2.0,218.071071541865,1.0
0.0,0.0,1.0,2.0,1.0,1.0,1.0,0.0,0.0,3.0,2.0,2.0,0.0,0.0
1.0,0.0,0.0,1.0,1.0,1.0,1.0,1.0,0.0,1.0,2.0,1.0,0.0,0.0
0.0,0.0,0.0,3.0,1.0,1.0,1.0,0.0,0.0,1.0,4.0,1.0,51.522571134427054,1.0
0.0,1.0,1.0,2.0,1.0,1.0,0.0,0.0,0.0,3.0,1.0,2.0,528.7092651394582,0.0
0.0,0.0,1.0,2.0,1.0,2.0,1.0,0.0,0.0,1.0,3.0,2.0,338.18080529989663,0.0
0.0,0.0,1.0,1.0,3.0,2.0,1.0,0.0,0.0,1.0,3.0,2.0,157.99823764413816,0.0
1.0,0.0,0.0,1.0,1.0,1.0,1.0,0.0,0.0,2.0,1.0,1.0,262.40123413876336,1.0
1.0,0.0,1.0,2.0,1.0,3.0,1.0,0.0,0.0,1.0,2.0,2.0,0.0,1.0
0.0,0.0,0.0,1.0,1.0,1.0,1.0,0.0,0.0,3.0,1.0,1.0,52.394143554185575,1.0
0.0,0.0,1.0,1.0,3.0,3.0,0.0,0.0,0.0,3.0,1.0,2.0,318.8950148226784,1.0
0.0,0.0,1.0,3.0,3.0,3.0,0.0,0.0,0.0,3.0,2.0,2.0,178.38958400591756,1.0
1.0,0.0,1.0,1.0,3.0,3.0,1.0,0.0,0.0,2.0,2.0,2.0,209.12501404659952,1.0
1.0,0.0,1.0,1.0,1.0,2.0,0.0,0.0,0.0,2.0,4.0,2.0,30.0,0.0
0.0,0.0,1.0,1.0,1.0,3.0,1.0,0.0,0.0,2.0,1.0,2.0,0.0,0.0
0.0,0.0,1.0,1.0,1.0,2.0,1.0,0.0,0.0,2.0,2.0,2.0,547.9308565940017,1.0
0.0,0.0,0.0,1.0,1.0,2.0,1.0,0.0,0.0,3.0,1.0,1.0,331.7861145732335,0.0
1.0,1.0,0.0,2.0,1.0,3.0,0.0,1.0,0.0,2.0,2.0,1.0,290.2371323511384,1.0
1.0,0.0,1.0,1.0,1.0,1.0,1.0,0.0,0.0,1.0,3.0,2.0,148.82155147339975,1.0
1.0,0.0,1.0,2.0,1.0,3.0,1.0,0.0,0.0,1.0,2.0,2.0,101.68652803747383,0.0
1.0,0.0,1.0,1.0,3.0,3.0,1.0,1.0,1.0,3.0,2.0,2.0,468.9499989277773,1.0
0.0,0.0,1.0,3.0,1.0,2.0,1.0,0.0,0.0,2.0,4.0,2.0,80.1411953813556,0.0
0.0,0.0,1.0,1.0,1.0,1.0,1.0,0.0,0.0,1.0,2.0,2.0,234.21977611212625,1.0
1.0,0.0,1.0,1.0,3.0,2.0,0.0,0.0,0.0,3.0,2.0,2.0,322.2626426207821,0.0
0.0,0.0,1.0,1.0,1.0,3.0,0.0,0.0,0.0,3.0,2.0,2.0,307.3206361658017,1.0
0.0,0.0,1.0,2.0,1.0,1.0,1.0,1.0,0.0,1.0,2.0,2.0,0.0,0.0
1.0,0.0,0.0,1.0,1.0,2.0,1.0,1.0,0.0,1.0,2.0,1.0,75.01817927948376,1.0
0.0,0.0,1.0,1.0,1.0,1.0,0.0,0.0,0.0,3.0,1.0,2.0,47.83410882278639,1.0
1.0,0.0,1.0,2.0,1.0,1.0,1.0,0.0,0.0,2.0,2.0,2.0,62.91132233361668,1.0
0.0,0.0,1.0,1.0,1.0,2.0,1.0,0.0,0.0,3.0,1.0,2.0,215.52516736615422,0.0
1.0,0.0,1.0,1.0,3.0,3.0,1.0,0.0,0.0,2.0,2.0,2.0,294.55041307479723,0.0
0.0,0.0,1.0,1.0,1.0,3.0,1.0,0.0,0.0,3.0,5.0,2.0,322.36593184449606,0.0
0.0,0.0,1.0,1.0,1.0,1.0,0.0,0.0,0.0,3.0,4.0,2.0,0.0,0.0
0.0,0.0,1.0,2.0,1.0,2.0,0.0,0.0,0.0,3.0,4.0,2.0,92.58034277561165,1.0
0.0,0.0,1.0,1.0,1.0,3.0,1.0,0.0,0.0,2.0,1.0,2.0,483.5488977667441,0.0
0.0,0.0,1.0,1.0,1.0,1.0,1.0,0.0,1.0,2.0,1.0,2.0,60.62906966607825,0.0
0.0,0.0,1.0,1.0,1.0,1.0,1.0,0.0,0.0,2.0,1.0,2.0,343.9224863885471,0.0
0.0,0.0,1.0,1.0,1.0,2.0,1.0,0.0,0.0,2.0,1.0,2.0,685.0527211659537,1.0
0.0,0.0,1.0,1.0,1.0,1.0,0.0,0.0,0.0,3.0,1.0,2.0,285.1434012534648,0.0
0.0,0.0,1.0,2.0,1.0,1.0,0.0,0.0,0.0,3.0,2.0,2.0,0.0,1.0
0.0,0.0,1.0,1.0,1.0,1.0,0.0,0.0,0.0,3.0,2.0,2.0,42.813500161420215,0.0
0.0,0.0,1.0,1.0,2.0,3.0,1.0,0.0,0.0,3.0,1.0,2.0,76.58987574241937,0.0
1.0,0.0,1.0,1.0,3.0,3.0,1.0,0.0,0.0,3.0,1.0,2.0,29.640115496367837,0.0
1.0,1.0,1.0,1.0,1.0,3.0,1.0,1.0,1.0,1.0,2.0,2.0,391.14867464377534,0.0
0.0,0.0,1.0,1.0,1.0,1.0,1.0,1.0,1.0,1.0,2.0,2.0,144.08389477401036,0.0
0.0,0.0,1.0,1.0,1.0,1.0,1.0,0.0,1.0,3.0,4.0,2.0,0.0,0.0
0.0,0.0,1.0,2.0,1.0,1.0,1.0,0.0,0.0,3.0,3.0,2.0,310.0569652353005,1.0
0.0,1.0,1.0,2.0,1.0,3.0,1.0,0.0,0.0,2.0,2.0,2.0,82.28470284563397,1.0
0.0,0.0,1.0,1.0,1.0,2.0,0.0,0.0,0.0,3.0,2.0,2.0,30.0,0.0
0.0,0.0,0.0,1.0,1.0,3.0,1.0,0.0,0.0,2.0,1.0,1.0,354.48431996717187,1.0
0.0,0.0,0.0,2.0,2.0,3.0,1.0,0.0,0.0,3.0,1.0,1.0,222.55531961201984,1.0
0.0,0.0,1.0,1.0,1.0,1.0,1.0,0.0,0.0,3.0,1.0,2.0,417.1794412105244,0.0
1.0,0.0,1.0,1.0,1.0,3.0,1.0,0.0,0.0,1.0,3.0,2.0,65.6906531404353,1.0
0.0,0.0,1.0,1.0,1.0,2.0,0.0,0.0,0.0,2.0,2.0,2.0,99.09120004789915,0.0
1.0,0.0,1.0,1.0,1.0,2.0,1.0,0.0,0.0,2.0,2.0,2.0,108.9834668239975,1.0
0.0,0.0,1.0,1.0,1.0,1.0,0.0,0.0,0.0,3.0,1.0,2.0,417.1794412105244,1.0
0.0,0.0,1.0,1.0,1.0,1.0,1.0,1.0,1.0,1.0,1.0,2.0,11.548394222110145,1.0
1.0,0.0,1.0,1.0,1.0,3.0,1.0,1.0,1.0,1.0,2.0,2.0,0.0,1.0
1.0,1.0,1.0,1.0,3.0,3.0,1.0,1.0,1.0,2.0,2.0,2.0,170.18428658824337,0.0
1.0,0.0,1.0,1.0,1.0,2.0,1.0,1.0,1.0,2.0,2.0,2.0,113.74752069335906,1.0
1.0,0.0,1.0,2.0,1.0,2.0,1.0,0.0,0.0,2.0,5.0,2.0,0.0,1.0
1.0,0.0,1.0,1.0,1.0,1.0,1.0,0.0,0.0,2.0,2.0,2.0,407.80773722132267,1.0
1.0,0.0,1.0,1.0,1.0,2.0,1.0,1.0,0.0,1.0,2.0,2.0,0.0,1.0
0.0,1.0,1.0,2.0,3.0,3.0,0.0,1.0,1.0,2.0,5.0,2.0,279.3024973726416,1.0
1.0,1.0,1.0,1.0,3.0,2.0,1.0,1.0,1.0,2.0,2.0,2.0,203.9047993880393,0.0
1.0,1.0,1.0,1.0,2.0,3.0,1.0,1.0,1.0,3.0,1.0,2.0,538.335120876896,1.0
1.0,1.0,1.0,1.0,3.0,3.0,1.0,1.0,1.0,3.0,1.0,2.0,67.72132449448524,0.0
0.0,0.0,1.0,1.0,1.0,2.0,1.0,0.0,0.0,3.0,1.0,2.0,236.21119901392586,1.0
0.0,0.0,0.0,1.0,3.0,3.0,1.0,0.0,0.0,3.0,4.0,1.0,260.1323206201114,0.0
0.0,0.0,1.0,1.0,1.0,1.0,1.0,1.0,0.0,1.0,3.0,2.0,474.06754683014134,0.0
0.0,0.0,1.0,1.0,1.0,1.0,0.0,0.0,0.0,3.0,2.0,2.0,167.717661920561,0.0
1.0,1.0,1.0,1.0,2.0,3.0,0.0,1.0,1.0,2.0,2.0,2.0,301.69595785012245,1.0
0.0,1.0,1.0,1.0,3.0,3.0,0.0,1.0,1.0,2.0,2.0,2.0,241.13404976517177,1.0
1.0,0.0,1.0,1.0,1.0,1.0,1.0,0.0,0.0,1.0,3.0,2.0,0.0,0.0
1.0,0.0,1.0,1.0,1.0,2.0,1.0,1.0,1.0,1.0,2.0,2.0,30.0,0.0
1.0,0.0,0.0,1.0,1.0,2.0,1.0,1.0,1.0,1.0,3.0,1.0,279.4405280980848,1.0
1.0,0.0,1.0,2.0,1.0,1.0,0.0,0.0,0.0,3.0,2.0,2.0,171.6920652507105,1.0
1.0,0.0,1.0,1.0,1.0,1.0,0.0,1.0,1.0,3.0,2.0,2.0,0.0,1.0
0.0,0.0,0.0,2.0,1.0,2.0,1.0,0.0,0.0,2.0,2.0,1.0,0.0,1.0
0.0,0.0,1.0,2.0,1.0,2.0,1.0,0.0,0.0,2.0,2.0,2.0,300.8024050130265,0.0
0.0,0.0,1.0,1.0,1.0,1.0,1.0,0.0,0.0,3.0,1.0,2.0,273.57698368618,1.0
0.0,0.0,1.0,1.0,1.0,1.0,0.0,0.0,0.0,3.0,2.0,2.0,0.0,0.0
1.0,0.0,1.0,1.0,3.0,2.0,0.0,0.0,0.0,3.0,2.0,2.0,38.66129566658261,0.0
1.0,1.0,0.0,2.0,1.0,3.0,1.0,1.0,1.0,1.0,2.0,1.0,10.375510433927085,1.0
0.0,0.0,1.0,1.0,1.0,2.0,1.0,0.0,0.0,2.0,1.0,2.0,234.0806565711137,1.0
1.0,0.0,1.0,2.0,1.0,3.0,1.0,0.0,0.0,2.0,1.0,2.0,0.0,1.0
1.0,0.0,0.0,1.0,1.0,1.0,1.0,1.0,0.0,1.0,3.0,1.0,0.0,0.0
0.0,0.0,1.0,1.0,1.0,3.0,0.0,0.0,0.0,3.0,2.0,2.0,307.3206361658017,1.0
1.0,1.0,1.0,1.0,1.0,2.0,1.0,0.0,0.0,2.0,2.0,2.0,367.45576352275776,1.0
0.0,0.0,1.0,1.0,1.0,1.0,0.0,0.0,0.0,3.0,1.0,2.0,331.8472827810989,0.0
0.0,0.0,0.0,2.0,1.0,2.0,1.0,0.0,0.0,3.0,3.0,1.0,451.3468979411101,1.0
0.0,1.0,0.0,1.0,1.0,3.0,0.0,0.0,0.0,3.0,3.0,1.0,8.66129566658261,1.0
1.0,0.0,0.0,1.0,1.0,2.0,1.0,0.0,0.0,1.0,5.0,1.0,240.9469894391548,0.0
1.0,0.0,0.0,1.0,3.0,3.0,1.0,0.0,0.0,1.0,4.0,1.0,295.8181492220081,1.0
1.0,0.0,1.0,1.0,1.0,2.0,0.0,1.0,1.0,2.0,3.0,2.0,350.5506601226061,1.0
1.0,0.0,1.0,1.0,1.0,2.0,1.0,0.0,0.0,2.0,3.0,2.0,285.3663724334615,1.0
0.0,0.0,1.0,1.0,1.0,3.0,1.0,0.0,0.0,2.0,3.0,2.0,303.40322997129044,1.0
1.0,1.0,1.0,2.0,1.0,2.0,1.0,1.0,1.0,1.0,2.0,2.0,162.28027016712736,0.0
0.0,1.0,0.0,1.0,2.0,1.0,1.0,1.0,1.0,1.0,3.0,1.0,546.1258139483228,1.0
0.0,0.0,0.0,1.0,1.0,1.0,1.0,1.0,1.0,1.0,2.0,1.0,409.5943604612421,1.0
1.0,1.0,1.0,1.0,1.0,1.0,0.0,1.0,0.0,3.0,3.0,2.0,27.510418308851044,1.0
1.0,1.0,1.0,1.0,3.0,3.0,1.0,0.0,0.0,3.0,2.0,2.0,238.62642365184706,1.0
1.0,1.0,1.0,1.0,1.0,1.0,1.0,1.0,1.0,3.0,3.0,2.0,210.58427142372105,1.0
1.0,1.0,1.0,1.0,1.0,3.0,1.0,1.0,1.0,2.0,2.0,2.0,280.04939987640074,0.0
0.0,0.0,1.0,1.0,3.0,3.0,1.0,0.0,0.0,1.0,3.0,2.0,568.8810561961697,0.0
1.0,1.0,1.0,1.0,1.0,1.0,1.0,1.0,1.0,1.0,2.0,2.0,134.8533117001575,1.0
1.0,0.0,0.0,1.0,3.0,2.0,1.0,0.0,1.0,3.0,5.0,1.0,126.296592344271,1.0
0.0,0.0,1.0,2.0,1.0,1.0,0.0,0.0,0.0,3.0,1.0,2.0,240.58928001629667,0.0
0.0,0.0,1.0,2.0,1.0,1.0,1.0,0.0,0.0,3.0,1.0,2.0,97.33667558066476,0.0
0.0,1.0,1.0,3.0,2.0,2.0,1.0,0.0,0.0,2.0,3.0,2.0,0.0,1.0
1.0,0.0,1.0,1.0,1.0,2.0,1.0,0.0,0.0,2.0,2.0,2.0,0.0,1.0
0.0,0.0,1.0,1.0,3.0,3.0,1.0,0.0,0.0,1.0,3.0,2.0,0.0,0.0
0.0,0.0,1.0,1.0,1.0,2.0,1.0,1.0,0.0,1.0,2.0,2.0,279.1896027360294,1.0
1.0,1.0,1.0,1.0,1.0,3.0,1.0,0.0,1.0,3.0,4.0,2.0,0.0,1.0
1.0,0.0,1.0,1.0,1.0,2.0,0.0,0.0,0.0,3.0,1.0,2.0,156.241973150138,1.0
1.0,0.0,1.0,1.0,1.0,1.0,1.0,1.0,0.0,1.0,2.0,2.0,136.79850170447457,0.0
1.0,1.0,1.0,1.0,3.0,3.0,1.0,0.0,0.0,2.0,1.0,2.0,0.0,0.0
1.0,1.0,1.0,1.0,3.0,3.0,1.0,0.0,0.0,2.0,3.0,2.0,40.50815784503605,1.0
1.0,0.0,1.0,1.0,1.0,1.0,1.0,1.0,0.0,1.0,3.0,2.0,99.55418483432967,1.0
1.0,0.0,1.0,1.0,1.0,1.0,0.0,1.0,1.0,2.0,3.0,2.0,242.71976995971954,1.0
0.0,0.0,1.0,1.0,1.0,1.0,1.0,1.0,0.0,1.0,3.0,2.0,466.35848128465375,1.0
0.0,0.0,0.0,3.0,1.0,1.0,1.0,1.0,0.0,1.0,2.0,1.0,289.1871676062026,0.0
1.0,0.0,1.0,1.0,1.0,1.0,1.0,1.0,0.0,1.0,2.0,2.0,0.0,1.0
0.0,0.0,1.0,1.0,1.0,1.0,1.0,1.0,0.0,1.0,2.0,2.0,129.58017518688285,0.0
0.0,0.0,1.0,2.0,1.0,1.0,1.0,1.0,0.0,1.0,2.0,2.0,347.4626156416863,1.0
0.0,0.0,1.0,1.0,1.0,1.0,0.0,0.0,0.0,3.0,1.0,2.0,0.0,0.0
1.0,1.0,1.0,1.0,1.0,3.0,1.0,1.0,1.0,3.0,2.0,2.0,173.9047993880393,0.0
0.0,0.0,1.0,3.0,1.0,1.0,0.0,0.0,0.0,3.0,1.0,2.0,166.91537276872566,1.0
0.0,0.0,1.0,1.0,1.0,1.0,0.0,0.0,0.0,3.0,1.0,2.0,306.4749027387461,0.0
0.0,0.0,1.0,1.0,1.0,1.0,1.0,1.0,0.0,1.0,2.0,2.0,132.70363288587708,0.0
1.0,1.0,1.0,1.0,1.0,3.0,1.0,1.0,1.0,1.0,2.0,2.0,0.0,1.0
0.0,0.0,1.0,1.0,1.0,1.0,1.0,0.0,1.0,3.0,3.0,2.0,742.6264866086528,0.0
1.0,0.0,1.0,1.0,1.0,1.0,0.0,0.0,0.0,3.0,3.0,2.0,30.518341140704667,0.0
0.0,1.0,1.0,1.0,1.0,3.0,1.0,1.0,0.0,2.0,3.0,2.0,60.62906966607825,0.0
0.0,1.0,1.0,2.0,1.0,2.0,0.0,0.0,0.0,3.0,3.0,2.0,686.8829827850916,0.0
1.0,0.0,1.0,1.0,1.0,1.0,0.0,1.0,1.0,2.0,3.0,2.0,0.0,1.0
1.0,0.0,1.0,1.0,1.0,1.0,0.0,0.0,0.0,2.0,3.0,2.0,0.0,1.0
0.0,0.0,1.0,2.0,3.0,3.0,0.0,0.0,0.0,2.0,3.0,2.0,0.0,1.0
0.0,0.0,1.0,1.0,1.0,2.0,0.0,0.0,0.0,3.0,1.0,2.0,258.26776162525255,1.0
1.0,0.0,1.0,1.0,3.0,3.0,1.0,0.0,0.0,3.0,1.0,2.0,142.17887409586297,1.0
1.0,0.0,0.0,1.0,1.0,1.0,1.0,0.0,0.0,1.0,1.0,1.0,285.79972403384517,1.0
1.0,0.0,1.0,1.0,3.0,2.0,1.0,1.0,0.0,1.0,2.0,2.0,198.03655831539197,1.0
0.0,0.0,1.0,1.0,1.0,1.0,1.0,1.0,0.0,1.0,2.0,2.0,66.77986849290164,0.0
0.0,0.0,1.0,2.0,1.0,1.0,1.0,1.0,0.0,1.0,2.0,2.0,207.19848791583445,1.0
0.0,0.0,0.0,3.0,1.0,1.0,0.0,0.0,0.0,3.0,1.0,1.0,462.5008530685694,1.0
0.0,0.0,1.0,2.0,1.0,1.0,1.0,1.0,1.0,1.0,3.0,2.0,407.3438180026478,0.0
1.0,1.0,1.0,1.0,3.0,3.0,1.0,1.0,1.0,1.0,2.0,2.0,287.0190002703114,1.0
0.0,0.0,1.0,1.0,1.0,1.0,1.0,1.0,0.0,1.0,2.0,2.0,0.0,0.0
0.0,0.0,0.0,1.0,3.0,2.0,0.0,0.0,0.0,3.0,3.0,1.0,894.7306309662465,1.0
0.0,0.0,0.0,1.0,3.0,2.0,1.0,0.0,0.0,3.0,1.0,1.0,370.2082649027297,0.0
0.0,0.0,1.0,1.0,1.0,1.0,1.0,1.0,0.0,1.0,2.0,2.0,540.2933624639281,0.0
0.0,0.0,1.0,1.0,2.0,2.0,1.0,0.0,0.0,3.0,1.0,2.0,233.58567299288956,0.0
1.0,0.0,1.0,1.0,2.0,3.0,1.0,0.0,0.0,3.0,1.0,2.0,324.475815405115,1.0
0.0,0.0,1.0,2.0,1.0,1.0,1.0,0.0,0.0,3.0,1.0,2.0,428.3131352666705,1.0
1.0,0.0,1.0,1.0,1.0,2.0,1.0,0.0,1.0,3.0,1.0,2.0,291.7149757360804,1.0
1.0,1.0,0.0,1.0,1.0,1.0,1.0,0.0,0.0,2.0,4.0,1.0,0.0,0.0
1.0,0.0,0.0,2.0,2.0,3.0,0.0,0.0,0.0,3.0,1.0,1.0,57.612489525850236,1.0
0.0,0.0,1.0,2.0,1.0,1.0,0.0,0.0,0.0,3.0,3.0,2.0,261.6157334035862,1.0
0.0,0.0,1.0,1.0,1.0,1.0,1.0,1.0,0.0,1.0,3.0,2.0,0.0,1.0
0.0,0.0,0.0,1.0,1.0,1.0,1.0,0.0,0.0,3.0,1.0,1.0,388.8635997439709,1.0
0.0,0.0,1.0,1.0,3.0,2.0,1.0,0.0,0.0,2.0,2.0,2.0,285.0522261648456,1.0
1.0,1.0,1.0,1.0,1.0,2.0,1.0,1.0,1.0,1.0,2.0,2.0,31.59273518070104,1.0
1.0,1.0,1.0,1.0,1.0,2.0,1.0,1.0,0.0,1.0,2.0,2.0,99.72179304809798,1.0
0.0,0.0,1.0,1.0,1.0,2.0,1.0,0.0,0.0,3.0,1.0,2.0,15.363857128060129,1.0
0.0,1.0,1.0,2.0,1.0,2.0,1.0,1.0,0.0,3.0,2.0,2.0,30.0,0.0
1.0,0.0,1.0,1.0,1.0,2.0,1.0,0.0,0.0,3.0,2.0,2.0,293.58317399322334,1.0
0.0,0.0,1.0,1.0,1.0,2.0,1.0,0.0,0.0,2.0,2.0,2.0,118.81110473474536,1.0
1.0,0.0,1.0,1.0,1.0,2.0,1.0,1.0,0.0,1.0,2.0,2.0,86.3528121782796,0.0
0.0,0.0,1.0,1.0,1.0,1.0,1.0,0.0,0.0,3.0,2.0,2.0,0.0,1.0
1.0,1.0,1.0,1.0,1.0,3.0,1.0,0.0,0.0,2.0,2.0,2.0,199.39922154024237,0.0
0.0,0.0,1.0,1.0,1.0,1.0,1.0,0.0,0.0,2.0,3.0,2.0,234.21977611212625,1.0
0.0,0.0,1.0,1.0,1.0,1.0,1.0,0.0,0.0,3.0,3.0,2.0,0.0,1.0
0.0,0.0,1.0,1.0,1.0,2.0,0.0,0.0,0.0,2.0,2.0,2.0,30.0,0.0
0.0,0.0,1.0,1.0,1.0,1.0,1.0,1.0,0.0,2.0,2.0,2.0,32.20919326010408,1.0
0.0,0.0,1.0,1.0,1.0,1.0,0.0,0.0,0.0,2.0,1.0,2.0,285.1434012534648,0.0
1.0,1.0,1.0,1.0,1.0,3.0,1.0,1.0,0.0,2.0,1.0,2.0,0.0,0.0
0.0,0.0,1.0,2.0,1.0,1.0,0.0,0.0,0.0,2.0,2.0,2.0,190.50543469137136,1.0
0.0,0.0,1.0,1.0,1.0,1.0,1.0,0.0,0.0,3.0,1.0,2.0,223.8023863737476,0.0
1.0,0.0,1.0,1.0,1.0,2.0,0.0,1.0,0.0,2.0,1.0,2.0,131.2919259466086,1.0
0.0,0.0,1.0,2.0,2.0,3.0,0.0,0.0,0.0,3.0,1.0,2.0,0.0,0.0
1.0,0.0,0.0,1.0,1.0,1.0,1.0,0.0,0.0,3.0,4.0,1.0,7.470367512427501,0.0
0.0,0.0,1.0,1.0,1.0,2.0,1.0,1.0,0.0,1.0,2.0,2.0,30.0,0.0
1.0,0.0,0.0,2.0,1.0,1.0,1.0,1.0,0.0,1.0,2.0,1.0,168.3049640619786,0.0
0.0,1.0,1.0,2.0,2.0,2.0,1.0,0.0,0.0,2.0,1.0,2.0,385.3695664039856,1.0
0.0,0.0,1.0,2.0,1.0,2.0,0.0,0.0,0.0,3.0,1.0,2.0,480.5129091348197,1.0
1.0,0.0,1.0,1.0,1.0,1.0,1.0,1.0,0.0,1.0,2.0,2.0,0.0,0.0
0.0,0.0,1.0,1.0,1.0,3.0,1.0,1.0,0.0,1.0,1.0,2.0,254.0326686672504,1.0
0.0,0.0,1.0,1.0,1.0,3.0,1.0,1.0,0.0,1.0,2.0,2.0,0.0,0.0
0.0,1.0,1.0,2.0,1.0,2.0,1.0,0.0,0.0,1.0,3.0,2.0,481.81811382974087,0.0
0.0,0.0,1.0,1.0,3.0,3.0,1.0,1.0,0.0,3.0,1.0,2.0,307.7965976478715,1.0
0.0,0.0,1.0,2.0,1.0,2.0,1.0,0.0,0.0,1.0,2.0,2.0,240.37179205997978,0.0
1.0,0.0,1.0,1.0,1.0,1.0,1.0,0.0,0.0,3.0,1.0,2.0,184.11390579857903,1.0
1.0,0.0,1.0,1.0,1.0,1.0,0.0,0.0,0.0,3.0,1.0,2.0,25.26211236086594,1.0
1.0,0.0,1.0,1.0,1.0,2.0,1.0,1.0,1.0,1.0,2.0,2.0,107.40925995241918,1.0
0.0,0.0,0.0,1.0,1.0,3.0,1.0,1.0,0.0,2.0,1.0,1.0,0.0,0.0
0.0,1.0,1.0,1.0,1.0,2.0,1.0,0.0,0.0,1.0,4.0,2.0,300.8024050130265,0.0
0.0,0.0,1.0,1.0,1.0,1.0,1.0,0.0,0.0,1.0,2.0,2.0,0.0,0.0
0.0,0.0,0.0,1.0,1.0,1.0,1.0,0.0,0.0,1.0,2.0,1.0,333.6441593297545,1.0
1.0,1.0,1.0,1.0,1.0,1.0,1.0,0.0,0.0,1.0,2.0,2.0,0.0,0.0
0.0,0.0,1.0,1.0,1.0,2.0,1.0,0.0,1.0,1.0,2.0,2.0,267.8308134973522,1.0
0.0,0.0,1.0,2.0,3.0,3.0,1.0,1.0,1.0,1.0,2.0,2.0,0.0,0.0
1.0,1.0,1.0,2.0,1.0,3.0,1.0,1.0,1.0,1.0,2.0,2.0,82.71270659456658,0.0
1.0,1.0,1.0,1.0,1.0,2.0,1.0,1.0,1.0,1.0,2.0,2.0,166.79796189713574,1.0
1.0,1.0,1.0,1.0,3.0,2.0,1.0,1.0,1.0,1.0,2.0,2.0,9.525714607497918,1.0
1.0,0.0,1.0,1.0,3.0,3.0,0.0,0.0,0.0,3.0,1.0,2.0,272.99033050809004,1.0
0.0,0.0,1.0,2.0,3.0,3.0,1.0,1.0,1.0,2.0,1.0,2.0,96.12771750057092,1.0
1.0,1.0,1.0,1.0,1.0,2.0,1.0,1.0,1.0,2.0,2.0,2.0,62.82865093634881,1.0
0.0,0.0,1.0,1.0,1.0,3.0,0.0,0.0,0.0,3.0,3.0,2.0,353.085572405227,0.0
1.0,0.0,1.0,1.0,1.0,2.0,0.0,0.0,0.0,3.0,1.0,2.0,0.0,1.0
0.0,0.0,0.0,3.0,1.0,3.0,1.0,0.0,0.0,2.0,1.0,1.0,42.2646091337097,1.0
0.0,0.0,1.0,1.0,1.0,1.0,1.0,0.0,0.0,2.0,1.0,2.0,341.2379131351125,0.0
0.0,0.0,0.0,1.0,1.0,1.0,0.0,0.0,0.0,3.0,1.0,1.0,269.86480882787725,0.0
0.0,0.0,0.0,1.0,1.0,3.0,0.0,0.0,0.0,3.0,1.0,1.0,186.70263443621548,0.0
1.0,0.0,1.0,1.0,3.0,3.0,1.0,0.0,0.0,2.0,3.0,2.0,476.14063479452693,1.0
0.0,0.0,1.0,1.0,1.0,1.0,0.0,0.0,0.0,3.0,1.0,2.0,372.14809618276314,1.0
0.0,0.0,1.0,1.0,3.0,3.0,1.0,0.0,0.0,2.0,1.0,2.0,700.5140634028485,1.0
1.0,1.0,1.0,2.0,1.0,1.0,0.0,0.0,0.0,2.0,1.0,2.0,94.95364326783539,1.0
0.0,0.0,1.0,1.0,3.0,3.0,1.0,0.0,0.0,2.0,2.0,2.0,66.10485485700119,1.0
1.0,0.0,1.0,1.0,1.0,3.0,1.0,1.0,1.0,1.0,3.0,2.0,236.9707730104948,1.0
0.0,0.0,0.0,1.0,1.0,3.0,1.0,1.0,0.0,1.0,2.0,1.0,657.6591897753467,1.0
0.0,0.0,1.0,1.0,1.0,3.0,1.0,0.0,0.0,1.0,3.0,2.0,0.0,0.0
0.0,0.0,1.0,1.0,1.0,3.0,0.0,1.0,0.0,2.0,2.0,2.0,0.0,0.0
0.0,0.0,1.0,1.0,1.0,1.0,0.0,0.0,0.0,3.0,3.0,2.0,379.1532368167916,1.0
0.0,0.0,1.0,2.0,1.0,1.0,1.0,1.0,0.0,2.0,4.0,2.0,0.0,1.0
0.0,0.0,1.0,1.0,1.0,1.0,0.0,0.0,0.0,3.0,1.0,2.0,315.5262666361971,1.0
0.0,0.0,1.0,1.0,1.0,1.0,0.0,0.0,0.0,3.0,2.0,2.0,229.0352336310816,0.0
1.0,0.0,1.0,1.0,1.0,2.0,0.0,0.0,0.0,3.0,2.0,2.0,336.24482218077003,1.0
0.0,1.0,1.0,2.0,1.0,3.0,0.0,0.0,0.0,3.0,2.0,2.0,0.0,1.0
0.0,0.0,1.0,1.0,1.0,2.0,0.0,1.0,1.0,2.0,2.0,2.0,374.56584746697905,1.0
0.0,0.0,1.0,1.0,1.0,2.0,0.0,1.0,0.0,2.0,2.0,2.0,627.1663479864467,0.0
1.0,0.0,1.0,2.0,1.0,1.0,0.0,1.0,0.0,2.0,2.0,2.0,119.67300976284744,1.0
1.0,0.0,1.0,1.0,1.0,1.0,0.0,0.0,0.0,3.0,1.0,2.0,0.0,1.0
1.0,1.0,1.0,1.0,1.0,3.0,1.0,1.0,1.0,1.0,2.0,2.0,95.38404628492422,1.0
1.0,1.0,1.0,3.0,1.0,1.0,1.0,1.0,1.0,1.0,2.0,2.0,184.12629062915443,0.0
0.0,0.0,0.0,2.0,1.0,1.0,1.0,1.0,0.0,1.0,2.0,1.0,265.40726577175417,1.0
0.0,0.0,1.0,1.0,3.0,2.0,0.0,1.0,1.0,2.0,4.0,2.0,480.7817329084713,1.0
1.0,1.0,1.0,1.0,3.0,3.0,0.0,0.0,0.0,2.0,2.0,2.0,53.04073389323909,1.0
0.0,0.0,1.0,2.0,1.0,1.0,0.0,0.0,0.0,2.0,2.0,2.0,71.92581184262062,1.0
0.0,0.0,1.0,1.0,1.0,3.0,1.0,1.0,0.0,1.0,3.0,2.0,272.53870160584916,0.0
0.0,0.0,1.0,2.0,1.0,1.0,1.0,1.0,0.0,1.0,3.0,2.0,0.0,1.0
1.0,0.0,1.0,1.0,1.0,1.0,1.0,0.0,0.0,3.0,1.0,2.0,205.01452520111368,1.0
0.0,0.0,1.0,2.0,1.0,1.0,1.0,1.0,0.0,1.0,2.0,2.0,234.21977611212625,1.0
0.0,0.0,1.0,1.0,1.0,1.0,1.0,1.0,0.0,1.0,2.0,2.0,0.0,0.0
1.0,1.0,1.0,1.0,1.0,1.0,1.0,0.0,0.0,2.0,2.0,2.0,0.0,1.0
0.0,0.0,1.0,2.0,1.0,3.0,1.0,0.0,0.0,3.0,1.0,2.0,644.2309514089529,0.0
0.0,0.0,1.0,3.0,1.0,1.0,1.0,1.0,0.0,1.0,2.0,2.0,286.960852928738,1.0
1.0,1.0,1.0,1.0,1.0,3.0,1.0,1.0,1.0,1.0,2.0,2.0,225.4551309231598,1.0
1.0,0.0,1.0,1.0,1.0,1.0,1.0,1.0,0.0,1.0,2.0,2.0,261.5440074433178,1.0
1.0,1.0,0.0,1.0,1.0,2.0,1.0,0.0,0.0,1.0,2.0,1.0,555.851361639821,1.0
1.0,0.0,1.0,1.0,1.0,1.0,1.0,1.0,0.0,2.0,2.0,2.0,132.842758781211,0.0
0.0,0.0,1.0,1.0,1.0,3.0,1.0,0.0,0.0,3.0,2.0,2.0,41.99016361985444,1.0
0.0,0.0,0.0,2.0,1.0,1.0,1.0,0.0,0.0,3.0,2.0,1.0,59.891124919564064,0.0
0.0,0.0,0.0,1.0,1.0,2.0,0.0,0.0,0.0,3.0,4.0,1.0,30.0,0.0
1.0,0.0,1.0,1.0,2.0,2.0,1.0,0.0,0.0,1.0,3.0,2.0,0.0,1.0
0.0,0.0,1.0,1.0,1.0,1.0,0.0,1.0,0.0,2.0,3.0,2.0,275.87740806386176,1.0
1.0,0.0,1.0,1.0,3.0,3.0,1.0,0.0,0.0,1.0,3.0,2.0,146.4622913117138,0.0
0.0,0.0,1.0,1.0,1.0,1.0,1.0,0.0,0.0,1.0,1.0,2.0,320.45937191504987,1.0
1.0,1.0,1.0,1.0,1.0,3.0,0.0,0.0,0.0,3.0,1.0,2.0,22.30283634145022,1.0
0.0,0.0,1.0,2.0,1.0,1.0,1.0,1.0,0.0,1.0,2.0,2.0,0.0,0.0
1.0,0.0,1.0,3.0,1.0,1.0,0.0,0.0,0.0,3.0,2.0,2.0,19.228076379813395,1.0
0.0,0.0,1.0,2.0,1.0,1.0,1.0,0.0,0.0,1.0,2.0,2.0,103.6489223993357,0.0
1.0,0.0,1.0,2.0,1.0,2.0,1.0,0.0,0.0,2.0,3.0,2.0,574.0347990124001,0.0
1.0,0.0,1.0,1.0,3.0,2.0,0.0,0.0,0.0,3.0,4.0,2.0,0.0,1.0
0.0,0.0,1.0,1.0,1.0,3.0,1.0,0.0,0.0,2.0,2.0,2.0,306.79556552466505,1.0
0.0,0.0,1.0,1.0,1.0,1.0,1.0,0.0,0.0,2.0,2.0,2.0,352.7888273734056,1.0
1.0,0.0,1.0,2.0,1.0,1.0,1.0,0.0,0.0,2.0,5.0,2.0,0.0,1.0
1.0,0.0,1.0,1.0,1.0,2.0,1.0,0.0,0.0,2.0,2.0,2.0,0.0,1.0
1.0,1.0,0.0,1.0,1.0,1.0,1.0,1.0,1.0,1.0,2.0,1.0,119.37904724984267,0.0
1.0,1.0,1.0,1.0,1.0,3.0,1.0,1.0,1.0,1.0,2.0,2.0,0.0,1.0
1.0,1.0,0.0,1.0,2.0,3.0,1.0,1.0,1.0,2.0,3.0,1.0,24.15120521926269,0.0
0.0,0.0,1.0,1.0,1.0,1.0,1.0,0.0,0.0,3.0,1.0,2.0,170.03567991825483,0.0
0.0,0.0,1.0,2.0,1.0,2.0,1.0,0.0,0.0,3.0,2.0,2.0,271.60726775428515,1.0
1.0,0.0,1.0,1.0,1.0,1.0,1.0,0.0,0.0,1.0,2.0,2.0,0.0,1.0
1.0,0.0,1.0,1.0,1.0,1.0,1.0,0.0,0.0,1.0,2.0,2.0,0.0,0.0
1.0,0.0,0.0,1.0,1.0,1.0,1.0,0.0,0.0,2.0,2.0,1.0,273.1391217144501,1.0
0.0,0.0,1.0,1.0,1.0,1.0,0.0,0.0,0.0,2.0,2.0,2.0,58.463745749432604,1.0
1.0,1.0,1.0,1.0,1.0,1.0,0.0,0.0,0.0,2.0,2.0,2.0,495.1372447463706,0.0
0.0,0.0,1.0,1.0,1.0,2.0,1.0,0.0,0.0,2.0,2.0,2.0,28.83763324840625,1.0
1.0,0.0,1.0,1.0,1.0,2.0,1.0,0.0,0.0,2.0,2.0,2.0,0.0,1.0
1.0,1.0,1.0,1.0,3.0,3.0,1.0,1.0,1.0,1.0,2.0,2.0,279.5511716749844,0.0
1.0,0.0,1.0,1.0,1.0,1.0,1.0,1.0,0.0,1.0,3.0,2.0,171.6920652507105,1.0
1.0,0.0,1.0,1.0,1.0,1.0,0.0,0.0,0.0,2.0,2.0,2.0,426.4339906906541,1.0
1.0,0.0,1.0,1.0,1.0,1.0,0.0,0.0,0.0,2.0,3.0,2.0,257.1400608879002,0.0
0.0,0.0,1.0,1.0,1.0,2.0,1.0,1.0,0.0,1.0,2.0,2.0,30.0,0.0
0.0,0.0,1.0,3.0,1.0,2.0,0.0,0.0,0.0,3.0,1.0,2.0,370.2082649027297,0.0
0.0,0.0,1.0,1.0,1.0,1.0,0.0,0.0,0.0,3.0,2.0,2.0,79.91853363465106,1.0
1.0,1.0,1.0,1.0,1.0,3.0,1.0,1.0,1.0,1.0,2.0,2.0,0.0,1.0
0.0,0.0,1.0,1.0,1.0,1.0,0.0,0.0,0.0,3.0,3.0,2.0,246.38408351015573,0.0
0.0,0.0,0.0,3.0,1.0,1.0,1.0,1.0,0.0,2.0,3.0,1.0,0.0,1.0
0.0,0.0,1.0,1.0,1.0,3.0,1.0,0.0,0.0,1.0,5.0,2.0,297.02500831822607,0.0
0.0,0.0,1.0,2.0,1.0,2.0,0.0,0.0,0.0,2.0,3.0,2.0,507.5339914248161,1.0
1.0,0.0,1.0,1.0,3.0,2.0,1.0,0.0,0.0,1.0,2.0,2.0,35.703117848072324,1.0
0.0,0.0,1.0,2.0,2.0,1.0,0.0,0.0,0.0,2.0,1.0,2.0,181.1340391444702,1.0
1.0,1.0,1.0,1.0,3.0,2.0,0.0,0.0,0.0,3.0,2.0,2.0,248.01521737703382,1.0
0.0,0.0,1.0,1.0,1.0,1.0,0.0,0.0,0.0,3.0,2.0,2.0,327.88035728659185,1.0
0.0,0.0,1.0,2.0,1.0,1.0,0.0,1.0,1.0,2.0,2.0,2.0,358.20455218014945,1.0
0.0,0.0,1.0,2.0,1.0,3.0,1.0,1.0,0.0,2.0,1.0,2.0,354.48431996717187,1.0
0.0,1.0,1.0,1.0,1.0,2.0,1.0,0.0,0.0,2.0,2.0,2.0,369.08405528982496,0.0
0.0,1.0,1.0,2.0,1.0,3.0,1.0,0.0,0.0,2.0,3.0,2.0,212.26936425490345,1.0
0.0,0.0,1.0,2.0,1.0,2.0,1.0,0.0,0.0,2.0,1.0,2.0,342.94808006519816,0.0
0.0,0.0,1.0,1.0,1.0,1.0,0.0,0.0,0.0,3.0,1.0,2.0,0.0,0.0
0.0,0.0,1.0,2.0,2.0,3.0,1.0,0.0,0.0,2.0,1.0,2.0,296.9374984155499,1.0
0.0,0.0,1.0,2.0,1.0,2.0,0.0,0.0,0.0,3.0,1.0,2.0,471.51616256982095,1.0
0.0,0.0,1.0,1.0,2.0,3.0,0.0,0.0,0.0,3.0,1.0,2.0,377.80744316489915,1.0
0.0,0.0,1.0,1.0,3.0,3.0,1.0,0.0,0.0,3.0,4.0,2.0,292.8180069409158,1.0
1.0,1.0,1.0,1.0,1.0,2.0,0.0,0.0,1.0,2.0,1.0,2.0,32.90524361694703,1.0
1.0,1.0,1.0,1.0,1.0,3.0,0.0,1.0,1.0,2.0,6.0,2.0,185.55404255575513,1.0
1.0,1.0,1.0,1.0,3.0,3.0,1.0,1.0,0.0,3.0,1.0,2.0,220.0919187309681,0.0
1.0,0.0,1.0,2.0,1.0,1.0,1.0,0.0,0.0,3.0,2.0,2.0,0.0,1.0
0.0,0.0,1.0,2.0,3.0,3.0,1.0,0.0,0.0,3.0,2.0,2.0,0.0,1.0
1.0,0.0,1.0,1.0,3.0,3.0,0.0,0.0,0.0,3.0,1.0,2.0,286.3922281422366,0.0
0.0,0.0,1.0,1.0,1.0,2.0,0.0,0.0,0.0,3.0,2.0,2.0,82.1542876449875,1.0
0.0,0.0,0.0,3.0,1.0,1.0,0.0,0.0,0.0,3.0,1.0,1.0,591.3218004243736,0.0
1.0,0.0,1.0,1.0,3.0,3.0,0.0,0.0,0.0,3.0,2.0,2.0,151.4939236481023,1.0
1.0,0.0,1.0,2.0,1.0,1.0,1.0,1.0,0.0,1.0,3.0,2.0,155.86354773775707,1.0
1.0,1.0,1.0,1.0,1.0,3.0,1.0,0.0,0.0,1.0,3.0,2.0,0.0,1.0
1.0,0.0,1.0,1.0,3.0,3.0,1.0,1.0,0.0,1.0,2.0,2.0,271.182107199597,1.0
0.0,1.0,1.0,1.0,1.0,1.0,1.0,1.0,0.0,1.0,2.0,2.0,197.9174126401245,1.0
1.0,0.0,1.0,2.0,1.0,2.0,1.0,0.0,0.0,3.0,1.0,2.0,262.6335950820596,1.0
1.0,1.0,1.0,1.0,1.0,3.0,0.0,0.0,0.0,3.0,1.0,2.0,209.56788050928927,0.0
1.0,0.0,1.0,1.0,3.0,2.0,0.0,0.0,0.0,3.0,2.0,2.0,221.6996069980682,1.0
1.0,1.0,1.0,1.0,1.0,1.0,1.0,1.0,0.0,1.0,2.0,2.0,2.8582275699722604,1.0
0.0,0.0,1.0,2.0,1.0,1.0,0.0,1.0,0.0,2.0,2.0,2.0,141.73384842064067,0.0
0.0,0.0,1.0,1.0,1.0,1.0,1.0,0.0,0.0,1.0,3.0,2.0,195.21200462727722,0.0
0.0,0.0,1.0,1.0,1.0,1.0,1.0,1.0,0.0,1.0,3.0,2.0,0.0,1.0
1.0,0.0,0.0,1.0,3.0,2.0,0.0,0.0,0.0,3.0,1.0,1.0,187.7033748085359,0.0
0.0,0.0,1.0,1.0,3.0,3.0,1.0,0.0,0.0,3.0,1.0,2.0,319.8254930179906,1.0
0.0,0.0,1.0,2.0,1.0,2.0,1.0,0.0,0.0,3.0,1.0,2.0,140.41792005689277,0.0
0.0,0.0,1.0,1.0,1.0,1.0,1.0,0.0,0.0,2.0,3.0,2.0,109.77820554210311,0.0
1.0,0.0,1.0,1.0,1.0,2.0,0.0,0.0,0.0,3.0,6.0,2.0,455.776141407608,1.0
0.0,0.0,1.0,3.0,1.0,2.0,0.0,0.0,0.0,3.0,1.0,2.0,254.73523431261594,1.0
1.0,0.0,1.0,1.0,3.0,3.0,1.0,1.0,1.0,1.0,2.0,2.0,410.19332630843786,1.0
1.0,0.0,1.0,1.0,1.0,1.0,0.0,0.0,0.0,3.0,1.0,2.0,153.88184899728225,0.0
1.0,1.0,1.0,1.0,1.0,2.0,0.0,1.0,1.0,2.0,2.0,2.0,0.0,1.0
1.0,0.0,1.0,1.0,3.0,2.0,1.0,0.0,1.0,3.0,5.0,2.0,117.46774710001293,1.0
1.0,1.0,1.0,1.0,1.0,2.0,1.0,0.0,0.0,2.0,3.0,2.0,108.31147825102153,1.0
0.0,0.0,1.0,2.0,1.0,2.0,1.0,0.0,0.0,2.0,1.0,2.0,845.9103688547848,0.0
0.0,0.0,1.0,1.0,1.0,2.0,1.0,0.0,0.0,2.0,3.0,2.0,377.7793694968011,1.0
0.0,0.0,1.0,2.0,1.0,1.0,1.0,0.0,0.0,3.0,1.0,2.0,285.6677169235227,1.0
0.0,0.0,1.0,1.0,1.0,1.0,1.0,0.0,0.0,1.0,3.0,2.0,39.79459950901238,1.0
1.0,0.0,0.0,2.0,1.0,1.0,1.0,1.0,0.0,1.0,2.0,1.0,298.5037934834578,1.0
0.0,0.0,1.0,1.0,1.0,1.0,1.0,1.0,0.0,1.0,2.0,2.0,0.0,0.0
0.0,0.0,1.0,2.0,1.0,3.0,1.0,1.0,0.0,1.0,2.0,2.0,419.9758191834627,1.0
0.0,0.0,1.0,1.0,1.0,1.0,1.0,1.0,0.0,1.0,2.0,2.0,331.67088164828647,1.0
0.0,0.0,1.0,1.0,1.0,1.0,1.0,1.0,0.0,1.0,2.0,2.0,162.73521189561367,1.0
1.0,0.0,1.0,2.0,1.0,1.0,1.0,1.0,0.0,1.0,2.0,2.0,245.29678840196084,0.0
0.0,0.0,1.0,1.0,1.0,1.0,1.0,0.0,0.0,1.0,2.0,2.0,43.47216939467284,0.0
1.0,1.0,1.0,1.0,2.0,3.0,0.0,1.0,1.0,2.0,2.0,2.0,238.90485992062574,1.0
1.0,1.0,1.0,1.0,1.0,3.0,1.0,1.0,1.0,2.0,2.0,2.0,361.89480089524045,0.0
0.0,0.0,1.0,1.0,2.0,2.0,0.0,0.0,0.0,2.0,3.0,2.0,445.81964706812556,0.0
1.0,0.0,1.0,1.0,1.0,1.0,0.0,0.0,0.0,2.0,1.0,2.0,583.4940001171537,1.0
0.0,0.0,1.0,1.0,1.0,1.0,0.0,0.0,0.0,3.0,2.0,2.0,273.97898777702574,1.0
1.0,0.0,1.0,1.0,1.0,1.0,1.0,0.0,0.0,2.0,2.0,2.0,284.4012158456294,1.0
0.0,0.0,1.0,2.0,3.0,3.0,1.0,1.0,0.0,2.0,2.0,2.0,383.79059162158865,1.0
0.0,0.0,1.0,1.0,1.0,1.0,0.0,0.0,0.0,3.0,1.0,2.0,435.9103015948908,1.0
1.0,0.0,1.0,1.0,1.0,1.0,1.0,0.0,0.0,3.0,1.0,2.0,178.00891193434654,1.0
0.0,0.0,1.0,3.0,1.0,1.0,1.0,1.0,0.0,1.0,6.0,2.0,97.39065643205782,1.0
0.0,0.0,1.0,1.0,1.0,3.0,1.0,1.0,0.0,1.0,3.0,2.0,364.496980120505,1.0
0.0,0.0,1.0,1.0,3.0,3.0,1.0,0.0,0.0,3.0,2.0,2.0,307.03247329727094,1.0
0.0,0.0,1.0,1.0,3.0,2.0,0.0,0.0,0.0,3.0,1.0,2.0,268.02014975317115,0.0
1.0,0.0,1.0,1.0,1.0,1.0,1.0,0.0,0.0,2.0,1.0,2.0,270.8492869471404,1.0
0.0,0.0,1.0,1.0,1.0,1.0,1.0,1.0,0.0,2.0,1.0,2.0,237.68836862746832,0.0
1.0,1.0,1.0,1.0,1.0,2.0,1.0,1.0,1.0,2.0,2.0,2.0,179.76060495723692,1.0
1.0,0.0,0.0,3.0,1.0,1.0,1.0,0.0,0.0,3.0,3.0,1.0,232.90283686655948,1.0
1.0,0.0,0.0,1.0,1.0,3.0,1.0,1.0,0.0,1.0,1.0,1.0,120.13419241715829,0.0
1.0,0.0,1.0,2.0,1.0,2.0,1.0,0.0,0.0,3.0,2.0,2.0,49.8261023664757,1.0
0.0,0.0,0.0,2.0,1.0,1.0,1.0,0.0,0.0,1.0,2.0,1.0,23.56572145637147,0.0
1.0,0.0,1.0,1.0,1.0,1.0,1.0,1.0,0.0,1.0,2.0,2.0,193.3201155904851,1.0
1.0,0.0,1.0,1.0,1.0,1.0,1.0,0.0,0.0,1.0,2.0,2.0,171.6920652507105,1.0
0.0,0.0,1.0,2.0,1.0,1.0,1.0,0.0,0.0,1.0,2.0,2.0,0.0,1.0
0.0,0.0,1.0,1.0,1.0,2.0,1.0,0.0,0.0,2.0,3.0,2.0,375.41153245942985,0.0
1.0,0.0,1.0,1.0,1.0,2.0,1.0,0.0,0.0,2.0,3.0,2.0,302.4115257334405,1.0
1.0,0.0,1.0,1.0,1.0,2.0,0.0,0.0,0.0,3.0,1.0,2.0,219.52621808473515,0.0
0.0,0.0,1.0,1.0,3.0,2.0,0.0,0.0,0.0,3.0,1.0,2.0,389.91789544057036,0.0
0.0,0.0,1.0,1.0,1.0,2.0,1.0,0.0,0.0,3.0,3.0,2.0,86.78398939367322,1.0
0.0,0.0,1.0,1.0,3.0,3.0,1.0,0.0,0.0,1.0,3.0,2.0,360.1633397708397,1.0
0.0,0.0,1.0,1.0,3.0,2.0,0.0,0.0,0.0,2.0,3.0,2.0,290.4508018641945,1.0
0.0,0.0,1.0,1.0,1.0,2.0,0.0,0.0,0.0,2.0,3.0,2.0,26.561234093354646,1.0
1.0,0.0,1.0,1.0,1.0,1.0,0.0,0.0,0.0,2.0,3.0,2.0,212.337457192372,1.0
1.0,0.0,1.0,1.0,3.0,3.0,0.0,0.0,0.0,3.0,1.0,2.0,273.29680647818816,0.0
0.0,0.0,1.0,1.0,1.0,2.0,1.0,0.0,0.0,1.0,2.0,2.0,207.33117552277676,1.0
1.0,0.0,1.0,1.0,1.0,2.0,1.0,0.0,0.0,1.0,2.0,2.0,133.3205389830499,1.0
1.0,0.0,1.0,1.0,1.0,1.0,1.0,0.0,1.0,1.0,6.0,2.0,130.05727987940168,1.0
0.0,0.0,1.0,2.0,1.0,1.0,1.0,1.0,0.0,1.0,2.0,2.0,136.40309541155898,0.0
0.0,0.0,1.0,1.0,1.0,3.0,1.0,0.0,0.0,1.0,2.0,2.0,0.0,1.0
1.0,1.0,1.0,1.0,2.0,3.0,0.0,1.0,0.0,2.0,3.0,2.0,274.3709633803009,1.0
1.0,1.0,1.0,1.0,3.0,3.0,1.0,1.0,1.0,1.0,2.0,2.0,0.0,0.0
0.0,1.0,1.0,1.0,2.0,3.0,0.0,0.0,0.0,3.0,1.0,2.0,68.55829183502297,1.0
0.0,0.0,0.0,2.0,1.0,1.0,1.0,0.0,0.0,3.0,1.0,1.0,0.0,1.0
1.0,0.0,1.0,1.0,1.0,3.0,1.0,0.0,0.0,3.0,3.0,2.0,0.0,0.0
1.0,0.0,1.0,1.0,3.0,3.0,1.0,1.0,0.0,3.0,3.0,2.0,173.9047993880393,0.0
0.0,0.0,1.0,3.0,1.0,1.0,1.0,1.0,1.0,2.0,1.0,2.0,220.23978698161721,0.0
0.0,1.0,1.0,1.0,1.0,2.0,1.0,1.0,0.0,1.0,3.0,2.0,300.8024050130265,0.0
0.0,0.0,1.0,1.0,1.0,3.0,1.0,1.0,0.0,1.0,2.0,2.0,336.90626779636324,1.0
1.0,0.0,1.0,1.0,3.0,3.0,1.0,0.0,0.0,3.0,1.0,2.0,115.93740613611544,0.0
0.0,0.0,1.0,1.0,1.0,1.0,1.0,1.0,0.0,2.0,1.0,2.0,407.8226210774243,0.0
1.0,0.0,1.0,1.0,1.0,1.0,1.0,1.0,1.0,1.0,2.0,2.0,0.0,1.0
0.0,0.0,1.0,1.0,3.0,3.0,0.0,0.0,0.0,2.0,5.0,2.0,318.9535464143556,1.0
0.0,0.0,1.0,2.0,1.0,2.0,0.0,0.0,0.0,3.0,2.0,2.0,0.0,1.0
0.0,0.0,1.0,1.0,1.0,2.0,1.0,0.0,0.0,1.0,2.0,2.0,333.276393357757,0.0
0.0,0.0,1.0,1.0,1.0,1.0,1.0,0.0,0.0,1.0,3.0,2.0,229.0352336310816,0.0
0.0,0.0,1.0,1.0,1.0,1.0,1.0,0.0,0.0,1.0,2.0,2.0,256.4075660578148,1.0
1.0,1.0,1.0,1.0,1.0,3.0,1.0,0.0,1.0,1.0,3.0,2.0,238.90485992062574,1.0
1.0,1.0,1.0,1.0,1.0,3.0,1.0,1.0,1.0,1.0,2.0,2.0,309.98243785711793,1.0
1.0,1.0,1.0,1.0,1.0,2.0,1.0,0.0,0.0,3.0,2.0,2.0,223.03480420612127,1.0
0.0,0.0,1.0,1.0,1.0,2.0,1.0,0.0,0.0,3.0,2.0,2.0,0.0,1.0
0.0,0.0,1.0,1.0,1.0,2.0,1.0,1.0,0.0,1.0,2.0,2.0,30.0,0.0
0.0,0.0,1.0,2.0,3.0,3.0,1.0,0.0,0.0,3.0,2.0,2.0,527.8796282823536,1.0
0.0,1.0,1.0,2.0,1.0,2.0,0.0,0.0,0.0,3.0,1.0,2.0,30.0,0.0
0.0,0.0,0.0,1.0,1.0,1.0,1.0,0.0,0.0,3.0,3.0,1.0,285.306489666697,0.0
0.0,0.0,1.0,2.0,1.0,2.0,0.0,0.0,0.0,3.0,2.0,2.0,0.0,1.0
1.0,1.0,1.0,1.0,2.0,2.0,0.0,0.0,0.0,2.0,2.0,2.0,0.0,1.0
1.0,1.0,1.0,1.0,2.0,3.0,0.0,0.0,0.0,3.0,2.0,2.0,225.65776142842378,0.0
0.0,0.0,1.0,1.0,1.0,1.0,1.0,0.0,0.0,3.0,2.0,2.0,0.0,1.0
0.0,0.0,1.0,1.0,1.0,3.0,1.0,0.0,0.0,1.0,1.0,2.0,518.0866647375858,0.0
0.0,0.0,1.0,1.0,3.0,3.0,1.0,0.0,0.0,1.0,3.0,2.0,530.5322897310085,1.0
1.0,0.0,1.0,1.0,3.0,2.0,0.0,0.0,0.0,3.0,2.0,2.0,361.5826810818803,0.0
1.0,0.0,1.0,1.0,3.0,2.0,0.0,0.0,0.0,3.0,2.0,2.0,276.84527891959834,1.0
1.0,1.0,0.0,1.0,1.0,3.0,1.0,1.0,1.0,1.0,2.0,1.0,147.16214181435276,0.0
0.0,0.0,1.0,1.0,3.0,2.0,1.0,1.0,0.0,1.0,3.0,2.0,397.6361127422832,1.0
1.0,0.0,1.0,1.0,1.0,2.0,1.0,0.0,0.0,3.0,1.0,2.0,37.68447438794722,0.0
0.0,0.0,1.0,1.0,1.0,1.0,1.0,0.0,0.0,3.0,2.0,2.0,124.41529961438354,0.0
1.0,1.0,1.0,1.0,1.0,1.0,1.0,1.0,1.0,1.0,2.0,2.0,0.0,1.0
1.0,1.0,0.0,2.0,2.0,1.0,1.0,1.0,1.0,1.0,2.0,1.0,482.4054320196957,0.0
1.0,0.0,1.0,2.0,3.0,3.0,1.0,1.0,1.0,1.0,2.0,2.0,418.74155725197465,1.0
0.0,0.0,1.0,1.0,1.0,1.0,1.0,1.0,0.0,1.0,2.0,2.0,34.58013474576248,0.0
0.0,0.0,1.0,1.0,1.0,3.0,1.0,1.0,1.0,1.0,5.0,2.0,368.79284409336844,1.0
1.0,0.0,0.0,1.0,3.0,3.0,1.0,1.0,0.0,1.0,2.0,1.0,407.37300818630996,1.0
0.0,0.0,1.0,1.0,1.0,1.0,1.0,1.0,0.0,1.0,2.0,2.0,295.9030868913708,0.0
1.0,0.0,1.0,3.0,1.0,2.0,1.0,1.0,0.0,1.0,1.0,2.0,169.0355472766925,1.0
1.0,0.0,1.0,1.0,3.0,3.0,1.0,1.0,1.0,1.0,2.0,2.0,374.7831675314054,1.0
0.0,1.0,1.0,1.0,1.0,1.0,0.0,0.0,0.0,3.0,3.0,2.0,383.5358862375336,1.0
0.0,1.0,1.0,1.0,1.0,2.0,1.0,1.0,0.0,1.0,2.0,2.0,518.5147369041232,1.0
1.0,0.0,1.0,1.0,1.0,1.0,0.0,0.0,0.0,3.0,4.0,2.0,89.65220119271754,0.0
0.0,0.0,1.0,1.0,1.0,1.0,0.0,0.0,0.0,3.0,2.0,2.0,452.52220636037964,1.0
0.0,1.0,1.0,1.0,1.0,2.0,1.0,1.0,0.0,1.0,2.0,2.0,82.69561862414892,1.0
1.0,1.0,1.0,1.0,1.0,3.0,0.0,1.0,1.0,2.0,2.0,2.0,81.68651400077417,1.0
0.0,0.0,1.0,1.0,1.0,1.0,1.0,1.0,0.0,2.0,2.0,2.0,0.0,1.0
1.0,0.0,1.0,1.0,1.0,2.0,1.0,1.0,1.0,2.0,2.0,2.0,0.0,1.0
0.0,0.0,1.0,1.0,1.0,2.0,0.0,0.0,0.0,2.0,4.0,2.0,0.44499899488831485,1.0
0.0,1.0,1.0,1.0,3.0,3.0,1.0,0.0,1.0,2.0,5.0,2.0,1437.9339315938569,0.0
0.0,0.0,1.0,2.0,1.0,1.0,1.0,0.0,0.0,3.0,3.0,2.0,100.49898090541008,0.0
0.0,0.0,1.0,2.0,1.0,3.0,0.0,1.0,0.0,3.0,2.0,2.0,399.37191135220894,1.0
0.0,0.0,1.0,1.0,1.0,1.0,0.0,0.0,0.0,3.0,3.0,2.0,190.00227014829017,1.0
1.0,0.0,1.0,1.0,3.0,3.0,0.0,0.0,0.0,3.0,4.0,2.0,463.76188935680887,0.0
1.0,1.0,1.0,1.0,1.0,1.0,0.0,0.0,0.0,2.0,2.0,2.0,195.16009229390673,1.0
0.0,0.0,1.0,1.0,1.0,1.0,0.0,0.0,0.0,2.0,2.0,2.0,331.5826810818803,1.0
0.0,0.0,1.0,1.0,1.0,1.0,0.0,0.0,0.0,3.0,2.0,2.0,488.7741873536926,1.0
0.0,0.0,0.0,2.0,1.0,1.0,0.0,0.0,0.0,3.0,2.0,1.0,0.0,0.0
1.0,0.0,1.0,1.0,3.0,2.0,1.0,0.0,0.0,3.0,1.0,2.0,179.1704948637644,1.0
0.0,0.0,1.0,1.0,3.0,3.0,0.0,0.0,0.0,3.0,1.0,2.0,381.59445000495276,0.0
1.0,0.0,1.0,1.0,1.0,1.0,0.0,1.0,1.0,2.0,1.0,2.0,0.0,1.0
0.0,0.0,1.0,3.0,1.0,1.0,1.0,0.0,0.0,1.0,3.0,2.0,229.0352336310816,0.0
1.0,1.0,1.0,2.0,1.0,2.0,1.0,0.0,0.0,2.0,2.0,2.0,12.619401989507551,1.0
0.0,0.0,1.0,1.0,1.0,1.0,1.0,0.0,0.0,1.0,1.0,2.0,320.45937191504987,1.0
0.0,0.0,1.0,1.0,1.0,2.0,1.0,0.0,0.0,1.0,2.0,2.0,50.7795482374849,0.0
0.0,0.0,1.0,1.0,3.0,3.0,1.0,0.0,0.0,2.0,1.0,2.0,0.0,0.0
0.0,1.0,1.0,1.0,1.0,3.0,1.0,0.0,0.0,2.0,5.0,2.0,468.9526489586594,1.0
1.0,0.0,1.0,1.0,1.0,1.0,1.0,0.0,0.0,2.0,2.0,2.0,57.33893126994093,1.0
0.0,0.0,1.0,2.0,1.0,1.0,1.0,0.0,0.0,1.0,2.0,2.0,207.18405032217134,1.0
0.0,0.0,0.0,1.0,1.0,2.0,1.0,0.0,0.0,2.0,3.0,1.0,0.0,1.0
0.0,1.0,1.0,1.0,3.0,2.0,1.0,1.0,0.0,1.0,2.0,2.0,293.45853615594484,0.0
0.0,0.0,1.0,1.0,1.0,1.0,1.0,0.0,0.0,3.0,2.0,2.0,208.0201969478964,1.0
0.0,0.0,1.0,1.0,3.0,2.0,0.0,0.0,0.0,3.0,1.0,2.0,809.6158355784606,0.0
0.0,0.0,1.0,2.0,1.0,2.0,1.0,1.0,1.0,1.0,2.0,2.0,111.63934338848458,1.0
0.0,0.0,1.0,2.0,1.0,1.0,1.0,1.0,0.0,2.0,2.0,2.0,186.48510454091277,1.0
1.0,1.0,1.0,1.0,1.0,2.0,1.0,1.0,1.0,2.0,2.0,2.0,64.10734915168123,1.0
0.0,0.0,1.0,3.0,1.0,2.0,1.0,0.0,0.0,3.0,1.0,2.0,358.6308715558772,1.0
0.0,0.0,1.0,1.0,3.0,3.0,1.0,0.0,0.0,2.0,5.0,2.0,430.33056572504427,1.0
0.0,0.0,1.0,1.0,2.0,3.0,1.0,0.0,0.0,2.0,3.0,2.0,432.38381613077195,0.0
0.0,0.0,1.0,1.0,1.0,1.0,1.0,0.0,0.0,1.0,1.0,2.0,135.27824943470836,1.0
1.0,1.0,1.0,1.0,1.0,2.0,1.0,1.0,1.0,1.0,2.0,2.0,248.66075102763844,1.0
1.0,0.0,1.0,1.0,1.0,2.0,1.0,0.0,0.0,1.0,6.0,2.0,343.87257023514627,1.0
1.0,0.0,1.0,1.0,2.0,3.0,1.0,0.0,0.0,1.0,3.0,2.0,167.51258379070686,0.0
1.0,0.0,1.0,1.0,3.0,3.0,1.0,0.0,0.0,3.0,2.0,2.0,33.15826810818803,0.0
1.0,1.0,1.0,1.0,3.0,3.0,1.0,1.0,1.0,2.0,2.0,2.0,82.33365415657732,1.0
1.0,0.0,1.0,1.0,1.0,1.0,1.0,1.0,0.0,2.0,3.0,2.0,0.0,0.0
1.0,1.0,1.0,1.0,1.0,2.0,1.0,1.0,1.0,1.0,2.0,2.0,118.8941812697625,1.0
1.0,0.0,1.0,1.0,1.0,2.0,1.0,1.0,0.0,1.0,3.0,2.0,235.97229622926656,1.0
0.0,0.0,1.0,1.0,1.0,1.0,1.0,1.0,0.0,1.0,3.0,2.0,299.6375293938133,0.0
1.0,0.0,1.0,1.0,3.0,3.0,1.0,0.0,0.0,2.0,1.0,2.0,269.3938994933081,1.0
0.0,0.0,1.0,2.0,3.0,3.0,1.0,0.0,0.0,3.0,1.0,2.0,1821.8646442586241,1.0
1.0,0.0,1.0,1.0,2.0,3.0,1.0,0.0,0.0,1.0,3.0,2.0,12.345456969486511,1.0
0.0,0.0,1.0,1.0,1.0,1.0,0.0,0.0,0.0,2.0,2.0,2.0,266.0711850394797,0.0
0.0,0.0,1.0,1.0,1.0,1.0,0.0,0.0,0.0,2.0,2.0,2.0,2.1955641108420623,1.0
0.0,0.0,1.0,2.0,2.0,3.0,1.0,1.0,0.0,1.0,1.0,2.0,169.0584365348388,0.0
0.0,0.0,1.0,1.0,1.0,1.0,0.0,0.0,0.0,2.0,2.0,2.0,0.0,1.0
0.0,0.0,1.0,1.0,1.0,2.0,0.0,0.0,0.0,3.0,4.0,2.0,503.68954440268624,0.0
1.0,1.0,1.0,2.0,1.0,2.0,0.0,1.0,1.0,2.0,5.0,2.0,450.4528171923011,1.0
1.0,0.0,1.0,1.0,1.0,2.0,0.0,1.0,0.0,2.0,1.0,2.0,64.9244119053275,1.0
0.0,0.0,1.0,1.0,1.0,2.0,0.0,0.0,0.0,3.0,2.0,2.0,141.47935392375075,1.0
0.0,0.0,1.0,1.0,2.0,3.0,1.0,0.0,0.0,3.0,4.0,2.0,254.8255990341733,1.0
0.0,1.0,1.0,1.0,1.0,3.0,0.0,1.0,1.0,3.0,3.0,2.0,189.4758177610745,1.0
0.0,0.0,1.0,1.0,1.0,1.0,1.0,1.0,0.0,1.0,2.0,2.0,116.70592694604659,1.0
0.0,0.0,1.0,1.0,2.0,2.0,1.0,0.0,1.0,1.0,3.0,2.0,349.60438144283853,1.0
1.0,0.0,1.0,1.0,1.0,2.0,1.0,1.0,0.0,1.0,3.0,2.0,0.0,1.0
0.0,0.0,1.0,2.0,1.0,3.0,0.0,0.0,0.0,2.0,3.0,2.0,307.08728365607607,1.0
1.0,0.0,0.0,1.0,1.0,1.0,1.0,1.0,0.0,1.0,2.0,1.0,42.58479556654083,1.0
1.0,0.0,1.0,1.0,3.0,3.0,1.0,1.0,0.0,1.0,3.0,2.0,198.94960864912815,0.0
0.0,0.0,1.0,1.0,3.0,2.0,1.0,0.0,0.0,3.0,1.0,2.0,339.9431368731242,0.0
0.0,0.0,1.0,1.0,1.0,1.0,1.0,0.0,0.0,1.0,2.0,2.0,657.4810876309283,0.0
0.0,0.0,1.0,1.0,1.0,1.0,1.0,0.0,0.0,1.0,2.0,2.0,281.134345600811,1.0
0.0,0.0,1.0,1.0,1.0,1.0,1.0,0.0,0.0,2.0,2.0,2.0,315.0355044720725,0.0
1.0,0.0,1.0,2.0,1.0,1.0,1.0,1.0,0.0,1.0,2.0,2.0,198.94960864912815,0.0
1.0,0.0,1.0,1.0,1.0,1.0,1.0,0.0,1.0,1.0,2.0,2.0,227.3709813132894,1.0
1.0,1.0,1.0,1.0,1.0,1.0,1.0,1.0,1.0,1.0,2.0,2.0,276.27963701135826,1.0
0.0,0.0,1.0,1.0,1.0,2.0,1.0,0.0,0.0,3.0,2.0,2.0,30.0,0.0
1.0,0.0,1.0,2.0,1.0,2.0,0.0,0.0,0.0,3.0,2.0,2.0,208.25552439457792,0.0
1.0,0.0,1.0,1.0,1.0,1.0,1.0,0.0,0.0,3.0,6.0,2.0,181.17757005411812,0.0
0.0,0.0,1.0,1.0,3.0,3.0,1.0,0.0,0.0,3.0,1.0,2.0,152.90442265451227,1.0
1.0,0.0,1.0,1.0,1.0,1.0,1.0,0.0,0.0,3.0,3.0,2.0,0.0,1.0
0.0,0.0,1.0,1.0,1.0,1.0,1.0,0.0,0.0,3.0,3.0,2.0,208.11104562685748,1.0
0.0,0.0,1.0,1.0,1.0,1.0,0.0,0.0,0.0,3.0,1.0,2.0,135.65724936648417,0.0
1.0,0.0,1.0,1.0,1.0,2.0,1.0,0.0,0.0,1.0,2.0,2.0,0.0,1.0
0.0,0.0,1.0,1.0,1.0,3.0,1.0,0.0,1.0,1.0,2.0,2.0,253.74080485358812,0.0
1.0,1.0,1.0,1.0,1.0,3.0,1.0,1.0,1.0,1.0,2.0,2.0,206.09348916731068,1.0
0.0,0.0,1.0,1.0,1.0,1.0,1.0,1.0,0.0,1.0,2.0,2.0,109.76195144454667,0.0
1.0,0.0,1.0,1.0,1.0,2.0,1.0,0.0,0.0,1.0,3.0,2.0,0.0,1.0
0.0,0.0,1.0,1.0,1.0,1.0,1.0,1.0,0.0,1.0,2.0,2.0,0.0,1.0
1.0,0.0,1.0,2.0,1.0,2.0,0.0,1.0,0.0,3.0,1.0,2.0,857.1076557306495,0.0
1.0,0.0,1.0,1.0,1.0,1.0,1.0,0.0,0.0,3.0,2.0,2.0,169.7530160009744,0.0
0.0,0.0,1.0,1.0,1.0,2.0,1.0,0.0,0.0,3.0,2.0,2.0,30.0,0.0
1.0,0.0,0.0,1.0,1.0,2.0,1.0,0.0,0.0,3.0,1.0,1.0,415.8076671864707,1.0
0.0,0.0,1.0,1.0,1.0,2.0,1.0,0.0,0.0,2.0,2.0,2.0,239.17998190243534,0.0
0.0,0.0,1.0,1.0,1.0,1.0,1.0,0.0,0.0,2.0,2.0,2.0,207.93636441257382,1.0
1.0,0.0,1.0,1.0,1.0,1.0,1.0,0.0,0.0,2.0,2.0,2.0,284.41913946812406,1.0
1.0,0.0,1.0,1.0,1.0,1.0,0.0,0.0,0.0,2.0,3.0,2.0,18.94658427064946,1.0
0.0,0.0,1.0,1.0,1.0,2.0,1.0,0.0,0.0,3.0,3.0,2.0,100.61143132291396,0.0
0.0,1.0,1.0,1.0,1.0,2.0,1.0,0.0,0.0,1.0,4.0,2.0,208.8552524474971,1.0
0.0,0.0,1.0,2.0,1.0,1.0,0.0,0.0,0.0,3.0,2.0,2.0,50.03918704626506,1.0
1.0,0.0,1.0,1.0,1.0,3.0,0.0,0.0,0.0,2.0,3.0,2.0,148.73851694244343,0.0
0.0,0.0,0.0,1.0,1.0,1.0,1.0,0.0,0.0,1.0,1.0,1.0,340.67909954879946,0.0
0.0,1.0,1.0,1.0,2.0,3.0,0.0,0.0,0.0,3.0,1.0,2.0,1042.1169976859092,1.0
1.0,0.0,1.0,1.0,1.0,2.0,0.0,1.0,0.0,2.0,3.0,2.0,30.0,0.0
0.0,0.0,1.0,1.0,1.0,1.0,1.0,0.0,0.0,3.0,2.0,2.0,292.8000098249629,0.0
0.0,0.0,1.0,1.0,1.0,1.0,1.0,0.0,0.0,1.0,2.0,2.0,342.93183652850007,1.0
0.0,0.0,0.0,1.0,1.0,1.0,0.0,0.0,0.0,3.0,2.0,1.0,199.7453431377283,1.0
0.0,0.0,1.0,2.0,1.0,2.0,1.0,1.0,0.0,1.0,2.0,2.0,229.40321156207438,0.0
0.0,0.0,1.0,1.0,1.0,1.0,0.0,0.0,0.0,3.0,1.0,2.0,192.1118596986805,1.0
0.0,0.0,0.0,1.0,1.0,2.0,1.0,0.0,0.0,1.0,2.0,1.0,319.99918076681973,1.0
1.0,0.0,0.0,1.0,3.0,3.0,1.0,0.0,0.0,1.0,5.0,1.0,284.21372664161174,1.0
0.0,0.0,0.0,1.0,1.0,2.0,1.0,0.0,0.0,3.0,3.0,1.0,381.5306682325919,1.0
1.0,0.0,1.0,1.0,1.0,3.0,1.0,1.0,0.0,1.0,1.0,2.0,285.80748568186914,1.0
0.0,0.0,0.0,3.0,1.0,1.0,1.0,0.0,0.0,1.0,2.0,1.0,315.9425396812644,0.0
1.0,0.0,1.0,1.0,2.0,2.0,1.0,0.0,0.0,1.0,2.0,2.0,153.0114195952044,0.0
0.0,0.0,1.0,1.0,1.0,1.0,0.0,0.0,0.0,2.0,2.0,2.0,174.08090756798714,0.0
0.0,0.0,1.0,3.0,1.0,1.0,0.0,0.0,0.0,3.0,2.0,2.0,86.86749404546617,1.0
1.0,0.0,1.0,1.0,3.0,3.0,1.0,0.0,0.0,1.0,1.0,2.0,139.3049000563811,1.0
0.0,0.0,1.0,1.0,1.0,2.0,1.0,1.0,1.0,1.0,2.0,2.0,114.11909182903986,1.0
0.0,0.0,1.0,2.0,1.0,3.0,1.0,1.0,1.0,1.0,2.0,2.0,124.56545071444918,0.0
1.0,0.0,1.0,1.0,1.0,2.0,1.0,1.0,0.0,1.0,2.0,2.0,300.9504193983365,0.0
1.0,0.0,1.0,1.0,1.0,2.0,0.0,1.0,0.0,2.0,3.0,2.0,287.029362623653,1.0
0.0,0.0,1.0,1.0,3.0,3.0,0.0,1.0,0.0,2.0,1.0,2.0,189.4758177610745,0.0
0.0,0.0,0.0,1.0,1.0,2.0,1.0,0.0,0.0,1.0,2.0,1.0,333.16130841771917,0.0
0.0,0.0,1.0,1.0,1.0,3.0,0.0,0.0,0.0,3.0,3.0,2.0,228.94537193147937,0.0
0.0,0.0,1.0,1.0,1.0,2.0,1.0,1.0,0.0,1.0,2.0,2.0,333.0806678998621,0.0
0.0,0.0,1.0,1.0,1.0,1.0,1.0,1.0,0.0,1.0,2.0,2.0,211.77947310892154,1.0
1.0,0.0,1.0,3.0,1.0,1.0,0.0,0.0,0.0,3.0,2.0,2.0,193.21392578616206,1.0
0.0,1.0,1.0,1.0,1.0,2.0,0.0,0.0,0.0,3.0,1.0,2.0,203.9047993880393,0.0
0.0,0.0,1.0,3.0,1.0,2.0,1.0,1.0,0.0,3.0,4.0,2.0,100.0931804364847,1.0
0.0,0.0,1.0,2.0,1.0,2.0,1.0,1.0,0.0,3.0,2.0,2.0,30.0,0.0
0.0,0.0,1.0,1.0,1.0,1.0,1.0,1.0,1.0,2.0,1.0,2.0,264.33342387007195,0.0
0.0,0.0,1.0,1.0,1.0,2.0,1.0,1.0,1.0,2.0,3.0,2.0,383.22092614886327,0.0
1.0,0.0,0.0,2.0,1.0,2.0,0.0,0.0,0.0,3.0,2.0,1.0,46.960732756254934,0.0
0.0,0.0,1.0,1.0,1.0,2.0,0.0,0.0,0.0,3.0,2.0,2.0,275.65833554131694,1.0
0.0,1.0,1.0,3.0,1.0,3.0,1.0,0.0,0.0,2.0,1.0,2.0,304.0564961288925,0.0
0.0,0.0,1.0,1.0,1.0,3.0,1.0,0.0,0.0,2.0,2.0,2.0,165.8376983376928,1.0
0.0,0.0,1.0,1.0,1.0,1.0,1.0,1.0,1.0,2.0,1.0,2.0,245.62864565547454,1.0
0.0,0.0,1.0,1.0,1.0,2.0,1.0,1.0,0.0,2.0,4.0,2.0,57.516809052999164,1.0
0.0,0.0,1.0,1.0,2.0,1.0,1.0,0.0,0.0,3.0,1.0,2.0,179.8260982403993,0.0
0.0,0.0,1.0,1.0,1.0,2.0,0.0,0.0,0.0,3.0,3.0,2.0,30.0,0.0
0.0,0.0,1.0,1.0,1.0,1.0,1.0,1.0,1.0,2.0,3.0,2.0,229.0352336310816,0.0
0.0,1.0,1.0,1.0,1.0,1.0,1.0,0.0,0.0,3.0,1.0,2.0,64.95971749936957,1.0
1.0,0.0,1.0,1.0,1.0,2.0,1.0,1.0,0.0,1.0,3.0,2.0,30.0,0.0
1.0,0.0,1.0,1.0,3.0,3.0,1.0,1.0,1.0,1.0,3.0,2.0,199.59706380809163,0.0
1.0,1.0,1.0,1.0,1.0,3.0,1.0,1.0,1.0,1.0,3.0,2.0,94.56776578867095,1.0
1.0,1.0,0.0,1.0,3.0,2.0,1.0,1.0,1.0,1.0,3.0,1.0,259.09780235695825,1.0
1.0,1.0,1.0,1.0,3.0,3.0,1.0,0.0,1.0,1.0,3.0,2.0,79.91853363465106,1.0
1.0,1.0,1.0,1.0,3.0,2.0,1.0,0.0,1.0,2.0,4.0,2.0,0.0,1.0
1.0,1.0,1.0,1.0,1.0,2.0,1.0,0.0,0.0,1.0,3.0,2.0,63.937760306049725,0.0
1.0,0.0,1.0,1.0,1.0,1.0,1.0,0.0,0.0,3.0,1.0,2.0,303.0806678998621,1.0
0.0,0.0,1.0,1.0,1.0,1.0,1.0,1.0,0.0,1.0,2.0,2.0,0.0,1.0
1.0,1.0,1.0,1.0,1.0,2.0,1.0,1.0,1.0,1.0,2.0,2.0,313.50334552098184,1.0
0.0,0.0,1.0,2.0,1.0,1.0,1.0,0.0,0.0,2.0,2.0,2.0,0.0,0.0
0.0,0.0,1.0,1.0,1.0,1.0,0.0,0.0,0.0,2.0,3.0,2.0,116.6757576268788,1.0
0.0,0.0,1.0,1.0,3.0,3.0,1.0,1.0,1.0,1.0,2.0,2.0,336.6723093165448,0.0
0.0,1.0,1.0,1.0,3.0,3.0,1.0,0.0,0.0,2.0,2.0,2.0,287.537457379657,1.0
1.0,0.0,1.0,1.0,1.0,2.0,1.0,1.0,0.0,1.0,2.0,2.0,216.19293480864357,1.0
0.0,0.0,1.0,3.0,1.0,1.0,1.0,0.0,0.0,1.0,3.0,2.0,477.3520519422827,0.0
0.0,0.0,1.0,2.0,1.0,1.0,1.0,0.0,0.0,3.0,1.0,2.0,51.144862708101726,0.0
1.0,0.0,1.0,1.0,3.0,2.0,1.0,0.0,0.0,1.0,6.0,2.0,623.7258474184614,0.0
0.0,0.0,1.0,1.0,1.0,1.0,1.0,0.0,0.0,3.0,1.0,2.0,511.44862708101715,1.0
0.0,0.0,1.0,1.0,1.0,1.0,1.0,0.0,0.0,3.0,1.0,2.0,2.3419350515648665,0.0
1.0,1.0,1.0,1.0,3.0,2.0,1.0,1.0,1.0,2.0,2.0,2.0,30.0,0.0
0.0,0.0,1.0,2.0,1.0,1.0,0.0,1.0,0.0,2.0,2.0,2.0,67.70278662674679,1.0
1.0,0.0,1.0,1.0,1.0,1.0,1.0,1.0,0.0,1.0,2.0,2.0,300.5149370367419,0.0
0.0,0.0,1.0,2.0,1.0,1.0,1.0,0.0,0.0,2.0,3.0,2.0,246.04883735878923,1.0
0.0,0.0,1.0,1.0,1.0,1.0,0.0,0.0,0.0,2.0,1.0,2.0,428.1478537103838,0.0
1.0,0.0,1.0,1.0,1.0,2.0,0.0,0.0,0.0,2.0,3.0,2.0,373.85083487482757,1.0
1.0,0.0,1.0,1.0,2.0,3.0,1.0,1.0,0.0,3.0,3.0,2.0,641.9561708507853,0.0
0.0,0.0,1.0,1.0,1.0,1.0,0.0,0.0,0.0,2.0,3.0,2.0,816.8971126988472,1.0
1.0,0.0,1.0,1.0,1.0,1.0,0.0,0.0,0.0,2.0,3.0,2.0,155.22433512964056,0.0
0.0,0.0,1.0,2.0,1.0,3.0,0.0,0.0,0.0,3.0,3.0,2.0,154.29639166394082,0.0
1.0,0.0,1.0,1.0,1.0,2.0,1.0,0.0,0.0,2.0,2.0,2.0,156.4572014385459,1.0
0.0,0.0,1.0,1.0,3.0,3.0,1.0,0.0,0.0,3.0,1.0,2.0,378.85083487482757,1.0
0.0,0.0,1.0,1.0,1.0,1.0,1.0,0.0,0.0,2.0,3.0,2.0,289.6990248970377,0.0
0.0,0.0,1.0,2.0,1.0,2.0,0.0,0.0,0.0,2.0,1.0,2.0,591.6900649278534,1.0
0.0,0.0,1.0,1.0,1.0,1.0,1.0,1.0,0.0,3.0,2.0,2.0,0.0,0.0
1.0,0.0,1.0,1.0,1.0,1.0,0.0,1.0,1.0,2.0,2.0,2.0,106.58643554446748,1.0
1.0,0.0,1.0,1.0,3.0,3.0,1.0,1.0,1.0,2.0,2.0,2.0,24.901225041425,1.0
0.0,0.0,1.0,1.0,1.0,3.0,0.0,0.0,0.0,2.0,2.0,2.0,329.7728264521568,1.0
0.0,0.0,1.0,1.0,1.0,1.0,0.0,0.0,0.0,3.0,2.0,2.0,82.10186517281431,0.0
0.0,1.0,1.0,1.0,1.0,3.0,1.0,0.0,0.0,3.0,2.0,2.0,289.81446263115225,1.0
1.0,1.0,1.0,1.0,1.0,1.0,1.0,1.0,1.0,1.0,2.0,2.0,45.75006978719999,1.0
1.0,1.0,1.0,1.0,1.0,1.0,1.0,0.0,0.0,2.0,2.0,2.0,9.383070305464493,1.0
1.0,0.0,1.0,2.0,3.0,2.0,0.0,1.0,0.0,3.0,2.0,2.0,358.36084036912405,0.0
0.0,0.0,1.0,2.0,2.0,3.0,0.0,0.0,0.0,3.0,2.0,2.0,249.89057475357185,1.0
1.0,1.0,1.0,1.0,1.0,2.0,1.0,1.0,1.0,1.0,2.0,2.0,194.39330527777062,1.0
1.0,1.0,1.0,1.0,1.0,2.0,1.0,1.0,1.0,1.0,2.0,2.0,316.3034500727664,0.0
1.0,0.0,1.0,1.0,1.0,1.0,1.0,0.0,0.0,2.0,3.0,2.0,99.44834415464223,1.0
0.0,0.0,1.0,1.0,1.0,1.0,1.0,1.0,0.0,2.0,3.0,2.0,222.4988413745339,0.0
1.0,0.0,1.0,1.0,1.0,1.0,0.0,1.0,0.0,2.0,2.0,2.0,181.17757005411812,0.0
0.0,0.0,1.0,2.0,1.0,1.0,0.0,0.0,0.0,3.0,1.0,2.0,285.1434012534648,0.0
1.0,0.0,1.0,1.0,1.0,1.0,1.0,0.0,0.0,1.0,1.0,2.0,192.97294571139446,0.0
1.0,0.0,1.0,1.0,3.0,2.0,1.0,0.0,0.0,2.0,2.0,2.0,2.3079682186790773,1.0
0.0,0.0,1.0,1.0,1.0,1.0,0.0,0.0,1.0,3.0,1.0,2.0,378.85083487482757,1.0
0.0,0.0,1.0,1.0,3.0,2.0,1.0,1.0,0.0,1.0,2.0,2.0,177.40079354684477,1.0
0.0,0.0,1.0,1.0,3.0,3.0,1.0,0.0,1.0,1.0,3.0,2.0,624.3935322280752,1.0
0.0,0.0,1.0,1.0,1.0,2.0,0.0,0.0,0.0,3.0,3.0,2.0,30.0,0.0
0.0,0.0,1.0,2.0,1.0,1.0,1.0,1.0,0.0,3.0,1.0,2.0,205.65726175844006,0.0
0.0,0.0,1.0,1.0,3.0,1.0,1.0,0.0,1.0,3.0,1.0,2.0,473.2847930501375,0.0
1.0,0.0,1.0,1.0,1.0,1.0,0.0,0.0,0.0,2.0,1.0,2.0,190.96282681925507,1.0
1.0,0.0,1.0,1.0,1.0,2.0,0.0,0.0,0.0,2.0,2.0,2.0,119.50350973917801,0.0
0.0,0.0,1.0,1.0,1.0,3.0,1.0,1.0,1.0,2.0,2.0,2.0,219.92233843601332,0.0
1.0,0.0,1.0,2.0,1.0,1.0,1.0,1.0,0.0,1.0,2.0,2.0,23.232121189010645,0.0
0.0,0.0,1.0,2.0,1.0,1.0,1.0,1.0,0.0,1.0,2.0,2.0,0.0,1.0
0.0,0.0,0.0,2.0,1.0,1.0,1.0,1.0,0.0,1.0,2.0,1.0,277.5688376867803,1.0
1.0,0.0,1.0,1.0,1.0,1.0,0.0,0.0,0.0,3.0,1.0,2.0,408.05042931137973,1.0
1.0,0.0,1.0,2.0,1.0,1.0,0.0,0.0,0.0,3.0,4.0,2.0,103.92342041826707,1.0
1.0,0.0,1.0,1.0,3.0,3.0,1.0,1.0,0.0,1.0,2.0,2.0,198.99654237515745,0.0
0.0,0.0,1.0,1.0,1.0,1.0,1.0,1.0,0.0,3.0,2.0,2.0,284.13812615612073,1.0
0.0,0.0,1.0,2.0,1.0,2.0,0.0,0.0,0.0,3.0,1.0,2.0,487.2428311364115,1.0
0.0,0.0,1.0,1.0,1.0,2.0,0.0,0.0,0.0,3.0,1.0,2.0,423.7248861285737,0.0
1.0,1.0,1.0,1.0,1.0,1.0,1.0,0.0,1.0,2.0,3.0,2.0,71.03453153903018,0.0
0.0,0.0,1.0,1.0,1.0,1.0,1.0,0.0,0.0,2.0,2.0,2.0,52.399284770873834,0.0
0.0,0.0,1.0,2.0,1.0,2.0,1.0,0.0,0.0,2.0,2.0,2.0,0.0,1.0
0.0,1.0,1.0,1.0,1.0,3.0,0.0,0.0,0.0,3.0,1.0,2.0,201.9498368382849,0.0
0.0,0.0,1.0,1.0,1.0,2.0,1.0,1.0,0.0,1.0,2.0,2.0,259.3376135234375,1.0
1.0,0.0,1.0,1.0,1.0,1.0,1.0,0.0,0.0,1.0,2.0,2.0,210.5985095174299,0.0
0.0,0.0,1.0,2.0,1.0,1.0,1.0,0.0,0.0,3.0,2.0,2.0,0.0,0.0
0.0,0.0,1.0,1.0,1.0,1.0,1.0,0.0,0.0,3.0,1.0,2.0,105.4761835220482,1.0
1.0,1.0,1.0,1.0,1.0,3.0,0.0,0.0,1.0,3.0,1.0,2.0,240.23284157734008,1.0
0.0,0.0,1.0,3.0,1.0,3.0,1.0,0.0,0.0,2.0,6.0,2.0,277.1471812237749,1.0
1.0,0.0,1.0,2.0,1.0,1.0,0.0,0.0,0.0,3.0,1.0,2.0,56.2015012183074,1.0
0.0,0.0,1.0,2.0,1.0,1.0,1.0,0.0,0.0,3.0,1.0,2.0,554.6376222567476,0.0
0.0,0.0,1.0,1.0,1.0,2.0,0.0,0.0,0.0,3.0,1.0,2.0,307.5519387717327,1.0
0.0,0.0,1.0,1.0,2.0,3.0,1.0,0.0,0.0,3.0,1.0,2.0,448.5593884917958,0.0
0.0,0.0,1.0,2.0,1.0,1.0,1.0,0.0,0.0,3.0,1.0,2.0,320.45937191504987,1.0
1.0,0.0,1.0,1.0,1.0,2.0,0.0,0.0,0.0,3.0,3.0,2.0,212.83923005302586,1.0
0.0,0.0,1.0,2.0,3.0,2.0,0.0,0.0,0.0,2.0,2.0,2.0,243.24435269162794,0.0
0.0,0.0,1.0,1.0,1.0,3.0,1.0,1.0,0.0,1.0,1.0,2.0,568.2762523122415,0.0
1.0,1.0,1.0,1.0,1.0,1.0,1.0,0.0,0.0,1.0,2.0,2.0,361.79754927715504,1.0
1.0,0.0,0.0,1.0,1.0,2.0,1.0,1.0,0.0,1.0,3.0,1.0,75.20161545557818,1.0
1.0,0.0,1.0,1.0,1.0,1.0,1.0,0.0,0.0,2.0,2.0,2.0,178.84699319567633,1.0
0.0,0.0,1.0,1.0,1.0,1.0,0.0,0.0,0.0,3.0,2.0,2.0,137.1855866930236,0.0
1.0,0.0,1.0,1.0,1.0,1.0,0.0,0.0,0.0,2.0,2.0,2.0,194.54336033034588,0.0
1.0,0.0,1.0,2.0,1.0,1.0,0.0,0.0,0.0,3.0,2.0,2.0,325.5566263541376,1.0
1.0,0.0,1.0,1.0,1.0,1.0,0.0,0.0,0.0,3.0,3.0,2.0,0.0,1.0
0.0,0.0,1.0,1.0,1.0,2.0,1.0,0.0,0.0,1.0,2.0,2.0,48.03911688247588,1.0
1.0,0.0,1.0,1.0,3.0,3.0,0.0,0.0,0.0,3.0,2.0,2.0,150.8548895481457,1.0
0.0,0.0,1.0,1.0,1.0,2.0,1.0,0.0,0.0,1.0,3.0,2.0,484.6210018497932,0.0
1.0,0.0,1.0,1.0,1.0,2.0,1.0,0.0,0.0,1.0,6.0,2.0,30.0,0.0
0.0,0.0,1.0,1.0,1.0,2.0,1.0,0.0,0.0,2.0,2.0,2.0,494.83983552645543,0.0
0.0,0.0,1.0,1.0,1.0,2.0,0.0,0.0,1.0,3.0,2.0,2.0,540.0197744166863,1.0
0.0,0.0,1.0,1.0,1.0,1.0,1.0,0.0,0.0,3.0,2.0,2.0,0.0,1.0
0.0,0.0,1.0,1.0,1.0,1.0,1.0,0.0,0.0,1.0,2.0,2.0,0.0,1.0
0.0,0.0,1.0,2.0,1.0,1.0,1.0,0.0,0.0,3.0,1.0,2.0,285.1434012534648,0.0
0.0,0.0,1.0,1.0,2.0,3.0,0.0,0.0,0.0,2.0,3.0,2.0,0.0,0.0
0.0,0.0,1.0,1.0,3.0,3.0,1.0,0.0,0.0,3.0,1.0,2.0,267.9960442796592,1.0
0.0,0.0,1.0,1.0,1.0,3.0,1.0,0.0,0.0,1.0,3.0,2.0,435.6784601060517,1.0
0.0,0.0,1.0,1.0,1.0,1.0,1.0,1.0,1.0,1.0,2.0,2.0,170.4306641041151,1.0
0.0,0.0,1.0,1.0,3.0,3.0,1.0,1.0,0.0,1.0,1.0,2.0,261.19358869341653,1.0
1.0,0.0,1.0,1.0,1.0,1.0,1.0,0.0,1.0,2.0,2.0,2.0,181.17757005411812,0.0
0.0,0.0,1.0,3.0,2.0,2.0,1.0,1.0,0.0,1.0,1.0,2.0,472.1973220037428,0.0
0.0,0.0,1.0,1.0,1.0,2.0,1.0,0.0,0.0,3.0,2.0,2.0,136.49189142776203,1.0
0.0,0.0,1.0,1.0,3.0,2.0,1.0,0.0,0.0,1.0,3.0,2.0,259.3376135234375,1.0
1.0,0.0,1.0,1.0,1.0,2.0,1.0,1.0,0.0,2.0,2.0,2.0,155.63275398692684,1.0
0.0,0.0,1.0,2.0,1.0,1.0,1.0,1.0,1.0,2.0,1.0,2.0,320.45937191504987,1.0
1.0,1.0,1.0,1.0,1.0,1.0,1.0,1.0,1.0,3.0,2.0,2.0,0.0,0.0
0.0,0.0,1.0,2.0,1.0,1.0,1.0,0.0,0.0,1.0,2.0,2.0,179.22342587148614,0.0
1.0,1.0,0.0,1.0,1.0,1.0,1.0,1.0,1.0,1.0,2.0,1.0,213.68376140472134,0.0
0.0,0.0,1.0,1.0,1.0,1.0,1.0,0.0,0.0,2.0,2.0,2.0,131.99802835462748,0.0
0.0,0.0,1.0,1.0,1.0,1.0,1.0,1.0,0.0,1.0,2.0,2.0,210.9724694216165,0.0
0.0,0.0,1.0,1.0,1.0,1.0,0.0,0.0,0.0,3.0,1.0,2.0,162.81938674037568,1.0
1.0,1.0,1.0,2.0,1.0,1.0,1.0,0.0,0.0,3.0,1.0,2.0,0.0,0.0
0.0,0.0,1.0,1.0,1.0,1.0,1.0,0.0,0.0,2.0,2.0,2.0,265.1955844123793,1.0
1.0,0.0,1.0,1.0,1.0,3.0,1.0,1.0,0.0,1.0,1.0,2.0,402.5290120545043,0.0
0.0,0.0,1.0,3.0,1.0,1.0,1.0,0.0,0.0,1.0,3.0,2.0,524.3649700954002,0.0
1.0,0.0,1.0,1.0,1.0,2.0,1.0,0.0,0.0,2.0,1.0,2.0,193.6824869337266,1.0
0.0,0.0,1.0,3.0,1.0,1.0,1.0,1.0,0.0,1.0,2.0,2.0,234.21977611212625,1.0
1.0,0.0,1.0,2.0,1.0,3.0,1.0,0.0,0.0,2.0,3.0,2.0,54.87886672311195,1.0
0.0,0.0,1.0,2.0,1.0,1.0,1.0,0.0,0.0,3.0,4.0,2.0,168.3049640619786,0.0
1.0,1.0,1.0,1.0,1.0,2.0,1.0,0.0,0.0,3.0,3.0,2.0,0.6839752811948374,1.0
0.0,1.0,1.0,2.0,3.0,3.0,0.0,0.0,0.0,3.0,1.0,2.0,210.97318342332036,1.0
0.0,0.0,1.0,1.0,1.0,1.0,1.0,0.0,0.0,2.0,1.0,2.0,0.0,1.0
1.0,0.0,1.0,1.0,1.0,1.0,0.0,0.0,0.0,3.0,1.0,2.0,363.5158374956538,1.0
0.0,0.0,1.0,1.0,1.0,1.0,1.0,0.0,0.0,3.0,2.0,2.0,321.54197055166685,1.0
1.0,0.0,1.0,2.0,1.0,1.0,1.0,1.0,0.0,1.0,2.0,2.0,42.51252623014298,1.0
1.0,0.0,1.0,1.0,3.0,2.0,0.0,0.0,0.0,3.0,2.0,2.0,15.016226143843465,1.0
1.0,0.0,1.0,1.0,3.0,3.0,1.0,1.0,1.0,1.0,2.0,2.0,240.26518598527684,1.0
0.0,0.0,1.0,2.0,2.0,2.0,0.0,1.0,0.0,2.0,3.0,2.0,283.66034562019206,1.0
0.0,0.0,1.0,1.0,1.0,1.0,1.0,0.0,0.0,1.0,3.0,2.0,54.13309791614131,0.0
1.0,0.0,0.0,1.0,3.0,2.0,1.0,1.0,1.0,1.0,2.0,1.0,457.9557202170393,1.0
1.0,0.0,1.0,1.0,3.0,2.0,1.0,0.0,0.0,1.0,3.0,2.0,556.8357881193693,1.0
1.0,1.0,1.0,1.0,2.0,3.0,1.0,1.0,1.0,2.0,2.0,2.0,187.35480412518933,0.0
0.0,0.0,1.0,1.0,1.0,1.0,1.0,1.0,0.0,1.0,2.0,2.0,157.6715393929554,1.0
0.0,0.0,1.0,1.0,1.0,1.0,0.0,1.0,0.0,2.0,2.0,2.0,234.21977611212625,1.0
1.0,0.0,1.0,1.0,1.0,2.0,1.0,1.0,1.0,2.0,6.0,2.0,102.43912556701032,0.0
0.0,0.0,1.0,1.0,1.0,1.0,1.0,1.0,0.0,2.0,2.0,2.0,429.99569758292927,1.0
1.0,0.0,1.0,1.0,1.0,1.0,0.0,0.0,0.0,3.0,4.0,2.0,0.0,1.0
1.0,1.0,1.0,1.0,1.0,3.0,0.0,1.0,1.0,2.0,2.0,2.0,145.67793627246976,1.0
0.0,1.0,1.0,2.0,1.0,1.0,1.0,0.0,0.0,3.0,1.0,2.0,212.47827622400544,1.0
0.0,0.0,1.0,1.0,1.0,1.0,0.0,0.0,0.0,3.0,1.0,2.0,244.91533407056158,1.0
0.0,1.0,1.0,2.0,1.0,1.0,1.0,0.0,0.0,3.0,2.0,2.0,229.0352336310816,0.0
1.0,0.0,1.0,1.0,1.0,1.0,1.0,0.0,0.0,1.0,2.0,2.0,12.63105618043297,0.0
0.0,0.0,1.0,1.0,1.0,2.0,1.0,1.0,0.0,1.0,2.0,2.0,0.0,1.0
0.0,0.0,1.0,1.0,1.0,2.0,1.0,0.0,0.0,2.0,3.0,2.0,282.03912585526473,0.0
0.0,0.0,1.0,1.0,1.0,1.0,0.0,0.0,0.0,3.0,2.0,2.0,234.21977611212625,1.0
1.0,1.0,1.0,1.0,3.0,3.0,0.0,0.0,0.0,3.0,2.0,2.0,202.6456796503387,1.0
0.0,0.0,1.0,1.0,1.0,3.0,0.0,0.0,0.0,3.0,3.0,2.0,375.41989433920526,1.0
1.0,0.0,1.0,2.0,1.0,2.0,0.0,0.0,0.0,2.0,4.0,2.0,0.0,1.0
0.0,0.0,1.0,1.0,1.0,1.0,1.0,0.0,0.0,2.0,3.0,2.0,474.38667528449605,0.0
0.0,1.0,1.0,1.0,1.0,3.0,1.0,0.0,0.0,1.0,2.0,2.0,222.35444807196868,0.0
0.0,0.0,1.0,2.0,1.0,1.0,1.0,0.0,0.0,3.0,1.0,2.0,259.1818807628826,0.0
0.0,0.0,1.0,2.0,1.0,1.0,1.0,1.0,0.0,1.0,2.0,2.0,0.0,0.0
1.0,0.0,0.0,1.0,1.0,1.0,1.0,1.0,1.0,1.0,2.0,1.0,0.0,1.0
0.0,0.0,1.0,1.0,1.0,2.0,0.0,1.0,1.0,2.0,6.0,2.0,259.3376135234375,1.0
0.0,0.0,0.0,3.0,1.0,1.0,0.0,0.0,0.0,3.0,1.0,1.0,239.12660486466785,0.0
0.0,0.0,1.0,2.0,1.0,1.0,1.0,1.0,1.0,1.0,2.0,2.0,359.8125325161309,1.0
0.0,0.0,1.0,1.0,1.0,2.0,1.0,1.0,0.0,1.0,2.0,2.0,118.92034648910352,0.0
0.0,1.0,1.0,1.0,1.0,3.0,1.0,1.0,1.0,2.0,3.0,2.0,0.0,1.0
0.0,1.0,1.0,2.0,3.0,3.0,0.0,0.0,0.0,2.0,3.0,2.0,687.9767932530258,0.0
0.0,0.0,1.0,2.0,1.0,1.0,1.0,0.0,0.0,2.0,2.0,2.0,209.484649229161,1.0
0.0,0.0,1.0,1.0,1.0,1.0,1.0,1.0,0.0,1.0,2.0,2.0,462.450904491538,1.0
1.0,0.0,1.0,1.0,1.0,1.0,1.0,1.0,0.0,1.0,2.0,2.0,0.0,0.0
0.0,0.0,1.0,1.0,3.0,3.0,1.0,0.0,0.0,1.0,2.0,2.0,166.43142465143086,1.0
0.0,0.0,1.0,2.0,1.0,1.0,1.0,1.0,0.0,1.0,2.0,2.0,153.26149634944056,1.0
1.0,0.0,1.0,1.0,3.0,2.0,1.0,1.0,0.0,1.0,2.0,2.0,2439.9092469088573,0.0
0.0,0.0,1.0,1.0,1.0,2.0,1.0,0.0,0.0,1.0,2.0,2.0,0.0,1.0
0.0,0.0,1.0,2.0,2.0,2.0,0.0,0.0,0.0,3.0,1.0,2.0,585.000104436899,1.0
0.0,0.0,1.0,1.0,1.0,1.0,1.0,0.0,0.0,1.0,3.0,2.0,0.0,0.0
0.0,0.0,1.0,1.0,1.0,1.0,1.0,0.0,0.0,1.0,3.0,2.0,497.8074644063023,0.0
0.0,0.0,1.0,1.0,1.0,3.0,1.0,0.0,0.0,1.0,5.0,2.0,582.3281776247909,1.0
1.0,1.0,1.0,1.0,3.0,3.0,0.0,0.0,0.0,3.0,2.0,2.0,304.8937775531425,0.0
1.0,0.0,1.0,1.0,1.0,1.0,0.0,0.0,1.0,3.0,1.0,2.0,83.60888735534488,1.0
1.0,0.0,1.0,3.0,1.0,1.0,1.0,0.0,0.0,3.0,1.0,2.0,0.0,1.0
0.0,0.0,1.0,1.0,2.0,3.0,1.0,0.0,0.0,1.0,1.0,2.0,5.413309791614131,0.0
0.0,0.0,1.0,1.0,1.0,2.0,1.0,0.0,0.0,1.0,2.0,2.0,231.36583561658398,0.0
0.0,0.0,1.0,1.0,1.0,1.0,1.0,0.0,0.0,3.0,6.0,2.0,314.4375408920616,0.0
1.0,1.0,1.0,1.0,1.0,1.0,0.0,0.0,0.0,3.0,1.0,2.0,116.43533233012971,1.0
0.0,0.0,1.0,1.0,1.0,1.0,1.0,0.0,0.0,3.0,3.0,2.0,311.8510855176776,0.0
0.0,0.0,1.0,1.0,1.0,1.0,0.0,0.0,0.0,3.0,3.0,2.0,334.9488347183521,1.0
0.0,0.0,1.0,1.0,1.0,2.0,1.0,1.0,0.0,2.0,1.0,2.0,298.000027382005,1.0
0.0,0.0,1.0,1.0,3.0,3.0,1.0,0.0,0.0,3.0,2.0,2.0,511.31254620713327,1.0
0.0,0.0,1.0,1.0,3.0,3.0,0.0,1.0,0.0,2.0,1.0,2.0,109.83593071522884,0.0
0.0,0.0,1.0,1.0,3.0,3.0,1.0,1.0,0.0,1.0,2.0,2.0,338.00143533556303,1.0
0.0,0.0,1.0,3.0,1.0,2.0,1.0,0.0,0.0,1.0,3.0,2.0,182.73977965904425,1.0
0.0,0.0,1.0,1.0,1.0,2.0,1.0,0.0,0.0,3.0,2.0,2.0,300.8024050130265,0.0
0.0,0.0,1.0,3.0,1.0,1.0,1.0,0.0,0.0,3.0,1.0,2.0,0.0,1.0
1.0,0.0,1.0,1.0,3.0,2.0,0.0,0.0,0.0,3.0,2.0,2.0,332.1759276642453,1.0
0.0,0.0,1.0,1.0,1.0,2.0,1.0,0.0,0.0,1.0,1.0,2.0,910.5938295789517,0.0
0.0,0.0,1.0,3.0,1.0,2.0,1.0,1.0,1.0,1.0,3.0,2.0,44.261119103688586,1.0
0.0,0.0,0.0,1.0,1.0,3.0,1.0,1.0,1.0,1.0,2.0,1.0,297.02500831822607,0.0
0.0,0.0,1.0,2.0,1.0,1.0,1.0,0.0,0.0,2.0,3.0,2.0,364.5469079439748,1.0
1.0,0.0,1.0,2.0,1.0,1.0,1.0,0.0,0.0,1.0,2.0,2.0,18.078890004039025,1.0
1.0,0.0,1.0,1.0,1.0,1.0,0.0,0.0,0.0,3.0,1.0,2.0,233.46423801254048,1.0
0.0,0.0,0.0,3.0,3.0,3.0,1.0,1.0,0.0,2.0,1.0,1.0,304.0564961288925,0.0
0.0,0.0,1.0,2.0,1.0,2.0,0.0,0.0,0.0,3.0,3.0,2.0,295.6365409438423,1.0
0.0,0.0,1.0,2.0,1.0,3.0,1.0,1.0,0.0,1.0,3.0,2.0,0.0,0.0
1.0,1.0,1.0,1.0,1.0,3.0,1.0,1.0,1.0,1.0,2.0,2.0,0.0,0.0
0.0,0.0,1.0,1.0,1.0,1.0,1.0,0.0,0.0,1.0,2.0,2.0,168.3049640619786,0.0
0.0,0.0,1.0,1.0,1.0,1.0,1.0,0.0,0.0,3.0,1.0,2.0,599.5318249463387,1.0
0.0,0.0,1.0,1.0,1.0,1.0,1.0,1.0,1.0,2.0,2.0,2.0,58.548376289121656,1.0
1.0,0.0,1.0,1.0,3.0,2.0,1.0,1.0,1.0,2.0,2.0,2.0,210.24085742059518,1.0
0.0,0.0,1.0,1.0,3.0,2.0,1.0,0.0,0.0,3.0,2.0,2.0,315.14670058174414,1.0
1.0,0.0,1.0,1.0,1.0,1.0,1.0,1.0,0.0,1.0,1.0,2.0,0.0,1.0
0.0,0.0,1.0,3.0,1.0,1.0,1.0,1.0,0.0,1.0,2.0,2.0,141.72045034445796,0.0
0.0,1.0,1.0,1.0,1.0,3.0,1.0,0.0,0.0,3.0,2.0,2.0,276.37805128268246,1.0
1.0,0.0,1.0,1.0,1.0,1.0,0.0,0.0,0.0,3.0,6.0,2.0,181.17757005411812,0.0
0.0,0.0,1.0,1.0,1.0,1.0,1.0,0.0,0.0,1.0,3.0,2.0,204.99528500565322,1.0
1.0,0.0,1.0,1.0,1.0,1.0,1.0,0.0,0.0,1.0,2.0,2.0,91.32463094599217,0.0
0.0,0.0,1.0,2.0,1.0,2.0,1.0,0.0,0.0,1.0,3.0,2.0,592.3256865072224,1.0
1.0,0.0,0.0,1.0,3.0,2.0,1.0,0.0,0.0,2.0,3.0,1.0,271.9609625288639,1.0
0.0,0.0,1.0,2.0,1.0,2.0,0.0,0.0,0.0,3.0,1.0,2.0,561.3927922079429,1.0
0.0,0.0,1.0,1.0,1.0,1.0,1.0,0.0,0.0,1.0,2.0,2.0,837.6202680031389,1.0
0.0,0.0,1.0,1.0,1.0,1.0,1.0,1.0,0.0,1.0,3.0,2.0,207.54341512747513,0.0
0.0,0.0,1.0,1.0,1.0,1.0,1.0,0.0,0.0,1.0,3.0,2.0,157.75422794867075,0.0
1.0,0.0,1.0,1.0,1.0,2.0,1.0,1.0,0.0,1.0,3.0,2.0,155.03021601099118,1.0
1.0,0.0,1.0,1.0,1.0,1.0,1.0,0.0,0.0,1.0,3.0,2.0,114.35229743969074,0.0
0.0,0.0,1.0,1.0,1.0,1.0,0.0,0.0,0.0,3.0,3.0,2.0,148.2005774818392,1.0
1.0,0.0,1.0,1.0,1.0,1.0,1.0,0.0,0.0,3.0,1.0,2.0,511.31254620713327,1.0
0.0,0.0,1.0,1.0,1.0,1.0,1.0,1.0,0.0,1.0,2.0,2.0,283.3117211234811,1.0
1.0,1.0,1.0,1.0,1.0,3.0,1.0,1.0,1.0,2.0,3.0,2.0,512.534399685311,1.0
1.0,0.0,1.0,1.0,3.0,2.0,1.0,1.0,0.0,1.0,2.0,2.0,145.22175552791364,0.0
1.0,0.0,1.0,1.0,3.0,3.0,1.0,1.0,1.0,1.0,2.0,2.0,272.7000246438045,0.0
0.0,0.0,1.0,1.0,1.0,2.0,0.0,0.0,0.0,3.0,1.0,2.0,312.47413658994685,1.0
1.0,0.0,1.0,1.0,3.0,2.0,1.0,0.0,0.0,1.0,2.0,2.0,382.7453475404095,1.0
0.0,0.0,1.0,2.0,1.0,1.0,1.0,0.0,0.0,1.0,3.0,2.0,63.848075352667124,1.0
1.0,0.0,1.0,1.0,1.0,1.0,1.0,0.0,0.0,1.0,2.0,2.0,277.7588311509088,0.0
0.0,0.0,1.0,1.0,1.0,1.0,0.0,0.0,0.0,3.0,2.0,2.0,0.0,0.0
0.0,0.0,1.0,2.0,1.0,1.0,1.0,0.0,0.0,2.0,3.0,2.0,632.5125571599356,1.0
0.0,0.0,1.0,1.0,1.0,1.0,0.0,0.0,0.0,3.0,1.0,2.0,0.0,1.0
0.0,0.0,1.0,1.0,1.0,2.0,0.0,0.0,0.0,3.0,1.0,2.0,64.10541575605473,1.0
1.0,0.0,1.0,2.0,1.0,2.0,1.0,0.0,0.0,3.0,1.0,2.0,345.30940349439896,0.0
1.0,0.0,1.0,1.0,1.0,1.0,0.0,0.0,0.0,3.0,1.0,2.0,262.0161639796198,1.0
1.0,0.0,1.0,1.0,1.0,2.0,1.0,0.0,0.0,2.0,3.0,2.0,30.0,0.0
1.0,1.0,1.0,1.0,1.0,2.0,0.0,0.0,1.0,3.0,1.0,2.0,0.0,1.0
0.0,0.0,1.0,1.0,1.0,3.0,0.0,0.0,0.0,3.0,2.0,2.0,432.6804808384706,0.0
0.0,0.0,1.0,1.0,1.0,1.0,0.0,0.0,0.0,3.0,2.0,2.0,180.62689710098851,1.0
1.0,0.0,1.0,2.0,1.0,1.0,0.0,0.0,0.0,2.0,2.0,2.0,261.33752361697924,0.0
0.0,0.0,1.0,2.0,2.0,2.0,0.0,0.0,0.0,3.0,2.0,2.0,30.0,0.0
1.0,1.0,1.0,1.0,1.0,2.0,0.0,0.0,0.0,3.0,2.0,2.0,0.0,1.0
1.0,0.0,1.0,1.0,1.0,1.0,0.0,0.0,0.0,2.0,2.0,2.0,185.77118395170976,1.0
0.0,0.0,1.0,1.0,1.0,2.0,1.0,1.0,0.0,2.0,2.0,2.0,259.3376135234375,1.0
0.0,0.0,1.0,1.0,1.0,3.0,1.0,1.0,0.0,2.0,3.0,2.0,266.9371256060616,0.0
1.0,0.0,1.0,1.0,1.0,1.0,1.0,0.0,0.0,3.0,1.0,2.0,106.46495125254347,1.0
1.0,0.0,1.0,1.0,2.0,3.0,1.0,0.0,0.0,2.0,2.0,2.0,137.00985755967397,1.0
0.0,0.0,1.0,2.0,1.0,1.0,1.0,1.0,0.0,1.0,4.0,2.0,0.0,0.0
1.0,1.0,1.0,1.0,3.0,3.0,1.0,1.0,1.0,1.0,2.0,2.0,270.42752443843943,1.0
0.0,0.0,1.0,1.0,1.0,1.0,1.0,1.0,0.0,1.0,2.0,2.0,191.97927535578071,0.0
0.0,0.0,1.0,1.0,1.0,1.0,0.0,0.0,0.0,3.0,1.0,2.0,547.7672370015307,1.0
1.0,0.0,1.0,3.0,1.0,1.0,1.0,0.0,0.0,1.0,2.0,2.0,76.22266738140024,1.0
0.0,0.0,1.0,2.0,1.0,1.0,1.0,0.0,0.0,1.0,2.0,2.0,31.6161231961257,1.0
0.0,0.0,1.0,1.0,1.0,3.0,1.0,0.0,0.0,1.0,3.0,2.0,426.09378850594453,0.0
1.0,0.0,1.0,1.0,1.0,2.0,1.0,1.0,0.0,3.0,3.0,2.0,433.5935340958055,0.0
0.0,0.0,1.0,1.0,1.0,1.0,0.0,1.0,1.0,2.0,5.0,2.0,39.69760513850362,1.0
0.0,0.0,1.0,1.0,3.0,2.0,1.0,1.0,1.0,2.0,6.0,2.0,85.23215966337064,0.0
0.0,0.0,1.0,2.0,1.0,2.0,1.0,0.0,0.0,3.0,1.0,2.0,206.66699638813526,1.0
1.0,1.0,1.0,1.0,3.0,3.0,1.0,0.0,0.0,2.0,2.0,2.0,280.2051746856263,1.0
0.0,0.0,1.0,2.0,2.0,2.0,0.0,0.0,0.0,3.0,1.0,2.0,442.6903693077942,1.0
0.0,0.0,1.0,1.0,1.0,1.0,1.0,0.0,0.0,2.0,1.0,2.0,52.620962194138116,0.0
1.0,1.0,1.0,1.0,3.0,2.0,1.0,1.0,1.0,1.0,5.0,2.0,210.24085742059518,1.0
0.0,0.0,1.0,1.0,1.0,1.0,0.0,0.0,0.0,3.0,1.0,2.0,168.3049640619786,0.0
0.0,0.0,1.0,3.0,1.0,2.0,1.0,1.0,0.0,1.0,2.0,2.0,335.78431022216637,1.0
1.0,0.0,1.0,1.0,1.0,1.0,1.0,1.0,0.0,1.0,1.0,2.0,205.01452520111368,1.0
1.0,0.0,1.0,1.0,1.0,2.0,0.0,0.0,0.0,3.0,3.0,2.0,297.91938686414784,1.0
1.0,0.0,1.0,2.0,1.0,2.0,0.0,0.0,0.0,2.0,2.0,2.0,132.14140240988766,1.0
0.0,0.0,1.0,3.0,1.0,2.0,1.0,0.0,0.0,2.0,2.0,2.0,137.71166720473403,1.0
1.0,1.0,1.0,1.0,3.0,2.0,1.0,1.0,0.0,1.0,2.0,2.0,328.1862714443955,0.0
0.0,1.0,1.0,1.0,3.0,3.0,1.0,0.0,0.0,3.0,2.0,2.0,136.41540674867608,1.0
0.0,0.0,1.0,1.0,3.0,3.0,0.0,0.0,0.0,3.0,2.0,2.0,433.0713836453043,1.0
0.0,0.0,1.0,3.0,1.0,2.0,0.0,0.0,0.0,2.0,5.0,2.0,506.17646533324944,1.0
1.0,0.0,1.0,1.0,1.0,1.0,0.0,0.0,0.0,2.0,2.0,2.0,73.94644962870679,0.0
0.0,0.0,1.0,1.0,1.0,1.0,1.0,0.0,0.0,3.0,2.0,2.0,0.0,0.0
0.0,0.0,1.0,1.0,1.0,1.0,0.0,0.0,0.0,2.0,2.0,2.0,449.1936482241529,1.0
0.0,0.0,1.0,1.0,1.0,1.0,1.0,0.0,0.0,1.0,3.0,2.0,0.0,0.0
1.0,0.0,1.0,1.0,1.0,2.0,0.0,0.0,0.0,3.0,2.0,2.0,12.842269073160175,1.0
1.0,0.0,1.0,1.0,1.0,1.0,0.0,0.0,0.0,3.0,1.0,2.0,158.11660795171795,1.0
0.0,1.0,1.0,1.0,1.0,2.0,1.0,0.0,1.0,2.0,3.0,2.0,532.668654219559,1.0
1.0,0.0,1.0,1.0,1.0,1.0,1.0,1.0,0.0,1.0,3.0,2.0,24.700096246973203,1.0
0.0,0.0,1.0,1.0,2.0,2.0,1.0,1.0,0.0,1.0,2.0,2.0,263.55161598005793,1.0
0.0,0.0,1.0,1.0,3.0,2.0,1.0,0.0,0.0,1.0,2.0,2.0,342.06522127440127,0.0
0.0,0.0,1.0,1.0,1.0,2.0,1.0,1.0,0.0,2.0,3.0,2.0,506.17646533324944,1.0
0.0,0.0,1.0,1.0,1.0,1.0,1.0,1.0,0.0,1.0,2.0,2.0,190.62240996319773,1.0
0.0,1.0,0.0,1.0,1.0,2.0,0.0,0.0,0.0,3.0,3.0,1.0,358.50326423697743,1.0
0.0,0.0,0.0,2.0,1.0,1.0,0.0,0.0,0.0,3.0,1.0,1.0,109.98012446561484,0.0
0.0,0.0,1.0,1.0,1.0,1.0,1.0,0.0,0.0,1.0,2.0,2.0,263.1732189158689,1.0
1.0,0.0,1.0,1.0,3.0,3.0,1.0,0.0,0.0,1.0,1.0,2.0,38.69681745359135,1.0
1.0,0.0,1.0,2.0,1.0,1.0,1.0,0.0,0.0,1.0,2.0,2.0,37.86492335801848,1.0
0.0,0.0,1.0,1.0,1.0,2.0,1.0,0.0,0.0,3.0,1.0,2.0,417.44552955925224,1.0
1.0,1.0,1.0,1.0,1.0,3.0,1.0,1.0,1.0,2.0,2.0,2.0,274.52069434563396,0.0
1.0,1.0,1.0,1.0,3.0,3.0,1.0,1.0,1.0,2.0,2.0,2.0,485.617642066587,1.0
0.0,0.0,1.0,1.0,1.0,1.0,0.0,0.0,0.0,3.0,3.0,2.0,229.0352336310816,0.0
0.0,1.0,1.0,2.0,1.0,3.0,0.0,0.0,0.0,3.0,4.0,2.0,341.2244562568841,0.0
1.0,0.0,1.0,2.0,1.0,1.0,1.0,0.0,0.0,2.0,2.0,2.0,163.86976519073582,1.0
1.0,1.0,1.0,1.0,1.0,2.0,0.0,1.0,1.0,2.0,2.0,2.0,0.0,1.0
0.0,0.0,1.0,2.0,1.0,1.0,1.0,0.0,0.0,1.0,2.0,2.0,4.391128221684125,1.0
0.0,0.0,1.0,1.0,3.0,2.0,1.0,0.0,0.0,2.0,2.0,2.0,259.3376135234375,1.0
0.0,0.0,1.0,1.0,1.0,2.0,1.0,0.0,0.0,2.0,3.0,2.0,216.54734893608432,0.0
1.0,0.0,1.0,1.0,1.0,1.0,0.0,0.0,0.0,3.0,1.0,2.0,0.0,1.0
0.0,1.0,1.0,1.0,2.0,3.0,0.0,0.0,0.0,2.0,1.0,2.0,94.70199864765428,0.0
0.0,1.0,1.0,1.0,1.0,3.0,0.0,0.0,0.0,3.0,1.0,2.0,249.37696289686292,0.0
1.0,0.0,1.0,1.0,1.0,1.0,0.0,0.0,0.0,3.0,2.0,2.0,0.0,1.0
0.0,0.0,1.0,1.0,1.0,3.0,1.0,1.0,0.0,2.0,3.0,2.0,208.37643273613926,1.0
0.0,0.0,1.0,1.0,3.0,3.0,1.0,1.0,1.0,2.0,3.0,2.0,129.09916971751323,1.0
1.0,1.0,1.0,1.0,3.0,3.0,1.0,1.0,1.0,2.0,2.0,2.0,293.07450679106313,0.0
0.0,0.0,1.0,1.0,1.0,1.0,1.0,0.0,0.0,3.0,2.0,2.0,306.1451125885838,1.0
0.0,0.0,1.0,2.0,1.0,1.0,0.0,0.0,0.0,3.0,1.0,2.0,350.92053987128145,0.0
1.0,0.0,1.0,1.0,1.0,1.0,1.0,0.0,0.0,1.0,1.0,2.0,69.87020530485421,1.0
0.0,0.0,1.0,1.0,1.0,1.0,1.0,0.0,0.0,3.0,2.0,2.0,13.136298427650292,0.0
0.0,0.0,1.0,1.0,1.0,1.0,1.0,0.0,0.0,3.0,2.0,2.0,0.0,1.0
0.0,0.0,1.0,1.0,1.0,1.0,1.0,0.0,0.0,3.0,1.0,2.0,282.2391351679913,0.0
1.0,0.0,1.0,1.0,1.0,1.0,1.0,1.0,0.0,3.0,1.0,2.0,187.38380047895066,1.0
1.0,1.0,1.0,1.0,2.0,2.0,1.0,1.0,1.0,3.0,2.0,2.0,30.0,0.0
1.0,0.0,1.0,1.0,1.0,2.0,1.0,0.0,0.0,3.0,4.0,2.0,45.09450326203918,0.0
1.0,1.0,1.0,2.0,1.0,2.0,1.0,1.0,0.0,1.0,3.0,2.0,203.9047993880393,0.0
0.0,0.0,1.0,1.0,1.0,1.0,1.0,1.0,0.0,1.0,2.0,2.0,14.325609571042168,1.0
0.0,0.0,1.0,1.0,1.0,1.0,0.0,0.0,0.0,3.0,2.0,2.0,220.57585345572733,1.0
1.0,0.0,1.0,1.0,1.0,1.0,1.0,1.0,0.0,1.0,3.0,2.0,0.0,1.0
1.0,0.0,1.0,1.0,1.0,1.0,0.0,0.0,0.0,3.0,1.0,2.0,88.38131457911547,1.0
0.0,0.0,1.0,1.0,1.0,2.0,0.0,0.0,0.0,3.0,3.0,2.0,97.17259944198665,0.0
0.0,0.0,1.0,3.0,3.0,3.0,1.0,0.0,0.0,3.0,1.0,2.0,231.38914713988436,0.0
0.0,0.0,1.0,1.0,1.0,2.0,1.0,0.0,0.0,2.0,1.0,2.0,560.1089270122587,0.0
0.0,0.0,1.0,1.0,3.0,2.0,0.0,0.0,0.0,3.0,1.0,2.0,139.42899209254395,1.0
0.0,0.0,1.0,2.0,3.0,2.0,0.0,0.0,0.0,3.0,2.0,2.0,437.2555889986804,0.0
0.0,0.0,1.0,1.0,1.0,1.0,0.0,0.0,0.0,3.0,1.0,2.0,173.81549210832992,1.0
1.0,0.0,1.0,1.0,3.0,3.0,1.0,0.0,0.0,1.0,6.0,2.0,157.2187704460308,0.0
1.0,0.0,1.0,1.0,1.0,1.0,0.0,0.0,0.0,3.0,2.0,2.0,33.45425451217533,1.0
0.0,0.0,1.0,1.0,1.0,1.0,0.0,0.0,0.0,2.0,3.0,2.0,260.32134808637704,0.0
1.0,1.0,1.0,1.0,1.0,2.0,1.0,1.0,1.0,2.0,2.0,2.0,141.97376965294518,0.0
0.0,1.0,1.0,2.0,1.0,3.0,0.0,0.0,0.0,2.0,4.0,2.0,0.0,1.0
0.0,0.0,0.0,2.0,1.0,1.0,1.0,1.0,1.0,1.0,2.0,1.0,0.0,0.0
1.0,0.0,0.0,1.0,1.0,1.0,1.0,1.0,1.0,1.0,3.0,1.0,117.88005761605214,1.0
1.0,0.0,1.0,1.0,2.0,1.0,1.0,1.0,1.0,1.0,3.0,2.0,77.80530317796558,1.0
0.0,1.0,1.0,1.0,1.0,3.0,0.0,1.0,0.0,2.0,3.0,2.0,242.10971604131836,1.0
1.0,0.0,1.0,1.0,2.0,3.0,1.0,1.0,0.0,2.0,3.0,2.0,118.72512929378452,1.0
1.0,1.0,1.0,1.0,1.0,2.0,1.0,1.0,1.0,1.0,2.0,2.0,94.52834416971305,1.0
0.0,0.0,0.0,1.0,1.0,1.0,1.0,1.0,0.0,1.0,3.0,1.0,5.755659612185337,1.0
0.0,0.0,1.0,1.0,1.0,1.0,1.0,0.0,0.0,3.0,2.0,2.0,202.53733033101383,1.0
0.0,0.0,1.0,1.0,1.0,1.0,0.0,0.0,0.0,3.0,1.0,2.0,246.1220018271202,1.0
0.0,0.0,1.0,1.0,1.0,1.0,0.0,0.0,0.0,2.0,2.0,2.0,0.0,0.0
0.0,0.0,1.0,1.0,1.0,1.0,0.0,0.0,0.0,3.0,1.0,2.0,285.1434012534648,0.0
0.0,0.0,1.0,2.0,1.0,1.0,1.0,0.0,0.0,2.0,2.0,2.0,78.22621150960273,1.0
0.0,0.0,1.0,1.0,1.0,1.0,1.0,0.0,0.0,3.0,1.0,2.0,86.84125438048613,0.0
1.0,1.0,1.0,2.0,1.0,1.0,1.0,1.0,1.0,1.0,2.0,2.0,22.73590112477935,0.0
0.0,0.0,1.0,1.0,3.0,2.0,1.0,1.0,0.0,1.0,2.0,2.0,384.06960555267744,1.0
1.0,1.0,1.0,1.0,1.0,3.0,1.0,1.0,1.0,1.0,2.0,2.0,229.85382726899735,1.0
0.0,0.0,1.0,1.0,1.0,2.0,1.0,1.0,0.0,1.0,2.0,2.0,213.4681630953187,1.0
0.0,0.0,1.0,3.0,3.0,2.0,1.0,1.0,0.0,1.0,2.0,2.0,387.632088502387,0.0
0.0,0.0,1.0,1.0,2.0,3.0,1.0,0.0,0.0,3.0,2.0,2.0,540.7111055525039,0.0
1.0,0.0,1.0,1.0,1.0,3.0,1.0,0.0,0.0,2.0,2.0,2.0,238.90485992062574,1.0
0.0,1.0,1.0,2.0,1.0,2.0,1.0,1.0,0.0,1.0,2.0,2.0,325.4158610840593,1.0
1.0,0.0,1.0,1.0,1.0,3.0,1.0,0.0,0.0,3.0,2.0,2.0,202.54245874101963,1.0
0.0,0.0,1.0,1.0,1.0,2.0,1.0,1.0,1.0,2.0,2.0,2.0,30.0,0.0
0.0,0.0,1.0,1.0,1.0,1.0,1.0,0.0,0.0,2.0,2.0,2.0,682.6347334750083,0.0
0.0,0.0,1.0,1.0,1.0,1.0,0.0,1.0,0.0,2.0,2.0,2.0,199.69994347445072,1.0
0.0,0.0,1.0,2.0,1.0,1.0,1.0,0.0,0.0,2.0,2.0,2.0,98.80038498789281,1.0
1.0,0.0,1.0,1.0,1.0,1.0,0.0,1.0,0.0,2.0,1.0,2.0,0.0,0.0
0.0,0.0,0.0,2.0,2.0,1.0,1.0,0.0,0.0,3.0,1.0,1.0,201.99189819746977,0.0
1.0,0.0,1.0,1.0,1.0,1.0,1.0,1.0,0.0,1.0,2.0,2.0,111.364975747185,1.0
1.0,0.0,1.0,2.0,2.0,3.0,1.0,0.0,0.0,3.0,1.0,2.0,169.28121122047605,0.0
0.0,0.0,1.0,1.0,3.0,3.0,1.0,1.0,0.0,1.0,3.0,2.0,0.0,1.0
0.0,0.0,1.0,1.0,1.0,2.0,1.0,1.0,0.0,1.0,2.0,2.0,266.65577098761554,0.0
0.0,0.0,1.0,1.0,1.0,1.0,1.0,0.0,0.0,2.0,2.0,2.0,836.0562603390846,0.0
0.0,1.0,1.0,1.0,1.0,2.0,1.0,0.0,0.0,2.0,2.0,2.0,392.5287749193503,1.0
1.0,1.0,1.0,1.0,1.0,1.0,1.0,0.0,0.0,2.0,2.0,2.0,292.481899783641,1.0
0.0,0.0,1.0,2.0,1.0,3.0,1.0,0.0,0.0,2.0,1.0,2.0,446.20317569507404,0.0
1.0,1.0,1.0,1.0,1.0,3.0,0.0,0.0,0.0,3.0,1.0,2.0,0.0,0.0
1.0,0.0,1.0,1.0,3.0,2.0,1.0,0.0,0.0,2.0,2.0,2.0,185.27123987404286,1.0
0.0,0.0,1.0,1.0,3.0,3.0,1.0,0.0,0.0,2.0,1.0,2.0,363.7588647552405,1.0
0.0,1.0,1.0,1.0,1.0,3.0,1.0,1.0,1.0,2.0,3.0,2.0,94.66230839504621,1.0
1.0,0.0,1.0,1.0,1.0,2.0,1.0,1.0,0.0,2.0,3.0,2.0,121.81615317163323,1.0
0.0,0.0,1.0,1.0,1.0,1.0,1.0,0.0,0.0,3.0,6.0,2.0,417.331503191964,1.0
1.0,0.0,1.0,1.0,1.0,2.0,0.0,0.0,0.0,3.0,6.0,2.0,420.80655821215424,0.0
0.0,0.0,1.0,2.0,1.0,2.0,0.0,0.0,0.0,3.0,1.0,2.0,438.3439293715726,1.0
1.0,0.0,1.0,1.0,1.0,1.0,0.0,1.0,0.0,3.0,2.0,2.0,40.59204157212552,0.0
0.0,0.0,1.0,2.0,1.0,1.0,1.0,0.0,0.0,3.0,1.0,2.0,329.87586291763466,0.0
0.0,1.0,1.0,1.0,1.0,1.0,1.0,0.0,0.0,2.0,2.0,2.0,0.0,1.0
1.0,0.0,1.0,1.0,1.0,1.0,0.0,0.0,0.0,3.0,1.0,2.0,232.2828551839321,0.0
0.0,0.0,1.0,1.0,1.0,2.0,1.0,0.0,0.0,3.0,2.0,2.0,425.10154734083244,0.0
1.0,0.0,1.0,1.0,1.0,2.0,0.0,0.0,0.0,3.0,2.0,2.0,251.28772616204247,1.0
1.0,1.0,1.0,1.0,1.0,1.0,1.0,1.0,0.0,1.0,1.0,2.0,65.68149213825144,0.0
0.0,1.0,1.0,2.0,1.0,1.0,0.0,0.0,0.0,3.0,4.0,2.0,455.0151743848806,1.0
0.0,0.0,1.0,2.0,3.0,3.0,1.0,1.0,0.0,1.0,3.0,2.0,461.7831188825088,0.0
0.0,0.0,1.0,1.0,2.0,3.0,1.0,1.0,1.0,1.0,2.0,2.0,0.0,0.0
0.0,0.0,1.0,1.0,3.0,3.0,1.0,0.0,0.0,2.0,2.0,2.0,530.1089270122587,1.0
0.0,1.0,1.0,1.0,3.0,3.0,1.0,0.0,0.0,2.0,3.0,2.0,425.98038777770796,0.0
1.0,0.0,1.0,1.0,1.0,3.0,1.0,0.0,0.0,2.0,5.0,2.0,399.474941427095,0.0
0.0,0.0,1.0,1.0,2.0,3.0,1.0,0.0,0.0,3.0,1.0,2.0,359.71677190117566,1.0
1.0,1.0,1.0,1.0,3.0,3.0,1.0,1.0,1.0,3.0,3.0,2.0,0.0,0.0
0.0,0.0,1.0,1.0,1.0,2.0,1.0,1.0,0.0,1.0,2.0,2.0,449.3790802962219,1.0
1.0,0.0,0.0,2.0,1.0,2.0,1.0,0.0,0.0,3.0,1.0,1.0,234.48968908726022,1.0
1.0,0.0,1.0,1.0,3.0,2.0,1.0,0.0,0.0,1.0,2.0,2.0,506.55184379857405,1.0
0.0,0.0,1.0,1.0,1.0,1.0,0.0,1.0,0.0,2.0,2.0,2.0,0.0,0.0
1.0,0.0,1.0,1.0,1.0,1.0,0.0,1.0,0.0,3.0,3.0,2.0,92.085224335108,0.0
1.0,1.0,1.0,2.0,1.0,3.0,1.0,1.0,1.0,3.0,2.0,2.0,173.41029450812852,1.0
0.0,0.0,1.0,1.0,1.0,3.0,1.0,0.0,0.0,1.0,2.0,2.0,302.91938686414784,1.0
0.0,1.0,1.0,1.0,1.0,3.0,1.0,0.0,0.0,1.0,3.0,2.0,0.0,0.0
1.0,1.0,1.0,1.0,1.0,3.0,1.0,1.0,1.0,1.0,2.0,2.0,0.0,1.0
1.0,1.0,1.0,1.0,1.0,2.0,1.0,1.0,1.0,1.0,1.0,2.0,30.0,0.0
0.0,0.0,1.0,1.0,1.0,2.0,1.0,1.0,0.0,1.0,2.0,2.0,300.8024050130265,0.0
0.0,0.0,1.0,1.0,3.0,2.0,0.0,0.0,0.0,2.0,2.0,2.0,181.45969343207392,0.0
0.0,0.0,1.0,1.0,3.0,3.0,0.0,0.0,0.0,2.0,2.0,2.0,535.565220153064,1.0
1.0,1.0,1.0,1.0,2.0,3.0,1.0,0.0,0.0,2.0,1.0,2.0,109.207461255453,0.0
1.0,0.0,1.0,1.0,3.0,3.0,0.0,0.0,0.0,3.0,2.0,2.0,607.5048303560485,1.0
0.0,0.0,1.0,1.0,1.0,1.0,1.0,0.0,0.0,3.0,2.0,2.0,66.35935024463636,0.0
0.0,0.0,1.0,1.0,1.0,2.0,0.0,0.0,0.0,2.0,2.0,2.0,0.0,1.0
1.0,1.0,1.0,1.0,1.0,3.0,0.0,0.0,0.0,3.0,1.0,2.0,98.08437751526418,0.0
0.0,0.0,1.0,1.0,1.0,2.0,0.0,1.0,0.0,2.0,2.0,2.0,30.0,0.0
1.0,0.0,1.0,1.0,1.0,3.0,0.0,0.0,0.0,3.0,2.0,2.0,25.983886999747828,0.0
0.0,0.0,1.0,1.0,1.0,2.0,1.0,0.0,0.0,2.0,2.0,2.0,404.25605528707183,1.0
1.0,0.0,1.0,1.0,1.0,1.0,1.0,1.0,0.0,1.0,3.0,2.0,0.0,0.0
1.0,0.0,1.0,1.0,1.0,1.0,1.0,0.0,0.0,1.0,2.0,2.0,283.98692518513866,1.0
0.0,0.0,0.0,1.0,1.0,1.0,0.0,0.0,0.0,3.0,1.0,1.0,64.56553971149981,0.0
0.0,0.0,1.0,1.0,2.0,3.0,1.0,0.0,0.0,1.0,1.0,2.0,445.16328414392274,1.0
0.0,0.0,1.0,2.0,1.0,1.0,1.0,0.0,0.0,3.0,2.0,2.0,227.0214905039422,0.0
0.0,0.0,1.0,1.0,1.0,1.0,0.0,0.0,0.0,2.0,3.0,2.0,511.17646533324944,0.0
0.0,0.0,1.0,1.0,1.0,1.0,1.0,0.0,0.0,1.0,5.0,2.0,349.7914397969374,1.0
0.0,1.0,1.0,1.0,2.0,3.0,1.0,0.0,0.0,1.0,2.0,2.0,307.3206361658017,1.0
1.0,0.0,1.0,1.0,1.0,2.0,1.0,0.0,0.0,1.0,3.0,2.0,170.05376507505395,1.0
1.0,0.0,1.0,3.0,1.0,1.0,1.0,0.0,0.0,2.0,2.0,2.0,0.0,0.0
0.0,1.0,1.0,1.0,1.0,2.0,1.0,0.0,0.0,3.0,1.0,2.0,215.4070530546288,1.0
1.0,0.0,1.0,1.0,1.0,1.0,1.0,1.0,1.0,2.0,2.0,2.0,0.0,0.0
1.0,1.0,1.0,1.0,3.0,3.0,0.0,1.0,1.0,2.0,2.0,2.0,104.21610979463657,1.0
0.0,0.0,1.0,1.0,1.0,2.0,1.0,0.0,0.0,3.0,1.0,2.0,415.30064927400514,1.0
0.0,0.0,1.0,1.0,1.0,3.0,1.0,0.0,0.0,2.0,3.0,2.0,468.5026706649711,0.0
1.0,1.0,1.0,1.0,3.0,3.0,0.0,1.0,1.0,2.0,2.0,2.0,380.5872835401665,1.0
0.0,0.0,1.0,1.0,3.0,3.0,1.0,0.0,0.0,3.0,4.0,2.0,321.85184854315713,1.0
1.0,0.0,1.0,1.0,3.0,2.0,1.0,0.0,1.0,3.0,1.0,2.0,231.25000637808614,1.0
1.0,0.0,1.0,1.0,1.0,2.0,0.0,0.0,0.0,3.0,1.0,2.0,404.51365694639253,1.0
0.0,0.0,1.0,1.0,3.0,2.0,0.0,0.0,0.0,3.0,1.0,2.0,389.5388544530474,1.0
0.0,0.0,1.0,1.0,1.0,2.0,1.0,1.0,0.0,1.0,1.0,2.0,676.1063139313695,1.0
1.0,0.0,1.0,1.0,1.0,2.0,1.0,1.0,0.0,1.0,1.0,2.0,30.0,0.0
1.0,1.0,1.0,1.0,1.0,3.0,1.0,1.0,1.0,1.0,2.0,2.0,47.853658557868926,1.0
0.0,0.0,1.0,2.0,2.0,3.0,0.0,0.0,0.0,3.0,2.0,2.0,0.0,0.0
0.0,0.0,1.0,1.0,1.0,2.0,1.0,0.0,0.0,3.0,1.0,2.0,370.2082649027297,0.0
0.0,0.0,1.0,1.0,1.0,3.0,1.0,0.0,0.0,3.0,1.0,2.0,425.91686446888696,1.0
1.0,0.0,1.0,1.0,1.0,1.0,1.0,0.0,0.0,2.0,2.0,2.0,0.0,1.0
0.0,0.0,1.0,1.0,1.0,3.0,0.0,0.0,0.0,2.0,2.0,2.0,441.8591489559739,1.0
1.0,0.0,1.0,1.0,1.0,2.0,0.0,1.0,0.0,2.0,1.0,2.0,562.9738503702773,1.0
1.0,1.0,1.0,1.0,1.0,2.0,0.0,1.0,1.0,2.0,2.0,2.0,109.90118846740125,1.0
1.0,1.0,1.0,1.0,1.0,1.0,1.0,1.0,1.0,2.0,2.0,2.0,0.0,0.0
1.0,0.0,1.0,1.0,3.0,3.0,1.0,1.0,0.0,1.0,2.0,2.0,378.5484329328634,1.0
0.0,0.0,1.0,1.0,1.0,1.0,1.0,1.0,0.0,1.0,2.0,2.0,113.67950562389674,1.0
1.0,0.0,1.0,1.0,1.0,2.0,1.0,0.0,0.0,3.0,2.0,2.0,369.24358901291026,1.0
0.0,0.0,1.0,1.0,1.0,1.0,1.0,1.0,0.0,1.0,2.0,2.0,0.0,1.0
1.0,0.0,1.0,2.0,1.0,1.0,0.0,0.0,0.0,3.0,1.0,2.0,18.405253291488044,1.0
0.0,0.0,1.0,1.0,1.0,1.0,0.0,0.0,0.0,3.0,1.0,2.0,0.0,1.0
0.0,0.0,1.0,1.0,3.0,3.0,1.0,0.0,0.0,3.0,1.0,2.0,327.3282637404005,0.0
1.0,0.0,1.0,1.0,1.0,2.0,1.0,1.0,1.0,1.0,3.0,2.0,151.19068258731878,1.0
0.0,0.0,1.0,2.0,1.0,1.0,1.0,1.0,0.0,1.0,2.0,2.0,322.15005046118245,0.0
1.0,0.0,1.0,1.0,1.0,1.0,0.0,0.0,0.0,3.0,2.0,2.0,0.0,0.0
1.0,0.0,1.0,1.0,1.0,1.0,1.0,0.0,0.0,3.0,2.0,2.0,0.0,1.0
0.0,0.0,1.0,1.0,1.0,3.0,0.0,0.0,0.0,3.0,2.0,2.0,368.2132481585775,0.0
1.0,0.0,1.0,1.0,1.0,2.0,0.0,0.0,0.0,3.0,2.0,2.0,30.0,0.0
1.0,1.0,1.0,1.0,1.0,2.0,0.0,0.0,0.0,2.0,1.0,2.0,98.0599998678682,1.0
1.0,0.0,1.0,1.0,1.0,2.0,0.0,0.0,0.0,3.0,2.0,2.0,30.0,0.0
1.0,0.0,1.0,1.0,1.0,2.0,1.0,1.0,0.0,1.0,2.0,2.0,30.0,0.0
0.0,1.0,1.0,1.0,3.0,3.0,1.0,1.0,1.0,1.0,3.0,2.0,587.6964421282703,0.0
1.0,0.0,1.0,1.0,3.0,3.0,1.0,1.0,1.0,1.0,2.0,2.0,244.2856093226918,1.0
0.0,0.0,1.0,1.0,1.0,2.0,1.0,0.0,0.0,2.0,1.0,2.0,381.8983629111189,1.0
0.0,0.0,1.0,1.0,1.0,2.0,1.0,0.0,0.0,3.0,1.0,2.0,455.88248782935227,0.0
0.0,1.0,1.0,2.0,1.0,2.0,1.0,0.0,1.0,2.0,3.0,2.0,347.050042627563,1.0
0.0,0.0,1.0,1.0,3.0,3.0,1.0,0.0,1.0,2.0,2.0,2.0,340.6935896395771,0.0
1.0,0.0,1.0,1.0,3.0,2.0,1.0,0.0,0.0,1.0,2.0,2.0,261.8609151713789,0.0
0.0,0.0,1.0,1.0,1.0,1.0,0.0,0.0,0.0,3.0,3.0,2.0,272.5548717116617,0.0
0.0,0.0,1.0,1.0,1.0,1.0,1.0,0.0,0.0,3.0,2.0,2.0,0.0,1.0
1.0,0.0,1.0,1.0,1.0,1.0,1.0,0.0,0.0,3.0,2.0,2.0,0.0,1.0
0.0,0.0,1.0,1.0,1.0,2.0,1.0,0.0,0.0,3.0,2.0,2.0,436.9395654028281,0.0
0.0,0.0,1.0,1.0,1.0,1.0,1.0,0.0,0.0,3.0,1.0,2.0,285.1434012534648,0.0
1.0,0.0,1.0,1.0,1.0,1.0,1.0,1.0,1.0,2.0,2.0,2.0,0.0,1.0
1.0,0.0,1.0,1.0,2.0,1.0,0.0,0.0,0.0,3.0,2.0,2.0,358.3203817672703,0.0
1.0,1.0,1.0,1.0,1.0,3.0,1.0,0.0,0.0,1.0,3.0,2.0,507.368913362902,1.0
0.0,1.0,1.0,1.0,1.0,3.0,1.0,0.0,0.0,3.0,2.0,2.0,217.87351277413035,1.0
0.0,0.0,1.0,2.0,1.0,2.0,1.0,0.0,0.0,2.0,3.0,2.0,149.09281541551087,0.0
1.0,0.0,1.0,1.0,1.0,1.0,1.0,0.0,0.0,1.0,3.0,2.0,0.0,0.0
0.0,0.0,1.0,1.0,1.0,2.0,1.0,1.0,0.0,1.0,2.0,2.0,14.0007173685656,1.0
1.0,0.0,1.0,1.0,1.0,3.0,1.0,1.0,1.0,1.0,2.0,2.0,454.25811951943626,1.0
1.0,0.0,1.0,1.0,3.0,3.0,1.0,0.0,0.0,1.0,2.0,2.0,0.0,0.0
0.0,0.0,1.0,1.0,1.0,3.0,0.0,0.0,0.0,3.0,2.0,2.0,293.3750355229692,1.0
0.0,1.0,1.0,1.0,1.0,2.0,0.0,0.0,0.0,2.0,3.0,2.0,74.60567268290043,0.0
1.0,1.0,1.0,1.0,1.0,2.0,1.0,0.0,0.0,1.0,1.0,2.0,319.03029754598504,1.0
0.0,0.0,1.0,1.0,1.0,3.0,1.0,0.0,0.0,1.0,5.0,2.0,340.6935896395771,0.0
1.0,0.0,1.0,1.0,1.0,1.0,1.0,0.0,0.0,1.0,2.0,2.0,5.846374574943261,1.0
1.0,1.0,1.0,1.0,2.0,3.0,1.0,0.0,0.0,1.0,3.0,2.0,549.3684132938181,0.0
0.0,0.0,1.0,1.0,1.0,2.0,1.0,0.0,0.0,1.0,2.0,2.0,352.1210702796269,0.0
1.0,0.0,1.0,1.0,3.0,3.0,0.0,0.0,0.0,2.0,1.0,2.0,118.20338094284303,1.0
1.0,0.0,1.0,1.0,3.0,3.0,0.0,0.0,1.0,3.0,1.0,2.0,394.35318910977537,1.0
0.0,0.0,1.0,2.0,1.0,1.0,1.0,0.0,0.0,3.0,1.0,2.0,53.12261342170665,1.0
0.0,0.0,1.0,1.0,1.0,1.0,1.0,1.0,0.0,3.0,1.0,2.0,499.6839314713799,0.0
0.0,0.0,1.0,2.0,1.0,1.0,1.0,0.0,0.0,3.0,2.0,2.0,0.0,0.0
0.0,0.0,0.0,1.0,3.0,1.0,1.0,0.0,1.0,1.0,5.0,1.0,485.8943241806972,1.0
1.0,0.0,1.0,1.0,1.0,1.0,1.0,1.0,1.0,1.0,3.0,2.0,32.93346166263093,0.0
0.0,0.0,1.0,2.0,1.0,2.0,0.0,0.0,0.0,2.0,2.0,2.0,0.0,1.0
1.0,0.0,1.0,1.0,1.0,2.0,0.0,0.0,0.0,3.0,1.0,2.0,73.43550410638605,1.0
1.0,0.0,1.0,2.0,1.0,1.0,0.0,0.0,0.0,2.0,2.0,2.0,168.3049640619786,0.0
0.0,0.0,1.0,1.0,1.0,2.0,0.0,0.0,0.0,2.0,1.0,2.0,203.9047993880393,0.0
0.0,0.0,0.0,2.0,1.0,1.0,0.0,0.0,0.0,2.0,2.0,1.0,234.21977611212625,1.0
1.0,1.0,1.0,1.0,1.0,3.0,0.0,0.0,0.0,3.0,2.0,2.0,227.12905975971813,1.0
0.0,0.0,1.0,1.0,1.0,1.0,0.0,0.0,0.0,3.0,2.0,2.0,185.6420331291534,1.0
0.0,0.0,1.0,1.0,1.0,1.0,1.0,0.0,0.0,3.0,2.0,2.0,0.0,0.0
1.0,0.0,1.0,1.0,1.0,2.0,0.0,0.0,0.0,3.0,2.0,2.0,205.21294704142565,1.0
0.0,0.0,1.0,1.0,1.0,1.0,0.0,0.0,0.0,2.0,2.0,2.0,0.0,0.0
1.0,0.0,1.0,1.0,1.0,1.0,1.0,0.0,0.0,3.0,2.0,2.0,0.0,0.0
1.0,0.0,1.0,1.0,3.0,2.0,1.0,1.0,1.0,1.0,2.0,2.0,315.5177510218584,0.0
0.0,0.0,1.0,1.0,1.0,3.0,1.0,0.0,0.0,3.0,2.0,2.0,520.5040952826871,1.0
1.0,0.0,0.0,2.0,1.0,1.0,1.0,1.0,0.0,1.0,2.0,1.0,0.0,0.0
0.0,0.0,1.0,1.0,3.0,3.0,1.0,1.0,0.0,1.0,2.0,2.0,357.72826912155597,1.0
0.0,1.0,1.0,1.0,1.0,3.0,0.0,0.0,0.0,3.0,2.0,2.0,232.807286253711,1.0
1.0,0.0,1.0,1.0,1.0,2.0,1.0,1.0,0.0,1.0,2.0,2.0,662.1758829978822,0.0
0.0,1.0,1.0,1.0,3.0,2.0,1.0,1.0,1.0,1.0,2.0,2.0,330.74581790237755,1.0
0.0,0.0,1.0,1.0,1.0,1.0,1.0,0.0,0.0,1.0,3.0,2.0,168.3049640619786,0.0
0.0,0.0,1.0,1.0,3.0,3.0,1.0,0.0,1.0,1.0,2.0,2.0,492.1129628127226,1.0
0.0,0.0,1.0,2.0,1.0,2.0,1.0,0.0,0.0,1.0,2.0,2.0,259.3376135234375,1.0
0.0,0.0,1.0,1.0,1.0,1.0,0.0,0.0,0.0,2.0,2.0,2.0,0.0,1.0
0.0,0.0,1.0,2.0,1.0,1.0,0.0,0.0,0.0,2.0,1.0,2.0,45.47180224955869,0.0
1.0,0.0,1.0,1.0,1.0,2.0,1.0,0.0,0.0,1.0,3.0,2.0,188.53897637072777,1.0
1.0,0.0,1.0,2.0,1.0,1.0,1.0,0.0,0.0,3.0,4.0,2.0,62.36132879939479,0.0
1.0,1.0,1.0,1.0,1.0,2.0,0.0,1.0,1.0,2.0,2.0,2.0,0.0,1.0
1.0,0.0,1.0,1.0,1.0,2.0,1.0,1.0,1.0,1.0,2.0,2.0,309.3871405684009,1.0
0.0,0.0,0.0,1.0,1.0,2.0,0.0,0.0,0.0,3.0,1.0,1.0,373.92698136579634,1.0
1.0,0.0,1.0,1.0,1.0,1.0,1.0,1.0,0.0,1.0,2.0,2.0,202.681516384304,1.0
0.0,1.0,1.0,1.0,1.0,3.0,1.0,1.0,1.0,1.0,6.0,2.0,0.0,0.0
0.0,0.0,1.0,1.0,1.0,1.0,1.0,0.0,0.0,2.0,2.0,2.0,8.119964687421195,1.0
0.0,0.0,1.0,1.0,1.0,1.0,1.0,0.0,0.0,1.0,2.0,2.0,194.78940316389003,1.0
0.0,0.0,1.0,2.0,3.0,2.0,1.0,1.0,0.0,3.0,1.0,2.0,349.40024028710354,0.0
0.0,0.0,1.0,1.0,1.0,2.0,1.0,1.0,1.0,2.0,2.0,2.0,267.5548717116617,1.0
0.0,0.0,1.0,1.0,1.0,3.0,1.0,0.0,1.0,1.0,2.0,2.0,307.3206361658017,1.0
1.0,1.0,1.0,1.0,3.0,3.0,1.0,1.0,1.0,1.0,2.0,2.0,254.87905810865806,1.0
1.0,1.0,1.0,1.0,1.0,3.0,1.0,1.0,1.0,1.0,2.0,2.0,143.5469273983898,0.0
0.0,0.0,1.0,1.0,1.0,1.0,0.0,0.0,0.0,2.0,2.0,2.0,413.9586162011924,0.0
0.0,0.0,1.0,1.0,1.0,1.0,1.0,0.0,0.0,1.0,2.0,2.0,440.0625532844537,0.0
0.0,0.0,1.0,1.0,1.0,2.0,1.0,0.0,0.0,1.0,2.0,2.0,30.0,0.0
1.0,0.0,1.0,1.0,1.0,1.0,1.0,1.0,1.0,1.0,1.0,2.0,0.0,0.0
0.0,0.0,1.0,1.0,2.0,3.0,1.0,0.0,0.0,2.0,3.0,2.0,545.8668402891892,0.0
1.0,0.0,1.0,1.0,1.0,1.0,1.0,0.0,0.0,2.0,1.0,2.0,61.35384994760315,1.0
1.0,1.0,1.0,1.0,1.0,3.0,1.0,1.0,0.0,1.0,2.0,2.0,0.0,1.0
1.0,0.0,1.0,1.0,1.0,2.0,1.0,1.0,1.0,1.0,2.0,2.0,0.0,1.0
1.0,1.0,1.0,1.0,1.0,2.0,1.0,1.0,1.0,1.0,2.0,2.0,210.24085742059518,1.0
0.0,0.0,1.0,1.0,1.0,1.0,0.0,0.0,0.0,3.0,2.0,2.0,64.03728656622681,0.0
0.0,0.0,1.0,1.0,1.0,1.0,0.0,0.0,0.0,3.0,2.0,2.0,207.9689041198312,1.0
1.0,0.0,1.0,3.0,1.0,1.0,1.0,1.0,1.0,1.0,2.0,2.0,0.0,0.0
1.0,0.0,1.0,1.0,3.0,3.0,1.0,1.0,0.0,1.0,5.0,2.0,539.7395469059203,0.0
1.0,0.0,1.0,1.0,1.0,3.0,1.0,0.0,0.0,1.0,1.0,2.0,719.9966204232439,1.0
1.0,0.0,1.0,1.0,1.0,1.0,1.0,1.0,0.0,1.0,2.0,2.0,20.901770335216433,1.0
0.0,0.0,1.0,1.0,1.0,2.0,0.0,0.0,0.0,3.0,1.0,2.0,0.0,1.0
0.0,0.0,1.0,2.0,1.0,1.0,1.0,0.0,0.0,3.0,1.0,2.0,465.16138959868954,1.0
0.0,0.0,1.0,1.0,1.0,1.0,1.0,0.0,0.0,3.0,3.0,2.0,340.6935896395771,1.0
1.0,0.0,1.0,1.0,1.0,1.0,1.0,0.0,0.0,2.0,3.0,2.0,71.35583360236704,0.0
0.0,0.0,1.0,1.0,1.0,2.0,1.0,0.0,0.0,2.0,2.0,2.0,187.11292976634337,0.0
1.0,0.0,1.0,1.0,3.0,2.0,1.0,0.0,0.0,2.0,2.0,2.0,451.5294101170333,1.0
1.0,0.0,1.0,1.0,3.0,3.0,0.0,0.0,0.0,3.0,2.0,2.0,66.80024282851838,1.0
0.0,0.0,1.0,1.0,1.0,1.0,0.0,0.0,0.0,3.0,1.0,2.0,538.6848446361164,1.0
0.0,0.0,1.0,2.0,1.0,1.0,1.0,0.0,0.0,1.0,2.0,2.0,0.0,1.0
0.0,0.0,1.0,1.0,3.0,2.0,1.0,0.0,0.0,1.0,5.0,2.0,1014.2490477218741,1.0
0.0,0.0,1.0,1.0,1.0,1.0,1.0,0.0,0.0,1.0,2.0,2.0,309.8480453972612,0.0
0.0,0.0,1.0,1.0,3.0,3.0,1.0,0.0,0.0,1.0,3.0,2.0,63.33572456188533,1.0
0.0,0.0,1.0,1.0,1.0,1.0,1.0,0.0,0.0,1.0,2.0,2.0,238.15448499250346,1.0
0.0,0.0,1.0,1.0,3.0,2.0,1.0,0.0,0.0,3.0,1.0,2.0,434.92257784341393,1.0
1.0,1.0,1.0,1.0,1.0,2.0,0.0,0.0,0.0,3.0,2.0,2.0,195.09476700879026,1.0
0.0,1.0,1.0,1.0,3.0,2.0,1.0,1.0,0.0,1.0,2.0,2.0,412.5389215249485,1.0
0.0,1.0,1.0,1.0,3.0,3.0,1.0,1.0,0.0,1.0,2.0,2.0,1050.6561775550201,1.0
0.0,0.0,1.0,1.0,3.0,3.0,0.0,0.0,0.0,2.0,3.0,2.0,961.096616373247,1.0
1.0,1.0,1.0,1.0,1.0,2.0,0.0,0.0,0.0,2.0,2.0,2.0,509.91972040985286,1.0
1.0,0.0,1.0,1.0,3.0,3.0,1.0,0.0,0.0,2.0,2.0,2.0,314.1951993342767,0.0
0.0,0.0,1.0,3.0,1.0,1.0,1.0,0.0,1.0,1.0,3.0,2.0,283.91132469964765,0.0
0.0,0.0,1.0,1.0,1.0,1.0,1.0,0.0,0.0,1.0,1.0,2.0,320.45937191504987,1.0
0.0,1.0,1.0,1.0,1.0,3.0,1.0,0.0,0.0,1.0,3.0,2.0,402.8294084981855,1.0
0.0,0.0,1.0,1.0,1.0,2.0,1.0,0.0,0.0,2.0,3.0,2.0,147.98013471101538,1.0
1.0,0.0,1.0,2.0,1.0,1.0,1.0,0.0,0.0,2.0,3.0,2.0,134.78413439636256,1.0
1.0,0.0,1.0,1.0,2.0,3.0,1.0,0.0,1.0,1.0,3.0,2.0,340.6935896395771,0.0
1.0,0.0,1.0,1.0,3.0,3.0,0.0,1.0,1.0,2.0,2.0,2.0,100.26842567720048,1.0
1.0,1.0,1.0,1.0,3.0,2.0,0.0,1.0,1.0,2.0,2.0,2.0,25.314534833039126,1.0
1.0,0.0,1.0,1.0,1.0,2.0,1.0,1.0,1.0,2.0,1.0,2.0,272.2709970770326,0.0
1.0,0.0,1.0,2.0,1.0,1.0,1.0,0.0,0.0,3.0,1.0,2.0,214.80283366492264,1.0
0.0,0.0,1.0,1.0,1.0,1.0,0.0,0.0,0.0,3.0,1.0,2.0,0.0,0.0
1.0,0.0,1.0,1.0,3.0,3.0,0.0,0.0,0.0,3.0,1.0,2.0,223.34357543038948,1.0
0.0,0.0,1.0,1.0,2.0,2.0,0.0,0.0,0.0,3.0,1.0,2.0,45.52422472173188,1.0
0.0,0.0,1.0,2.0,3.0,3.0,1.0,0.0,0.0,3.0,1.0,2.0,124.92098286784497,1.0
1.0,0.0,1.0,1.0,1.0,1.0,1.0,1.0,0.0,1.0,1.0,2.0,201.27526860110615,1.0
0.0,0.0,1.0,1.0,1.0,1.0,1.0,0.0,0.0,3.0,5.0,2.0,436.51542389958615,1.0
0.0,1.0,1.0,1.0,1.0,2.0,1.0,1.0,0.0,3.0,6.0,2.0,218.72905390737066,1.0
0.0,0.0,1.0,1.0,3.0,3.0,1.0,1.0,0.0,3.0,2.0,2.0,491.1573866683707,0.0
1.0,0.0,1.0,2.0,1.0,2.0,1.0,0.0,0.0,2.0,2.0,2.0,151.1081064853828,0.0
1.0,0.0,1.0,1.0,1.0,2.0,1.0,0.0,1.0,3.0,1.0,2.0,201.6968094976503,0.0
1.0,1.0,1.0,2.0,1.0,3.0,1.0,1.0,1.0,1.0,3.0,2.0,0.0,1.0
1.0,0.0,1.0,1.0,1.0,1.0,1.0,1.0,1.0,3.0,2.0,2.0,167.68355507963304,0.0
1.0,1.0,1.0,1.0,1.0,1.0,0.0,1.0,1.0,3.0,2.0,2.0,0.0,1.0
0.0,0.0,1.0,1.0,1.0,1.0,0.0,0.0,0.0,3.0,2.0,2.0,619.3748803734268,1.0
0.0,0.0,1.0,1.0,1.0,3.0,0.0,0.0,0.0,3.0,2.0,2.0,239.93773508154345,0.0
0.0,1.0,1.0,1.0,1.0,2.0,0.0,0.0,0.0,3.0,2.0,2.0,4.383070305464493,1.0
1.0,1.0,1.0,1.0,3.0,2.0,1.0,1.0,1.0,1.0,2.0,2.0,203.9047993880393,0.0
1.0,1.0,1.0,1.0,3.0,3.0,1.0,1.0,0.0,1.0,2.0,2.0,171.9481076116255,1.0
0.0,0.0,1.0,1.0,1.0,1.0,0.0,0.0,0.0,3.0,4.0,2.0,1135.3428968566266,1.0
0.0,0.0,1.0,1.0,1.0,1.0,0.0,0.0,0.0,3.0,1.0,2.0,32.93346166263095,0.0
1.0,0.0,1.0,2.0,1.0,3.0,1.0,0.0,0.0,2.0,1.0,2.0,0.0,0.0
1.0,0.0,1.0,1.0,1.0,3.0,1.0,0.0,0.0,2.0,5.0,2.0,307.4887012320029,1.0
1.0,0.0,1.0,1.0,1.0,2.0,0.0,0.0,0.0,2.0,2.0,2.0,203.9047993880393,0.0
1.0,0.0,1.0,1.0,3.0,2.0,0.0,0.0,0.0,2.0,2.0,2.0,0.0,1.0
0.0,0.0,1.0,1.0,1.0,2.0,0.0,0.0,0.0,3.0,2.0,2.0,401.1290852494019,0.0
0.0,0.0,1.0,1.0,3.0,3.0,0.0,0.0,0.0,3.0,1.0,2.0,0.0,0.0
1.0,0.0,1.0,1.0,1.0,2.0,1.0,0.0,0.0,3.0,1.0,2.0,41.65573735539383,1.0
1.0,0.0,1.0,2.0,1.0,1.0,1.0,0.0,0.0,3.0,4.0,2.0,280.04288983838563,0.0
1.0,0.0,1.0,1.0,1.0,1.0,1.0,0.0,0.0,2.0,3.0,2.0,0.0,1.0
1.0,0.0,0.0,1.0,1.0,1.0,0.0,0.0,0.0,3.0,1.0,1.0,168.3049640619786,0.0
0.0,0.0,1.0,1.0,1.0,1.0,1.0,0.0,0.0,2.0,1.0,2.0,111.45597720236029,1.0
0.0,0.0,1.0,1.0,1.0,1.0,1.0,1.0,0.0,2.0,1.0,2.0,183.32033695101867,0.0
1.0,0.0,1.0,1.0,3.0,2.0,1.0,0.0,0.0,1.0,2.0,2.0,213.70624973483962,0.0
1.0,0.0,1.0,1.0,1.0,2.0,1.0,0.0,0.0,2.0,2.0,2.0,231.1114517931367,0.0
0.0,0.0,1.0,2.0,1.0,1.0,1.0,1.0,0.0,3.0,3.0,2.0,0.0,1.0
0.0,0.0,1.0,1.0,1.0,2.0,0.0,0.0,0.0,3.0,1.0,2.0,38.05040173975423,0.0
0.0,0.0,1.0,2.0,1.0,1.0,1.0,1.0,0.0,1.0,4.0,2.0,125.4817192876547,1.0
0.0,1.0,1.0,1.0,1.0,3.0,1.0,1.0,1.0,1.0,2.0,2.0,473.0595403569277,1.0
1.0,0.0,1.0,1.0,1.0,2.0,1.0,0.0,0.0,1.0,2.0,2.0,299.73640254424083,1.0
0.0,0.0,1.0,2.0,1.0,1.0,1.0,0.0,0.0,1.0,2.0,2.0,40.6074971655711,0.0
0.0,0.0,1.0,1.0,1.0,1.0,1.0,0.0,0.0,1.0,3.0,2.0,1859.2329055564019,1.0
1.0,0.0,1.0,1.0,1.0,2.0,1.0,1.0,1.0,1.0,2.0,2.0,243.89519470627292,0.0
1.0,1.0,1.0,1.0,3.0,3.0,1.0,1.0,1.0,1.0,2.0,2.0,89.4459221234375,0.0
1.0,0.0,1.0,1.0,1.0,1.0,1.0,1.0,1.0,1.0,2.0,2.0,20.642754672021887,1.0
0.0,0.0,1.0,1.0,1.0,1.0,1.0,0.0,0.0,3.0,2.0,2.0,0.0,0.0
0.0,0.0,1.0,1.0,1.0,1.0,1.0,0.0,0.0,2.0,2.0,2.0,115.65522456393357,1.0
1.0,0.0,1.0,1.0,1.0,1.0,1.0,1.0,0.0,2.0,3.0,2.0,29.133067238310915,0.0
0.0,0.0,1.0,1.0,1.0,1.0,1.0,1.0,0.0,2.0,3.0,2.0,234.21977611212625,1.0
1.0,0.0,1.0,1.0,1.0,3.0,0.0,1.0,0.0,2.0,5.0,2.0,0.0,0.0
0.0,0.0,1.0,2.0,1.0,2.0,1.0,0.0,0.0,3.0,1.0,2.0,172.3973276338479,1.0
0.0,0.0,1.0,1.0,1.0,3.0,1.0,0.0,0.0,1.0,3.0,2.0,0.0,1.0
0.0,0.0,1.0,1.0,1.0,1.0,1.0,0.0,0.0,2.0,2.0,2.0,186.4896563215651,1.0
0.0,0.0,1.0,1.0,1.0,2.0,1.0,0.0,0.0,1.0,1.0,2.0,284.8084976555331,0.0
1.0,1.0,1.0,2.0,1.0,2.0,1.0,1.0,0.0,2.0,2.0,2.0,228.33761878119765,0.0
0.0,0.0,1.0,2.0,3.0,3.0,1.0,1.0,0.0,2.0,2.0,2.0,297.02500831822607,0.0
0.0,0.0,1.0,2.0,1.0,1.0,1.0,0.0,0.0,2.0,2.0,2.0,202.06335116409807,1.0
0.0,0.0,1.0,2.0,1.0,1.0,1.0,0.0,0.0,2.0,3.0,2.0,25.544354173365768,1.0
1.0,1.0,1.0,1.0,1.0,3.0,1.0,0.0,1.0,1.0,3.0,2.0,0.0,1.0
1.0,0.0,1.0,1.0,1.0,1.0,1.0,1.0,0.0,1.0,4.0,2.0,26.529733006008254,1.0
1.0,0.0,1.0,1.0,1.0,1.0,1.0,1.0,0.0,1.0,2.0,2.0,168.3049640619786,0.0
1.0,0.0,1.0,1.0,1.0,2.0,0.0,0.0,0.0,2.0,2.0,2.0,106.10871739327338,1.0
1.0,1.0,1.0,1.0,1.0,2.0,1.0,1.0,1.0,1.0,2.0,2.0,93.68872937552615,1.0
0.0,0.0,1.0,3.0,1.0,3.0,1.0,0.0,0.0,1.0,4.0,2.0,570.1560400185728,1.0
0.0,0.0,0.0,3.0,1.0,1.0,1.0,0.0,0.0,1.0,2.0,1.0,19.979633408662764,1.0
1.0,0.0,1.0,1.0,3.0,3.0,1.0,0.0,0.0,1.0,2.0,2.0,265.67023786445054,1.0
1.0,0.0,1.0,1.0,1.0,3.0,0.0,0.0,0.0,3.0,2.0,2.0,0.0,1.0
0.0,0.0,1.0,1.0,1.0,1.0,1.0,1.0,0.0,1.0,2.0,2.0,0.0,1.0
0.0,0.0,1.0,1.0,1.0,1.0,1.0,1.0,0.0,1.0,2.0,2.0,168.3049640619786,0.0
0.0,0.0,1.0,1.0,1.0,2.0,1.0,0.0,0.0,2.0,1.0,2.0,312.93229935289105,1.0
1.0,1.0,1.0,2.0,1.0,1.0,1.0,1.0,1.0,2.0,2.0,2.0,77.8073060714671,0.0
1.0,1.0,1.0,1.0,1.0,2.0,0.0,0.0,0.0,3.0,2.0,2.0,198.049380051091,0.0
0.0,0.0,1.0,1.0,2.0,1.0,0.0,0.0,0.0,3.0,2.0,2.0,104.84275382488362,1.0
1.0,0.0,1.0,1.0,1.0,1.0,1.0,0.0,0.0,3.0,1.0,2.0,0.0,1.0
0.0,0.0,1.0,2.0,3.0,2.0,1.0,0.0,0.0,2.0,2.0,2.0,300.8024050130265,0.0
0.0,0.0,1.0,1.0,2.0,3.0,0.0,0.0,0.0,3.0,1.0,2.0,37.89316854129892,0.0
0.0,0.0,1.0,1.0,1.0,1.0,0.0,0.0,0.0,3.0,2.0,2.0,0.0,1.0
1.0,0.0,1.0,2.0,1.0,1.0,1.0,0.0,0.0,1.0,3.0,2.0,59.72194520940571,1.0
0.0,0.0,1.0,3.0,1.0,2.0,1.0,0.0,0.0,3.0,1.0,2.0,260.30449017064564,0.0
1.0,0.0,1.0,1.0,1.0,1.0,1.0,1.0,0.0,3.0,2.0,2.0,27.28308134973522,1.0
1.0,0.0,1.0,1.0,1.0,2.0,1.0,1.0,0.0,1.0,2.0,2.0,316.6804874427108,1.0
1.0,1.0,1.0,1.0,1.0,3.0,1.0,0.0,1.0,3.0,2.0,2.0,238.90485992062574,1.0
0.0,0.0,0.0,2.0,1.0,2.0,1.0,0.0,1.0,3.0,4.0,1.0,50.82544628891067,1.0
0.0,0.0,1.0,1.0,2.0,2.0,1.0,0.0,0.0,3.0,1.0,2.0,197.18968884386894,0.0
0.0,0.0,1.0,1.0,3.0,2.0,0.0,0.0,0.0,2.0,2.0,2.0,367.829696234964,0.0
1.0,0.0,1.0,1.0,3.0,2.0,0.0,0.0,0.0,3.0,1.0,2.0,521.9819219712049,0.0
0.0,0.0,1.0,1.0,1.0,1.0,0.0,0.0,0.0,2.0,2.0,2.0,134.54198470504872,1.0
1.0,0.0,1.0,1.0,1.0,1.0,1.0,1.0,0.0,1.0,2.0,2.0,0.0,1.0
0.0,0.0,1.0,1.0,3.0,2.0,0.0,1.0,0.0,2.0,3.0,2.0,152.21001339093212,1.0
0.0,0.0,1.0,1.0,1.0,1.0,1.0,0.0,0.0,2.0,2.0,2.0,0.0,0.0
1.0,0.0,1.0,1.0,1.0,2.0,1.0,0.0,0.0,2.0,2.0,2.0,0.0,1.0
0.0,0.0,1.0,3.0,1.0,3.0,1.0,0.0,0.0,2.0,2.0,2.0,131.36298427650294,1.0
1.0,0.0,1.0,1.0,1.0,2.0,1.0,0.0,0.0,2.0,2.0,2.0,30.0,0.0
0.0,0.0,1.0,1.0,3.0,3.0,1.0,0.0,0.0,2.0,2.0,2.0,0.0,1.0
0.0,0.0,1.0,1.0,1.0,1.0,0.0,0.0,0.0,3.0,3.0,2.0,234.21977611212625,1.0
1.0,1.0,1.0,1.0,1.0,3.0,0.0,1.0,1.0,2.0,4.0,2.0,42.26460913370969,1.0
1.0,1.0,1.0,1.0,1.0,2.0,0.0,0.0,0.0,2.0,4.0,2.0,275.99096098560244,0.0
1.0,0.0,1.0,1.0,1.0,1.0,1.0,0.0,0.0,2.0,1.0,2.0,46.66728743146166,0.0
0.0,0.0,1.0,1.0,1.0,1.0,0.0,0.0,0.0,3.0,1.0,2.0,217.69552875430483,1.0
1.0,0.0,1.0,3.0,1.0,3.0,1.0,1.0,1.0,1.0,2.0,2.0,79.38387019963417,1.0
1.0,1.0,1.0,2.0,1.0,3.0,1.0,1.0,1.0,1.0,2.0,2.0,0.0,0.0
1.0,0.0,1.0,1.0,3.0,3.0,1.0,0.0,0.0,3.0,1.0,2.0,11.307155170836621,0.0
0.0,0.0,1.0,2.0,3.0,2.0,1.0,0.0,0.0,3.0,1.0,2.0,30.0,0.0
0.0,0.0,1.0,1.0,3.0,1.0,0.0,1.0,0.0,2.0,2.0,2.0,1135.3428968566266,1.0
1.0,0.0,1.0,1.0,3.0,2.0,1.0,1.0,1.0,2.0,2.0,2.0,521.9819219712049,0.0
0.0,0.0,1.0,1.0,1.0,2.0,1.0,0.0,0.0,2.0,3.0,2.0,257.2580855331911,1.0
1.0,1.0,1.0,1.0,3.0,3.0,1.0,1.0,1.0,1.0,2.0,2.0,0.0,1.0
1.0,0.0,1.0,1.0,3.0,3.0,1.0,0.0,1.0,1.0,2.0,2.0,0.0,1.0
0.0,0.0,1.0,1.0,1.0,2.0,1.0,0.0,0.0,3.0,2.0,2.0,260.4746080618951,0.0
1.0,1.0,1.0,1.0,1.0,1.0,1.0,1.0,1.0,2.0,4.0,2.0,0.0,0.0
1.0,0.0,1.0,1.0,3.0,3.0,0.0,1.0,1.0,2.0,3.0,2.0,478.7362548412106,1.0
1.0,0.0,1.0,2.0,1.0,2.0,0.0,1.0,0.0,2.0,1.0,2.0,470.39421127034876,1.0
0.0,0.0,1.0,3.0,2.0,2.0,1.0,0.0,0.0,3.0,1.0,2.0,283.99925745306945,0.0
1.0,1.0,1.0,1.0,1.0,3.0,1.0,1.0,1.0,1.0,2.0,2.0,420.0768718369517,0.0
0.0,1.0,1.0,2.0,1.0,2.0,1.0,1.0,0.0,1.0,2.0,2.0,2.2177463888188402,1.0
0.0,0.0,1.0,1.0,1.0,1.0,1.0,1.0,0.0,1.0,3.0,2.0,33.80466276242623,0.0
1.0,1.0,1.0,3.0,1.0,3.0,1.0,1.0,1.0,1.0,2.0,2.0,0.0,1.0
0.0,1.0,1.0,3.0,1.0,2.0,1.0,1.0,1.0,1.0,2.0,2.0,30.0,0.0
0.0,0.0,1.0,1.0,3.0,3.0,1.0,1.0,0.0,1.0,2.0,2.0,0.0,1.0
1.0,1.0,0.0,1.0,1.0,1.0,0.0,0.0,0.0,3.0,2.0,1.0,0.0,0.0
1.0,0.0,1.0,1.0,2.0,2.0,0.0,0.0,0.0,2.0,2.0,2.0,243.32055635777266,1.0
0.0,0.0,1.0,1.0,1.0,1.0,0.0,0.0,0.0,2.0,2.0,2.0,240.05674284692455,1.0
0.0,0.0,1.0,2.0,1.0,3.0,0.0,0.0,0.0,3.0,3.0,2.0,92.38715377688114,1.0
1.0,1.0,1.0,1.0,1.0,1.0,0.0,0.0,1.0,2.0,2.0,2.0,153.20590925554825,1.0
0.0,0.0,1.0,1.0,1.0,1.0,0.0,0.0,0.0,2.0,2.0,2.0,0.0,0.0
0.0,0.0,1.0,1.0,1.0,1.0,0.0,0.0,0.0,3.0,1.0,2.0,130.14810597562445,1.0
1.0,0.0,1.0,1.0,1.0,1.0,1.0,0.0,0.0,1.0,2.0,2.0,395.5250816924271,1.0
1.0,0.0,1.0,2.0,1.0,1.0,1.0,0.0,0.0,3.0,1.0,2.0,297.37786074752427,0.0
1.0,0.0,1.0,1.0,1.0,1.0,0.0,0.0,0.0,3.0,2.0,2.0,164.3523062902754,1.0
0.0,0.0,1.0,1.0,1.0,1.0,1.0,0.0,0.0,2.0,2.0,2.0,131.67085884898592,0.0
0.0,0.0,1.0,2.0,1.0,1.0,0.0,0.0,0.0,2.0,2.0,2.0,118.70242290014855,1.0
1.0,0.0,1.0,1.0,1.0,2.0,1.0,0.0,1.0,2.0,2.0,2.0,240.9469894391548,0.0
1.0,0.0,1.0,1.0,2.0,2.0,1.0,0.0,0.0,3.0,1.0,2.0,322.2729274405255,0.0
0.0,0.0,1.0,2.0,1.0,2.0,0.0,0.0,0.0,3.0,6.0,2.0,431.89010581780695,1.0
0.0,0.0,1.0,1.0,3.0,3.0,1.0,0.0,0.0,1.0,5.0,2.0,58.27393077526641,0.0
0.0,0.0,1.0,3.0,1.0,1.0,1.0,0.0,0.0,1.0,3.0,2.0,734.1398343741726,0.0
0.0,0.0,0.0,2.0,1.0,1.0,1.0,0.0,0.0,1.0,1.0,1.0,232.4714940891596,1.0
0.0,0.0,0.0,1.0,1.0,1.0,0.0,1.0,0.0,2.0,1.0,1.0,38.97583049962174,1.0
1.0,0.0,1.0,2.0,1.0,1.0,0.0,1.0,0.0,2.0,1.0,2.0,0.0,1.0
0.0,1.0,0.0,1.0,3.0,3.0,1.0,0.0,0.0,1.0,1.0,1.0,378.3468316382207,0.0
1.0,1.0,1.0,1.0,3.0,2.0,1.0,1.0,1.0,1.0,2.0,2.0,0.0,1.0
0.0,1.0,1.0,2.0,1.0,3.0,1.0,1.0,0.0,1.0,2.0,2.0,297.02500831822607,0.0
0.0,0.0,1.0,3.0,1.0,2.0,1.0,1.0,0.0,1.0,2.0,2.0,0.0,1.0
0.0,0.0,1.0,1.0,3.0,2.0,1.0,1.0,0.0,3.0,1.0,2.0,408.4476322855421,0.0
0.0,0.0,1.0,1.0,1.0,1.0,1.0,0.0,0.0,3.0,1.0,2.0,251.4048797815065,0.0
0.0,0.0,1.0,1.0,1.0,1.0,1.0,1.0,0.0,2.0,3.0,2.0,251.634799752888,0.0
1.0,0.0,1.0,1.0,1.0,1.0,1.0,0.0,0.0,2.0,3.0,2.0,0.0,0.0
0.0,0.0,1.0,1.0,1.0,1.0,1.0,1.0,0.0,1.0,2.0,2.0,0.0,1.0
0.0,0.0,1.0,1.0,1.0,1.0,1.0,1.0,0.0,1.0,1.0,2.0,160.29445022017103,0.0
0.0,0.0,1.0,3.0,1.0,2.0,1.0,1.0,0.0,1.0,2.0,2.0,246.05106856223222,0.0
1.0,0.0,1.0,1.0,1.0,1.0,0.0,1.0,0.0,2.0,2.0,2.0,123.50048123486604,1.0
1.0,0.0,1.0,1.0,1.0,2.0,1.0,0.0,0.0,2.0,3.0,2.0,116.25813933215653,1.0
0.0,0.0,1.0,1.0,1.0,1.0,1.0,0.0,0.0,1.0,3.0,2.0,49.99271602475817,0.0
1.0,0.0,1.0,1.0,1.0,1.0,1.0,1.0,0.0,1.0,3.0,2.0,219.6194114978809,1.0
0.0,1.0,1.0,1.0,3.0,3.0,1.0,1.0,0.0,1.0,3.0,2.0,302.4065373183624,0.0
0.0,0.0,1.0,1.0,1.0,1.0,1.0,1.0,0.0,1.0,2.0,2.0,110.9133462594009,1.0
1.0,1.0,1.0,1.0,3.0,3.0,1.0,1.0,1.0,1.0,2.0,2.0,483.2776264286371,1.0
0.0,0.0,1.0,2.0,1.0,1.0,1.0,0.0,0.0,3.0,1.0,2.0,395.20153995157114,1.0
1.0,0.0,1.0,1.0,1.0,2.0,0.0,0.0,0.0,3.0,2.0,2.0,0.0,1.0
0.0,0.0,1.0,1.0,1.0,1.0,1.0,0.0,0.0,3.0,2.0,2.0,163.7223022445169,1.0
0.0,0.0,1.0,1.0,1.0,2.0,0.0,0.0,0.0,3.0,1.0,2.0,0.0,1.0
1.0,0.0,1.0,1.0,3.0,2.0,0.0,0.0,0.0,3.0,3.0,2.0,279.7754373084578,0.0
0.0,1.0,1.0,1.0,1.0,3.0,1.0,0.0,0.0,3.0,3.0,2.0,210.45090350738943,1.0
1.0,0.0,1.0,1.0,3.0,3.0,0.0,0.0,0.0,3.0,2.0,2.0,378.4476322855421,1.0
1.0,0.0,1.0,1.0,1.0,1.0,1.0,0.0,0.0,1.0,2.0,2.0,0.0,1.0
0.0,0.0,1.0,1.0,1.0,2.0,0.0,1.0,0.0,2.0,3.0,2.0,254.85186526928027,0.0
1.0,1.0,1.0,1.0,1.0,1.0,1.0,1.0,1.0,3.0,3.0,2.0,181.59886401429102,1.0
0.0,0.0,1.0,1.0,1.0,1.0,0.0,0.0,0.0,3.0,1.0,2.0,606.6690046604789,1.0
1.0,0.0,1.0,1.0,1.0,1.0,0.0,0.0,0.0,3.0,2.0,2.0,340.60286905698786,0.0
1.0,0.0,1.0,1.0,1.0,1.0,1.0,0.0,0.0,1.0,5.0,2.0,0.0,1.0
0.0,1.0,1.0,2.0,2.0,3.0,0.0,0.0,0.0,3.0,1.0,2.0,354.7946552676958,1.0
1.0,1.0,1.0,1.0,1.0,2.0,1.0,1.0,1.0,1.0,2.0,2.0,80.96523374917213,1.0
0.0,1.0,1.0,1.0,1.0,2.0,0.0,0.0,0.0,3.0,2.0,2.0,491.003724877686,1.0
1.0,1.0,1.0,1.0,1.0,2.0,0.0,1.0,0.0,3.0,2.0,2.0,30.0,0.0
1.0,1.0,1.0,2.0,1.0,2.0,1.0,1.0,0.0,1.0,2.0,2.0,422.367026693796,1.0
1.0,0.0,1.0,1.0,1.0,2.0,1.0,1.0,1.0,1.0,3.0,2.0,0.0,1.0
1.0,1.0,1.0,2.0,1.0,2.0,1.0,0.0,0.0,2.0,2.0,2.0,78.46073770278252,1.0
0.0,0.0,1.0,1.0,1.0,1.0,1.0,1.0,0.0,1.0,2.0,2.0,28.383572421415664,0.0
0.0,0.0,1.0,1.0,2.0,3.0,1.0,1.0,1.0,1.0,3.0,2.0,595.8962598301976,0.0
0.0,0.0,1.0,1.0,1.0,3.0,1.0,0.0,1.0,1.0,2.0,2.0,0.0,1.0
1.0,0.0,1.0,1.0,1.0,1.0,1.0,1.0,0.0,1.0,2.0,2.0,129.8236617807458,1.0
0.0,0.0,1.0,1.0,1.0,2.0,0.0,0.0,0.0,3.0,3.0,2.0,248.22179673992835,0.0
0.0,0.0,1.0,1.0,1.0,1.0,0.0,0.0,0.0,3.0,2.0,2.0,180.90021393512615,1.0
0.0,0.0,1.0,2.0,1.0,1.0,1.0,1.0,0.0,1.0,3.0,2.0,0.0,0.0
0.0,0.0,1.0,1.0,3.0,2.0,0.0,0.0,0.0,3.0,1.0,2.0,0.0,1.0
1.0,0.0,1.0,1.0,1.0,2.0,1.0,0.0,0.0,3.0,2.0,2.0,240.9469894391548,0.0
0.0,0.0,1.0,1.0,1.0,2.0,1.0,0.0,0.0,3.0,1.0,2.0,370.51214847439866,0.0
1.0,0.0,1.0,2.0,1.0,1.0,1.0,0.0,0.0,3.0,1.0,2.0,293.0679610477765,1.0
1.0,0.0,1.0,1.0,2.0,1.0,1.0,0.0,0.0,3.0,1.0,2.0,38.17037032143267,0.0
1.0,0.0,0.0,1.0,3.0,2.0,1.0,0.0,0.0,2.0,1.0,1.0,0.0,1.0
0.0,0.0,1.0,1.0,1.0,1.0,1.0,0.0,0.0,2.0,1.0,2.0,168.3049640619786,0.0
1.0,1.0,1.0,1.0,1.0,3.0,1.0,0.0,0.0,1.0,2.0,2.0,322.77838762317964,0.0
0.0,0.0,1.0,1.0,3.0,3.0,1.0,1.0,0.0,3.0,2.0,2.0,114.01970780860634,0.0
0.0,0.0,1.0,1.0,1.0,1.0,0.0,1.0,0.0,3.0,2.0,2.0,0.0,0.0
1.0,0.0,1.0,1.0,1.0,2.0,1.0,1.0,0.0,2.0,3.0,2.0,133.5724041063531,1.0
1.0,1.0,1.0,1.0,3.0,3.0,1.0,1.0,1.0,2.0,3.0,2.0,264.8427821467545,1.0
0.0,0.0,1.0,2.0,1.0,1.0,0.0,0.0,0.0,3.0,3.0,2.0,520.2268935025534,0.0
0.0,0.0,1.0,2.0,1.0,2.0,1.0,1.0,1.0,1.0,3.0,2.0,259.3376135234375,1.0
0.0,0.0,1.0,2.0,1.0,2.0,1.0,1.0,1.0,1.0,3.0,2.0,139.7364415255143,0.0
1.0,0.0,1.0,1.0,3.0,3.0,0.0,0.0,0.0,3.0,2.0,2.0,323.4865410506787,1.0
0.0,0.0,1.0,1.0,1.0,2.0,1.0,0.0,0.0,2.0,2.0,2.0,101.01277671004796,0.0
0.0,0.0,1.0,1.0,1.0,1.0,0.0,1.0,1.0,2.0,2.0,2.0,0.0,1.0
0.0,0.0,1.0,1.0,1.0,1.0,0.0,0.0,0.0,3.0,2.0,2.0,234.21977611212625,1.0
1.0,0.0,1.0,1.0,3.0,2.0,1.0,0.0,0.0,3.0,2.0,2.0,247.54942819197692,0.0
0.0,0.0,1.0,1.0,2.0,2.0,1.0,1.0,0.0,2.0,1.0,2.0,103.26619583228262,1.0
0.0,0.0,1.0,1.0,1.0,1.0,0.0,0.0,0.0,2.0,2.0,2.0,224.91831360124732,1.0
0.0,0.0,1.0,2.0,1.0,1.0,0.0,0.0,0.0,2.0,2.0,2.0,0.0,0.0
1.0,1.0,1.0,1.0,1.0,1.0,0.0,0.0,0.0,3.0,2.0,2.0,36.111066898437215,1.0
1.0,0.0,1.0,1.0,1.0,1.0,1.0,0.0,0.0,3.0,5.0,2.0,300.947935651806,1.0
1.0,0.0,1.0,1.0,3.0,1.0,0.0,0.0,0.0,3.0,3.0,2.0,0.0,1.0
0.0,0.0,0.0,1.0,3.0,3.0,1.0,0.0,0.0,1.0,5.0,1.0,416.1815148020428,1.0
0.0,0.0,1.0,3.0,1.0,2.0,0.0,0.0,0.0,2.0,1.0,2.0,38.028751547512236,1.0
1.0,1.0,1.0,1.0,1.0,1.0,1.0,1.0,1.0,1.0,2.0,2.0,74.10028874091962,0.0
1.0,0.0,1.0,1.0,1.0,1.0,1.0,0.0,0.0,2.0,2.0,2.0,85.18788750067203,1.0
1.0,1.0,1.0,1.0,1.0,1.0,1.0,1.0,0.0,1.0,2.0,2.0,44.05041073742899,0.0
1.0,1.0,1.0,1.0,3.0,3.0,1.0,1.0,1.0,1.0,2.0,2.0,480.7511022932331,1.0
1.0,0.0,1.0,1.0,1.0,3.0,1.0,0.0,0.0,2.0,2.0,2.0,340.0430831585545,1.0
1.0,0.0,1.0,1.0,3.0,3.0,1.0,0.0,0.0,2.0,3.0,2.0,264.11092744314044,1.0
0.0,0.0,1.0,1.0,1.0,1.0,1.0,0.0,0.0,3.0,2.0,2.0,95.2704591818651,0.0
1.0,0.0,1.0,1.0,2.0,3.0,1.0,1.0,0.0,1.0,3.0,2.0,0.0,0.0
1.0,0.0,1.0,1.0,1.0,1.0,0.0,0.0,0.0,3.0,1.0,2.0,311.798512994392,1.0
0.0,0.0,1.0,1.0,3.0,3.0,1.0,0.0,1.0,2.0,3.0,2.0,584.7088684295971,1.0
0.0,0.0,1.0,1.0,3.0,2.0,0.0,0.0,0.0,3.0,1.0,2.0,351.5948068924876,0.0
0.0,0.0,1.0,1.0,1.0,3.0,0.0,0.0,0.0,2.0,3.0,2.0,57.16455139944522,1.0
1.0,0.0,1.0,1.0,1.0,2.0,0.0,0.0,0.0,2.0,3.0,2.0,0.0,1.0
1.0,0.0,1.0,1.0,1.0,1.0,0.0,0.0,0.0,3.0,1.0,2.0,0.0,0.0
0.0,0.0,1.0,1.0,1.0,1.0,0.0,0.0,0.0,2.0,3.0,2.0,35.413315101964926,0.0
1.0,0.0,1.0,1.0,3.0,3.0,1.0,0.0,0.0,1.0,1.0,2.0,350.46436443707614,1.0
0.0,0.0,1.0,1.0,1.0,2.0,0.0,0.0,0.0,2.0,3.0,2.0,335.51214847439866,1.0
0.0,1.0,1.0,2.0,1.0,1.0,1.0,1.0,0.0,3.0,1.0,2.0,460.8923246694014,0.0
0.0,0.0,1.0,1.0,1.0,2.0,1.0,1.0,0.0,1.0,2.0,2.0,746.2434147420613,0.0
0.0,0.0,1.0,1.0,1.0,1.0,0.0,0.0,0.0,3.0,3.0,2.0,102.01931193051578,0.0
1.0,0.0,1.0,1.0,1.0,2.0,1.0,1.0,1.0,1.0,2.0,2.0,500.6605404844821,1.0
0.0,0.0,1.0,2.0,1.0,2.0,1.0,0.0,0.0,1.0,1.0,2.0,141.37094072280416,1.0
0.0,0.0,1.0,1.0,1.0,1.0,1.0,0.0,0.0,1.0,2.0,2.0,20.32802564824195,1.0
1.0,0.0,1.0,1.0,2.0,1.0,1.0,0.0,0.0,3.0,1.0,2.0,0.0,1.0
1.0,0.0,1.0,1.0,3.0,2.0,1.0,0.0,0.0,3.0,2.0,2.0,131.96584337751662,1.0
1.0,1.0,1.0,1.0,1.0,3.0,0.0,0.0,1.0,3.0,1.0,2.0,285.8041823663806,1.0
0.0,0.0,1.0,1.0,1.0,1.0,1.0,0.0,0.0,3.0,1.0,2.0,435.0847652953592,0.0
0.0,0.0,0.0,1.0,1.0,2.0,0.0,0.0,0.0,2.0,2.0,1.0,356.79415775404846,1.0
1.0,0.0,1.0,1.0,1.0,2.0,0.0,0.0,0.0,3.0,2.0,2.0,233.35850393207903,1.0
0.0,0.0,1.0,1.0,1.0,2.0,0.0,0.0,0.0,3.0,2.0,2.0,183.6937009159763,0.0
1.0,0.0,1.0,1.0,1.0,1.0,0.0,0.0,0.0,3.0,1.0,2.0,0.0,1.0
1.0,0.0,1.0,1.0,1.0,2.0,0.0,0.0,0.0,3.0,1.0,2.0,30.0,0.0
0.0,0.0,1.0,2.0,1.0,1.0,0.0,0.0,0.0,2.0,1.0,2.0,279.3912226704875,1.0
1.0,0.0,0.0,1.0,3.0,2.0,1.0,0.0,0.0,3.0,2.0,1.0,70.66936632764413,1.0
1.0,1.0,1.0,2.0,1.0,3.0,1.0,1.0,1.0,1.0,2.0,2.0,128.53503889750888,1.0
1.0,0.0,1.0,1.0,1.0,2.0,1.0,0.0,0.0,2.0,2.0,2.0,366.3565899451358,1.0
0.0,0.0,1.0,3.0,1.0,1.0,1.0,0.0,0.0,3.0,1.0,2.0,320.45937191504987,1.0
0.0,0.0,0.0,2.0,1.0,1.0,1.0,0.0,0.0,3.0,1.0,1.0,417.67971692793265,0.0
1.0,0.0,1.0,1.0,1.0,1.0,0.0,0.0,0.0,3.0,2.0,2.0,55.32821559321996,1.0
0.0,0.0,1.0,1.0,1.0,3.0,1.0,0.0,0.0,2.0,1.0,2.0,218.44508394748817,0.0
0.0,0.0,1.0,1.0,1.0,1.0,1.0,1.0,0.0,1.0,1.0,2.0,0.0,1.0
0.0,1.0,1.0,1.0,2.0,3.0,1.0,0.0,0.0,2.0,3.0,2.0,312.38826372291936,1.0
0.0,0.0,1.0,1.0,1.0,1.0,0.0,0.0,0.0,3.0,3.0,2.0,168.21186859891944,0.0
0.0,0.0,1.0,2.0,1.0,1.0,1.0,0.0,0.0,3.0,2.0,2.0,0.0,0.0
1.0,0.0,1.0,1.0,3.0,2.0,1.0,0.0,0.0,3.0,2.0,2.0,30.0,0.0
0.0,0.0,1.0,1.0,1.0,2.0,1.0,0.0,0.0,3.0,1.0,2.0,567.9116898081759,1.0
0.0,0.0,1.0,1.0,1.0,1.0,0.0,0.0,0.0,3.0,2.0,2.0,168.3049640619786,0.0
0.0,0.0,1.0,1.0,1.0,3.0,0.0,0.0,0.0,2.0,2.0,2.0,243.66603760904468,0.0
0.0,0.0,1.0,1.0,1.0,1.0,1.0,0.0,0.0,3.0,2.0,2.0,61.82990778307701,1.0
0.0,0.0,1.0,1.0,1.0,1.0,1.0,0.0,0.0,1.0,1.0,2.0,392.9501102436293,1.0
0.0,0.0,1.0,1.0,3.0,2.0,0.0,0.0,0.0,2.0,3.0,2.0,393.88259401711736,0.0
1.0,0.0,1.0,1.0,3.0,2.0,1.0,1.0,0.0,1.0,2.0,2.0,30.0,0.0
0.0,0.0,1.0,1.0,3.0,3.0,1.0,1.0,0.0,1.0,5.0,2.0,297.02500831822607,0.0
1.0,0.0,1.0,1.0,1.0,1.0,1.0,1.0,0.0,1.0,2.0,2.0,61.48136014121088,1.0
1.0,0.0,1.0,1.0,1.0,1.0,1.0,0.0,0.0,1.0,2.0,2.0,176.33406454962676,1.0
0.0,0.0,1.0,1.0,1.0,1.0,1.0,0.0,0.0,1.0,2.0,2.0,316.62483094901114,0.0
0.0,0.0,1.0,1.0,1.0,3.0,1.0,1.0,1.0,3.0,2.0,2.0,40.46700808324485,1.0
0.0,0.0,1.0,1.0,3.0,3.0,1.0,0.0,0.0,2.0,2.0,2.0,245.02999480688965,1.0
0.0,1.0,1.0,2.0,1.0,2.0,0.0,0.0,1.0,3.0,2.0,2.0,0.0,1.0
1.0,1.0,1.0,1.0,1.0,3.0,0.0,0.0,1.0,3.0,1.0,2.0,0.0,1.0
0.0,0.0,1.0,1.0,1.0,1.0,1.0,0.0,0.0,2.0,2.0,2.0,0.0,0.0
0.0,0.0,1.0,1.0,1.0,3.0,1.0,0.0,0.0,2.0,2.0,2.0,485.5485043645425,1.0
1.0,1.0,1.0,1.0,1.0,2.0,1.0,0.0,0.0,2.0,3.0,2.0,36.862929055149266,1.0
0.0,1.0,1.0,1.0,1.0,1.0,1.0,0.0,0.0,2.0,3.0,2.0,108.24131066451366,0.0
0.0,0.0,1.0,1.0,3.0,3.0,1.0,0.0,0.0,1.0,1.0,2.0,227.0080989829325,1.0
1.0,1.0,0.0,1.0,3.0,2.0,1.0,1.0,1.0,1.0,2.0,1.0,50.418746230831175,0.0
1.0,1.0,1.0,1.0,3.0,3.0,1.0,1.0,1.0,1.0,2.0,2.0,238.90485992062574,1.0
1.0,0.0,1.0,1.0,3.0,3.0,1.0,1.0,1.0,1.0,2.0,2.0,116.0675819012861,1.0
1.0,0.0,1.0,2.0,1.0,2.0,1.0,1.0,1.0,1.0,2.0,2.0,498.23569862386455,0.0
0.0,0.0,1.0,2.0,1.0,1.0,1.0,1.0,0.0,1.0,2.0,2.0,64.80818052319684,0.0
0.0,0.0,1.0,2.0,1.0,1.0,1.0,0.0,0.0,3.0,1.0,2.0,320.45937191504987,1.0
0.0,0.0,1.0,1.0,1.0,2.0,1.0,0.0,0.0,1.0,3.0,2.0,296.0365042701925,1.0
1.0,1.0,1.0,1.0,3.0,3.0,1.0,1.0,1.0,1.0,2.0,2.0,0.0,1.0
0.0,0.0,1.0,1.0,2.0,3.0,1.0,1.0,0.0,1.0,1.0,2.0,320.7520714768201,0.0
1.0,1.0,1.0,1.0,1.0,1.0,1.0,1.0,1.0,1.0,2.0,2.0,245.9254405648435,1.0
1.0,1.0,1.0,1.0,3.0,2.0,1.0,1.0,1.0,1.0,2.0,2.0,54.15120521926269,0.0
0.0,0.0,1.0,1.0,1.0,2.0,1.0,0.0,0.0,3.0,1.0,2.0,127.68623385552402,1.0
0.0,0.0,1.0,1.0,3.0,3.0,1.0,0.0,0.0,3.0,1.0,2.0,208.09913121000915,0.0
1.0,0.0,1.0,1.0,1.0,3.0,1.0,1.0,0.0,1.0,2.0,2.0,0.0,0.0
1.0,0.0,1.0,1.0,3.0,2.0,0.0,0.0,0.0,3.0,2.0,2.0,10.808061598062851,1.0
0.0,0.0,1.0,2.0,1.0,1.0,0.0,0.0,0.0,3.0,1.0,2.0,321.5948068924876,1.0
0.0,0.0,1.0,1.0,1.0,3.0,0.0,0.0,0.0,3.0,2.0,2.0,292.67015286225376,1.0
0.0,1.0,1.0,1.0,3.0,3.0,1.0,1.0,0.0,2.0,2.0,2.0,150.2781050893189,1.0
0.0,0.0,1.0,1.0,3.0,2.0,1.0,0.0,0.0,3.0,1.0,2.0,103.96746499261548,0.0
0.0,0.0,1.0,1.0,1.0,3.0,1.0,1.0,0.0,1.0,3.0,2.0,500.17695688379274,0.0
0.0,0.0,1.0,1.0,1.0,2.0,1.0,0.0,0.0,1.0,3.0,2.0,0.0,1.0
0.0,0.0,1.0,3.0,1.0,1.0,1.0,1.0,0.0,1.0,3.0,2.0,182.8044948888592,0.0
1.0,0.0,1.0,1.0,1.0,1.0,1.0,0.0,0.0,1.0,2.0,2.0,0.0,0.0
1.0,0.0,1.0,1.0,3.0,2.0,1.0,0.0,0.0,1.0,3.0,2.0,0.0,1.0
1.0,0.0,1.0,1.0,1.0,1.0,1.0,0.0,0.0,1.0,3.0,2.0,0.0,0.0
1.0,0.0,1.0,1.0,1.0,1.0,0.0,0.0,0.0,3.0,1.0,2.0,0.0,0.0
0.0,0.0,1.0,1.0,1.0,2.0,0.0,0.0,0.0,3.0,1.0,2.0,226.60054761801308,0.0
0.0,0.0,1.0,1.0,3.0,2.0,0.0,0.0,0.0,3.0,1.0,2.0,562.5202474573312,1.0
0.0,0.0,1.0,1.0,1.0,2.0,1.0,0.0,0.0,2.0,1.0,2.0,96.08267067785047,1.0
1.0,0.0,1.0,1.0,1.0,2.0,0.0,1.0,0.0,3.0,2.0,2.0,393.3065349766549,0.0
0.0,0.0,1.0,3.0,1.0,1.0,1.0,0.0,0.0,2.0,2.0,2.0,213.59631028594984,1.0
1.0,0.0,1.0,1.0,1.0,1.0,1.0,1.0,0.0,2.0,2.0,2.0,8.300408347141667,1.0
1.0,0.0,1.0,1.0,1.0,1.0,1.0,1.0,0.0,1.0,2.0,2.0,0.0,1.0
1.0,1.0,1.0,2.0,1.0,2.0,1.0,1.0,1.0,1.0,3.0,2.0,314.27021700817255,0.0
1.0,1.0,1.0,1.0,1.0,3.0,1.0,0.0,1.0,1.0,3.0,2.0,454.016197965865,1.0
0.0,0.0,1.0,2.0,1.0,1.0,1.0,0.0,0.0,2.0,2.0,2.0,283.7601237286656,1.0
0.0,0.0,1.0,1.0,1.0,1.0,1.0,0.0,0.0,2.0,1.0,2.0,99.89816704331386,0.0
1.0,0.0,1.0,1.0,1.0,1.0,1.0,0.0,0.0,3.0,1.0,2.0,43.86050389302782,1.0
1.0,1.0,1.0,1.0,3.0,2.0,1.0,1.0,1.0,2.0,2.0,2.0,53.457675763661236,0.0
0.0,0.0,1.0,2.0,1.0,1.0,1.0,1.0,0.0,1.0,2.0,2.0,76.57923917483379,0.0
1.0,0.0,0.0,3.0,1.0,1.0,1.0,1.0,0.0,1.0,2.0,1.0,46.511742057817685,1.0
1.0,0.0,1.0,1.0,3.0,2.0,1.0,0.0,0.0,2.0,3.0,2.0,413.073248960234,1.0
0.0,0.0,1.0,3.0,1.0,2.0,1.0,0.0,0.0,3.0,1.0,2.0,29.618554493813235,1.0
0.0,0.0,1.0,1.0,1.0,2.0,0.0,0.0,0.0,3.0,3.0,2.0,289.949612961595,0.0
0.0,0.0,1.0,2.0,1.0,1.0,1.0,0.0,0.0,2.0,2.0,2.0,116.24611476230123,1.0
0.0,0.0,1.0,1.0,1.0,3.0,1.0,0.0,0.0,1.0,2.0,2.0,402.11273916634866,1.0
0.0,0.0,1.0,2.0,1.0,3.0,1.0,0.0,0.0,1.0,3.0,2.0,255.8387642792792,0.0
1.0,0.0,1.0,1.0,1.0,3.0,1.0,0.0,1.0,2.0,1.0,2.0,233.04690041936976,1.0
0.0,0.0,1.0,3.0,1.0,1.0,1.0,1.0,0.0,1.0,2.0,2.0,148.29742880012742,0.0
0.0,0.0,1.0,1.0,3.0,3.0,1.0,0.0,0.0,3.0,1.0,2.0,420.24165437362484,1.0
0.0,0.0,1.0,1.0,1.0,2.0,1.0,0.0,0.0,3.0,1.0,2.0,260.6507298931793,0.0
1.0,1.0,1.0,1.0,3.0,3.0,1.0,1.0,1.0,3.0,1.0,2.0,223.82998559717137,1.0
1.0,0.0,1.0,1.0,1.0,1.0,1.0,0.0,0.0,3.0,1.0,2.0,0.0,1.0
0.0,0.0,1.0,1.0,1.0,1.0,1.0,0.0,0.0,1.0,3.0,2.0,0.0,0.0
1.0,0.0,1.0,1.0,1.0,1.0,1.0,0.0,0.0,1.0,2.0,2.0,0.0,1.0
1.0,0.0,1.0,2.0,1.0,1.0,1.0,0.0,0.0,1.0,3.0,2.0,168.3049640619786,0.0
0.0,0.0,1.0,1.0,1.0,1.0,1.0,1.0,0.0,1.0,2.0,2.0,82.2823088325348,1.0
1.0,0.0,1.0,1.0,2.0,3.0,1.0,1.0,1.0,1.0,2.0,2.0,0.0,0.0
1.0,1.0,1.0,1.0,1.0,1.0,1.0,1.0,0.0,1.0,2.0,2.0,95.05771994074414,0.0
1.0,0.0,1.0,1.0,3.0,3.0,1.0,1.0,1.0,1.0,2.0,2.0,33.15652247363656,1.0
1.0,0.0,1.0,1.0,1.0,2.0,1.0,1.0,1.0,1.0,2.0,2.0,128.74293649468103,0.0
1.0,1.0,1.0,1.0,1.0,3.0,1.0,1.0,1.0,1.0,2.0,2.0,172.02251109056692,1.0
1.0,0.0,1.0,1.0,1.0,1.0,1.0,1.0,0.0,1.0,3.0,2.0,147.00409480016503,0.0
0.0,0.0,1.0,2.0,1.0,2.0,0.0,0.0,0.0,2.0,3.0,2.0,439.5226105652101,0.0
0.0,0.0,1.0,1.0,3.0,2.0,0.0,0.0,0.0,2.0,1.0,2.0,445.67603549895705,1.0
1.0,0.0,1.0,2.0,1.0,1.0,1.0,1.0,0.0,2.0,3.0,2.0,41.05704887274656,0.0
1.0,0.0,1.0,1.0,1.0,2.0,1.0,0.0,0.0,3.0,3.0,2.0,0.0,1.0
1.0,0.0,1.0,2.0,3.0,2.0,1.0,0.0,0.0,1.0,2.0,2.0,0.0,1.0
0.0,0.0,1.0,2.0,2.0,3.0,1.0,0.0,0.0,2.0,2.0,2.0,406.7228440110872,1.0
0.0,0.0,1.0,1.0,3.0,3.0,1.0,0.0,0.0,1.0,2.0,2.0,435.09885638395383,1.0
0.0,0.0,1.0,1.0,3.0,2.0,1.0,0.0,0.0,1.0,3.0,2.0,335.8230740724647,0.0
1.0,0.0,1.0,1.0,1.0,3.0,1.0,0.0,0.0,1.0,3.0,2.0,0.0,1.0
1.0,0.0,1.0,1.0,3.0,2.0,0.0,0.0,0.0,2.0,3.0,2.0,253.22463066655027,0.0
0.0,1.0,1.0,1.0,1.0,3.0,1.0,1.0,1.0,1.0,2.0,2.0,83.78108846421848,1.0
1.0,0.0,0.0,1.0,3.0,3.0,1.0,1.0,1.0,1.0,2.0,1.0,0.0,1.0
1.0,0.0,1.0,1.0,1.0,1.0,1.0,1.0,1.0,1.0,3.0,2.0,22.37501380533841,0.0
1.0,0.0,1.0,1.0,2.0,2.0,1.0,0.0,0.0,3.0,1.0,2.0,203.9047993880393,0.0
0.0,0.0,1.0,1.0,3.0,2.0,0.0,0.0,0.0,3.0,1.0,2.0,381.23436160982845,1.0
1.0,0.0,1.0,1.0,1.0,1.0,0.0,0.0,0.0,3.0,5.0,2.0,126.24493637341862,1.0
0.0,0.0,1.0,1.0,1.0,1.0,0.0,0.0,0.0,3.0,1.0,2.0,311.8233915922023,0.0
0.0,0.0,1.0,2.0,2.0,1.0,1.0,0.0,0.0,3.0,1.0,2.0,216.57460192425754,1.0
0.0,0.0,1.0,1.0,3.0,2.0,0.0,0.0,0.0,3.0,1.0,2.0,388.5303492271047,1.0
1.0,0.0,1.0,3.0,3.0,3.0,1.0,1.0,1.0,1.0,2.0,2.0,80.8699447493493,1.0
0.0,0.0,1.0,1.0,1.0,1.0,1.0,1.0,0.0,1.0,2.0,2.0,258.09434414953523,1.0
0.0,0.0,1.0,2.0,1.0,1.0,1.0,1.0,0.0,1.0,2.0,2.0,56.418973104099464,1.0
0.0,0.0,1.0,1.0,1.0,2.0,1.0,0.0,0.0,2.0,2.0,2.0,217.53047120462833,1.0
1.0,0.0,1.0,1.0,1.0,1.0,1.0,0.0,0.0,3.0,2.0,2.0,171.6920652507105,1.0
1.0,1.0,1.0,1.0,1.0,3.0,0.0,1.0,1.0,2.0,2.0,2.0,0.0,1.0
0.0,1.0,1.0,1.0,3.0,3.0,1.0,0.0,0.0,2.0,2.0,2.0,302.09198154768535,1.0
1.0,0.0,1.0,2.0,3.0,3.0,0.0,0.0,0.0,3.0,2.0,2.0,573.721104768083,1.0
0.0,1.0,1.0,1.0,3.0,3.0,1.0,0.0,0.0,3.0,2.0,2.0,256.7923804070003,0.0
0.0,0.0,1.0,1.0,3.0,3.0,0.0,0.0,0.0,3.0,1.0,2.0,29.06906932827707,1.0
0.0,0.0,1.0,2.0,1.0,2.0,0.0,1.0,0.0,2.0,5.0,2.0,0.0,1.0
1.0,1.0,1.0,2.0,1.0,3.0,1.0,1.0,1.0,2.0,2.0,2.0,0.0,0.0
1.0,0.0,1.0,1.0,2.0,2.0,1.0,0.0,1.0,2.0,1.0,2.0,235.59709637320742,0.0
0.0,0.0,1.0,3.0,1.0,1.0,1.0,0.0,0.0,2.0,1.0,2.0,122.9515902071555,0.0
1.0,0.0,1.0,1.0,1.0,2.0,0.0,0.0,0.0,3.0,1.0,2.0,30.0,0.0
0.0,0.0,1.0,1.0,1.0,1.0,1.0,0.0,0.0,1.0,3.0,2.0,251.41012981597942,1.0
1.0,0.0,1.0,1.0,1.0,1.0,0.0,0.0,1.0,3.0,6.0,2.0,35.36695730521232,1.0
0.0,0.0,1.0,1.0,1.0,2.0,0.0,0.0,0.0,3.0,2.0,2.0,0.0,1.0
0.0,0.0,1.0,1.0,1.0,1.0,1.0,0.0,0.0,1.0,6.0,2.0,0.0,1.0
0.0,0.0,1.0,1.0,2.0,2.0,1.0,0.0,0.0,2.0,1.0,2.0,256.95975236612367,1.0
0.0,0.0,1.0,1.0,3.0,3.0,1.0,1.0,0.0,1.0,1.0,2.0,567.3690464863491,1.0
0.0,0.0,1.0,1.0,1.0,1.0,1.0,1.0,0.0,1.0,2.0,2.0,73.18547036140208,0.0
1.0,1.0,1.0,1.0,1.0,3.0,1.0,1.0,1.0,2.0,3.0,2.0,8.138224304187913,1.0
0.0,0.0,1.0,1.0,1.0,1.0,1.0,1.0,1.0,1.0,3.0,2.0,0.0,1.0
0.0,1.0,0.0,1.0,1.0,3.0,1.0,1.0,1.0,1.0,3.0,1.0,173.79039695665176,0.0
1.0,1.0,1.0,1.0,2.0,3.0,1.0,1.0,1.0,2.0,2.0,2.0,294.7094863692186,0.0
0.0,0.0,1.0,1.0,1.0,2.0,1.0,1.0,1.0,1.0,2.0,2.0,0.0,1.0
1.0,0.0,1.0,1.0,3.0,3.0,1.0,0.0,0.0,1.0,3.0,2.0,361.1883432383934,1.0
0.0,1.0,1.0,1.0,1.0,3.0,1.0,0.0,0.0,1.0,1.0,2.0,220.01341573246987,0.0
1.0,0.0,1.0,1.0,1.0,1.0,1.0,0.0,0.0,1.0,3.0,2.0,0.0,1.0
0.0,0.0,1.0,1.0,1.0,1.0,0.0,0.0,0.0,3.0,1.0,2.0,224.01293373266427,0.0
0.0,0.0,1.0,1.0,1.0,1.0,1.0,1.0,0.0,1.0,2.0,2.0,478.20606176754745,1.0
1.0,1.0,1.0,3.0,1.0,1.0,1.0,1.0,1.0,1.0,6.0,2.0,252.67498894888502,1.0
1.0,0.0,1.0,1.0,1.0,2.0,1.0,1.0,1.0,1.0,1.0,2.0,30.0,0.0
1.0,1.0,1.0,1.0,1.0,2.0,1.0,1.0,1.0,2.0,2.0,2.0,0.0,1.0
0.0,0.0,1.0,1.0,3.0,2.0,1.0,1.0,1.0,2.0,2.0,2.0,30.0,0.0
1.0,0.0,1.0,1.0,1.0,1.0,1.0,1.0,0.0,1.0,3.0,2.0,0.0,1.0
0.0,0.0,1.0,1.0,1.0,1.0,1.0,1.0,0.0,1.0,2.0,2.0,36.37744179964696,0.0
1.0,1.0,1.0,1.0,3.0,2.0,1.0,1.0,1.0,2.0,1.0,2.0,377.13683792323343,0.0
1.0,0.0,1.0,1.0,3.0,2.0,0.0,1.0,1.0,2.0,2.0,2.0,299.2516511783047,1.0
0.0,0.0,1.0,1.0,1.0,1.0,0.0,0.0,0.0,3.0,1.0,2.0,313.89099872763427,1.0
0.0,0.0,1.0,3.0,1.0,1.0,0.0,0.0,0.0,3.0,1.0,2.0,176.87047835102123,0.0
1.0,1.0,1.0,1.0,3.0,3.0,1.0,1.0,1.0,1.0,2.0,2.0,0.0,0.0
1.0,1.0,1.0,1.0,1.0,3.0,1.0,1.0,1.0,1.0,2.0,2.0,0.0,1.0
1.0,0.0,1.0,1.0,1.0,2.0,1.0,1.0,1.0,3.0,1.0,2.0,381.4518858637064,1.0
1.0,0.0,1.0,1.0,1.0,2.0,1.0,0.0,0.0,2.0,2.0,2.0,30.0,0.0
0.0,0.0,1.0,1.0,1.0,1.0,1.0,0.0,0.0,2.0,2.0,2.0,134.4783017890763,1.0
0.0,1.0,1.0,2.0,1.0,2.0,1.0,0.0,0.0,1.0,2.0,2.0,300.8024050130265,0.0
1.0,0.0,1.0,1.0,3.0,3.0,1.0,1.0,1.0,1.0,1.0,2.0,259.0088606476121,1.0
0.0,0.0,1.0,1.0,1.0,2.0,0.0,1.0,0.0,2.0,1.0,2.0,0.0,1.0
1.0,0.0,1.0,1.0,3.0,3.0,1.0,0.0,0.0,3.0,2.0,2.0,31.16911600547528,1.0
0.0,0.0,1.0,2.0,3.0,2.0,1.0,0.0,1.0,1.0,2.0,2.0,90.59756945924092,0.0
0.0,0.0,1.0,1.0,1.0,2.0,1.0,0.0,0.0,2.0,1.0,2.0,243.20773523644283,1.0
0.0,1.0,1.0,1.0,1.0,3.0,1.0,1.0,0.0,1.0,2.0,2.0,307.3206361658017,1.0
0.0,0.0,1.0,1.0,1.0,2.0,1.0,1.0,0.0,1.0,2.0,2.0,521.9263687338137,0.0
1.0,0.0,1.0,2.0,3.0,3.0,0.0,0.0,0.0,3.0,1.0,2.0,318.13030962788514,1.0
0.0,0.0,1.0,1.0,1.0,2.0,1.0,1.0,1.0,1.0,1.0,2.0,226.31709735943227,0.0
0.0,0.0,1.0,1.0,1.0,2.0,0.0,0.0,0.0,3.0,2.0,2.0,107.27827161597752,1.0
1.0,0.0,1.0,1.0,3.0,3.0,1.0,0.0,0.0,3.0,2.0,2.0,0.0,0.0
0.0,0.0,1.0,1.0,3.0,3.0,1.0,0.0,0.0,3.0,1.0,2.0,192.02176912241174,1.0
0.0,0.0,1.0,2.0,1.0,2.0,1.0,1.0,0.0,1.0,2.0,2.0,395.5223293594886,1.0
0.0,0.0,1.0,2.0,1.0,1.0,1.0,1.0,0.0,1.0,1.0,2.0,285.1434012534648,0.0
1.0,0.0,1.0,1.0,1.0,1.0,1.0,1.0,0.0,1.0,2.0,2.0,112.86695789734951,1.0
0.0,0.0,1.0,1.0,1.0,1.0,1.0,1.0,1.0,1.0,2.0,2.0,42.69296988986345,0.0
1.0,1.0,1.0,1.0,3.0,2.0,1.0,1.0,1.0,1.0,2.0,2.0,246.16360923173679,1.0
0.0,0.0,1.0,1.0,1.0,3.0,0.0,0.0,0.0,3.0,2.0,2.0,256.70771836426553,1.0
1.0,1.0,1.0,1.0,1.0,3.0,1.0,1.0,1.0,1.0,2.0,2.0,123.8737271337092,1.0
0.0,0.0,1.0,2.0,1.0,3.0,0.0,0.0,0.0,3.0,1.0,2.0,352.50979535572804,1.0
1.0,1.0,1.0,1.0,1.0,2.0,1.0,0.0,1.0,2.0,1.0,2.0,464.64775668010714,0.0
1.0,1.0,1.0,1.0,1.0,2.0,1.0,1.0,0.0,2.0,2.0,2.0,292.2326984696677,0.0
1.0,0.0,1.0,1.0,1.0,2.0,1.0,0.0,0.0,3.0,1.0,2.0,0.0,1.0
1.0,1.0,1.0,3.0,1.0,3.0,1.0,0.0,0.0,1.0,2.0,2.0,0.0,1.0
0.0,0.0,1.0,2.0,1.0,3.0,1.0,0.0,0.0,2.0,3.0,2.0,560.7875655471075,0.0
0.0,0.0,1.0,1.0,2.0,3.0,1.0,0.0,0.0,3.0,3.0,2.0,196.58793347231273,0.0
0.0,0.0,1.0,1.0,1.0,3.0,0.0,0.0,0.0,2.0,3.0,2.0,0.0,1.0
1.0,0.0,1.0,1.0,3.0,3.0,1.0,0.0,0.0,1.0,2.0,2.0,108.35108887005579,1.0
0.0,1.0,1.0,1.0,1.0,2.0,0.0,1.0,0.0,2.0,2.0,2.0,296.49575915534757,1.0
0.0,1.0,1.0,1.0,1.0,2.0,0.0,1.0,1.0,2.0,2.0,2.0,259.3376135234375,1.0
0.0,0.0,1.0,1.0,3.0,3.0,1.0,1.0,1.0,2.0,2.0,2.0,501.1910407281039,0.0
0.0,0.0,1.0,3.0,1.0,1.0,0.0,0.0,0.0,3.0,2.0,2.0,168.3049640619786,0.0
1.0,0.0,1.0,1.0,1.0,1.0,0.0,0.0,0.0,2.0,1.0,2.0,180.37607602878512,0.0
0.0,0.0,1.0,2.0,1.0,2.0,0.0,0.0,0.0,3.0,2.0,2.0,92.71173799682205,1.0
0.0,0.0,1.0,1.0,1.0,1.0,0.0,0.0,0.0,3.0,2.0,2.0,0.0,0.0
1.0,1.0,1.0,2.0,1.0,3.0,1.0,1.0,1.0,1.0,2.0,2.0,334.74773742694595,1.0
1.0,0.0,1.0,1.0,1.0,3.0,1.0,1.0,0.0,3.0,3.0,2.0,0.0,1.0
1.0,0.0,1.0,2.0,1.0,1.0,1.0,0.0,0.0,2.0,2.0,2.0,110.30271301763686,1.0
0.0,0.0,1.0,3.0,3.0,3.0,1.0,0.0,0.0,3.0,1.0,2.0,596.5795489237655,1.0
1.0,0.0,1.0,1.0,1.0,1.0,1.0,0.0,0.0,2.0,2.0,2.0,177.79697086242885,0.0
0.0,0.0,1.0,1.0,1.0,1.0,1.0,0.0,0.0,2.0,1.0,2.0,366.8986500611723,0.0
0.0,0.0,1.0,1.0,1.0,3.0,1.0,0.0,0.0,2.0,1.0,2.0,277.3262073829225,1.0
1.0,0.0,1.0,1.0,3.0,3.0,1.0,0.0,0.0,2.0,3.0,2.0,0.0,1.0
0.0,0.0,1.0,1.0,1.0,3.0,1.0,0.0,0.0,3.0,1.0,2.0,0.0,0.0
0.0,0.0,1.0,1.0,1.0,1.0,1.0,1.0,0.0,1.0,2.0,2.0,0.0,1.0
1.0,1.0,1.0,1.0,1.0,3.0,1.0,1.0,1.0,1.0,2.0,2.0,234.51253921435764,1.0
1.0,0.0,1.0,1.0,1.0,2.0,1.0,0.0,0.0,3.0,3.0,2.0,40.887289916599094,1.0
0.0,0.0,1.0,2.0,1.0,2.0,1.0,0.0,0.0,3.0,1.0,2.0,214.80531686998387,0.0
0.0,0.0,1.0,2.0,1.0,2.0,1.0,0.0,0.0,2.0,1.0,2.0,297.5968247927194,1.0
1.0,0.0,1.0,1.0,1.0,1.0,1.0,1.0,0.0,1.0,2.0,2.0,0.0,0.0
1.0,0.0,1.0,1.0,1.0,2.0,1.0,0.0,0.0,2.0,2.0,2.0,23.41987640597419,1.0
0.0,0.0,1.0,1.0,1.0,3.0,1.0,0.0,0.0,1.0,2.0,2.0,129.05050420895813,1.0
0.0,0.0,1.0,2.0,1.0,1.0,1.0,0.0,0.0,1.0,2.0,2.0,0.0,0.0
0.0,0.0,1.0,2.0,3.0,3.0,1.0,0.0,0.0,3.0,1.0,2.0,365.1893728352639,1.0
0.0,0.0,1.0,1.0,1.0,1.0,0.0,0.0,0.0,3.0,1.0,2.0,74.70367512427501,0.0
0.0,1.0,1.0,2.0,1.0,1.0,0.0,0.0,0.0,3.0,2.0,2.0,46.16615071155698,0.0
0.0,0.0,1.0,2.0,1.0,1.0,1.0,0.0,0.0,1.0,3.0,2.0,395.8059152097793,1.0
0.0,0.0,1.0,1.0,1.0,2.0,1.0,1.0,0.0,1.0,3.0,2.0,425.1644785364048,0.0
0.0,0.0,1.0,1.0,1.0,1.0,1.0,0.0,0.0,1.0,3.0,2.0,185.48894213920994,1.0
0.0,0.0,1.0,2.0,1.0,1.0,1.0,1.0,1.0,2.0,2.0,2.0,3.8975830499621744,0.0
1.0,1.0,1.0,1.0,1.0,2.0,0.0,1.0,0.0,2.0,4.0,2.0,217.57476522214023,1.0
1.0,1.0,1.0,1.0,1.0,2.0,1.0,1.0,1.0,1.0,2.0,2.0,85.7947729667739,0.0
0.0,0.0,1.0,1.0,1.0,3.0,1.0,1.0,0.0,1.0,2.0,2.0,264.77222169362955,0.0
1.0,0.0,1.0,3.0,1.0,1.0,1.0,0.0,0.0,2.0,2.0,2.0,88.9262265298969,1.0
1.0,0.0,1.0,1.0,1.0,1.0,1.0,0.0,0.0,1.0,3.0,2.0,121.56973246574418,0.0
1.0,0.0,1.0,1.0,1.0,2.0,1.0,1.0,0.0,1.0,2.0,2.0,0.0,1.0
1.0,0.0,1.0,1.0,3.0,2.0,1.0,1.0,0.0,1.0,2.0,2.0,285.03353510522743,0.0
1.0,0.0,1.0,1.0,1.0,2.0,1.0,0.0,0.0,3.0,3.0,2.0,269.22837246840203,1.0
0.0,0.0,1.0,2.0,1.0,2.0,1.0,1.0,0.0,1.0,2.0,2.0,205.6026675464066,1.0
0.0,0.0,1.0,1.0,1.0,1.0,0.0,0.0,0.0,3.0,1.0,2.0,34.06943771474778,0.0
0.0,0.0,1.0,2.0,1.0,1.0,1.0,0.0,0.0,3.0,1.0,2.0,403.0798665991839,1.0
1.0,0.0,1.0,1.0,3.0,2.0,1.0,0.0,0.0,3.0,1.0,2.0,206.8177773549037,1.0
0.0,0.0,1.0,1.0,1.0,1.0,0.0,0.0,0.0,3.0,4.0,2.0,751.196617547926,1.0
0.0,0.0,1.0,1.0,1.0,1.0,0.0,0.0,0.0,3.0,3.0,2.0,1197.8229184318902,1.0
1.0,0.0,1.0,1.0,1.0,1.0,1.0,0.0,0.0,2.0,2.0,2.0,274.22837246840203,0.0
1.0,0.0,1.0,1.0,3.0,2.0,0.0,0.0,0.0,3.0,1.0,2.0,552.1564036495948,1.0
0.0,0.0,1.0,1.0,1.0,2.0,1.0,0.0,0.0,2.0,1.0,2.0,153.57681346967883,1.0
0.0,0.0,1.0,1.0,1.0,2.0,1.0,0.0,0.0,2.0,2.0,2.0,125.0244137230672,0.0
1.0,1.0,1.0,1.0,1.0,1.0,1.0,1.0,1.0,1.0,2.0,2.0,64.95971749936957,1.0
0.0,0.0,1.0,1.0,1.0,2.0,1.0,0.0,0.0,1.0,2.0,2.0,54.09726731683218,1.0
1.0,0.0,1.0,1.0,1.0,1.0,1.0,0.0,0.0,1.0,2.0,2.0,586.382296366108,1.0
1.0,0.0,1.0,1.0,3.0,3.0,1.0,0.0,0.0,3.0,3.0,2.0,0.0,1.0
0.0,0.0,1.0,2.0,1.0,2.0,1.0,1.0,1.0,1.0,5.0,2.0,338.9592949253271,1.0
0.0,0.0,1.0,1.0,1.0,1.0,0.0,0.0,0.0,2.0,2.0,2.0,11.548394222110145,0.0
0.0,0.0,1.0,3.0,1.0,1.0,1.0,0.0,0.0,3.0,2.0,2.0,0.0,1.0
1.0,0.0,1.0,1.0,1.0,2.0,1.0,0.0,1.0,1.0,3.0,2.0,304.9517020659562,1.0
0.0,0.0,1.0,1.0,1.0,2.0,1.0,0.0,0.0,2.0,3.0,2.0,259.3376135234375,1.0
1.0,0.0,1.0,1.0,3.0,3.0,1.0,0.0,0.0,2.0,3.0,2.0,167.26712502381633,1.0
1.0,1.0,1.0,2.0,1.0,3.0,1.0,1.0,0.0,2.0,1.0,2.0,0.0,0.0
1.0,0.0,1.0,2.0,1.0,1.0,0.0,0.0,0.0,3.0,1.0,2.0,449.16716180169294,1.0
1.0,0.0,1.0,1.0,1.0,1.0,1.0,0.0,0.0,2.0,2.0,2.0,0.0,0.0
0.0,0.0,1.0,1.0,3.0,2.0,1.0,0.0,0.0,2.0,1.0,2.0,0.0,1.0
0.0,0.0,1.0,1.0,1.0,2.0,1.0,0.0,0.0,1.0,3.0,2.0,409.5705944456645,1.0
1.0,0.0,1.0,2.0,1.0,1.0,0.0,1.0,0.0,3.0,3.0,2.0,52.602056822257744,1.0
1.0,1.0,1.0,1.0,1.0,1.0,1.0,0.0,0.0,2.0,3.0,2.0,105.54347582989662,1.0
0.0,0.0,1.0,3.0,2.0,3.0,1.0,1.0,0.0,1.0,2.0,2.0,191.64922673153626,1.0
0.0,0.0,1.0,1.0,2.0,3.0,0.0,0.0,0.0,3.0,1.0,2.0,0.0,0.0
0.0,0.0,1.0,1.0,1.0,2.0,1.0,0.0,0.0,3.0,1.0,2.0,256.98727899307477,1.0
0.0,0.0,1.0,1.0,3.0,1.0,1.0,0.0,0.0,2.0,2.0,2.0,132.38611084681477,0.0
1.0,0.0,1.0,1.0,3.0,1.0,1.0,0.0,0.0,2.0,3.0,2.0,650.5831733043467,0.0
1.0,0.0,1.0,2.0,3.0,2.0,1.0,0.0,0.0,3.0,1.0,2.0,13.18872089982348,1.0
0.0,0.0,1.0,1.0,1.0,1.0,1.0,0.0,0.0,1.0,1.0,2.0,226.91301037835854,0.0
0.0,0.0,1.0,1.0,1.0,2.0,1.0,0.0,0.0,3.0,2.0,2.0,203.9047993880393,0.0
0.0,0.0,1.0,1.0,3.0,3.0,1.0,0.0,0.0,3.0,1.0,2.0,358.4531412778652,1.0
1.0,1.0,1.0,1.0,3.0,3.0,1.0,0.0,0.0,1.0,2.0,2.0,0.0,1.0
0.0,0.0,1.0,1.0,1.0,1.0,1.0,0.0,0.0,1.0,5.0,2.0,406.34265757263984,1.0
1.0,0.0,1.0,1.0,3.0,3.0,0.0,0.0,0.0,3.0,3.0,2.0,1019.7512995514647,1.0
1.0,1.0,1.0,1.0,1.0,2.0,1.0,0.0,0.0,1.0,2.0,2.0,51.767575348060205,1.0
1.0,0.0,1.0,1.0,3.0,2.0,1.0,0.0,0.0,1.0,5.0,2.0,30.0,0.0
0.0,0.0,1.0,1.0,1.0,3.0,1.0,1.0,0.0,1.0,2.0,2.0,323.08929724728995,0.0
0.0,0.0,1.0,1.0,1.0,1.0,0.0,0.0,0.0,3.0,2.0,2.0,28.684478105192774,0.0
1.0,0.0,1.0,1.0,1.0,1.0,1.0,1.0,0.0,1.0,3.0,2.0,171.6920652507105,1.0
0.0,0.0,1.0,2.0,1.0,1.0,1.0,0.0,0.0,1.0,2.0,2.0,38.42237193973609,0.0
1.0,0.0,1.0,1.0,1.0,1.0,1.0,0.0,0.0,3.0,2.0,2.0,0.0,0.0
0.0,1.0,1.0,2.0,1.0,3.0,0.0,0.0,0.0,3.0,2.0,2.0,287.60764771066545,1.0
0.0,0.0,1.0,2.0,2.0,2.0,1.0,0.0,0.0,2.0,1.0,2.0,30.0,0.0
1.0,1.0,1.0,1.0,1.0,1.0,1.0,1.0,1.0,1.0,3.0,2.0,0.0,0.0
0.0,0.0,1.0,1.0,3.0,3.0,1.0,1.0,0.0,1.0,2.0,2.0,709.2113081079366,1.0
0.0,1.0,1.0,2.0,3.0,3.0,1.0,0.0,0.0,2.0,2.0,2.0,0.0,0.0
0.0,0.0,1.0,2.0,1.0,1.0,1.0,0.0,0.0,2.0,2.0,2.0,106.20214506314929,1.0
0.0,0.0,1.0,1.0,1.0,2.0,1.0,1.0,0.0,2.0,2.0,2.0,65.12902577347299,0.0
1.0,1.0,1.0,1.0,1.0,2.0,0.0,1.0,1.0,2.0,3.0,2.0,0.0,1.0
0.0,0.0,1.0,1.0,1.0,1.0,1.0,0.0,0.0,3.0,1.0,2.0,321.50912634226444,1.0
0.0,0.0,1.0,1.0,1.0,2.0,0.0,0.0,0.0,2.0,2.0,2.0,397.4173603974065,0.0
1.0,0.0,1.0,1.0,1.0,2.0,1.0,0.0,0.0,1.0,3.0,2.0,902.7904743781586,1.0
0.0,0.0,1.0,1.0,1.0,3.0,1.0,0.0,0.0,1.0,2.0,2.0,297.02500831822607,0.0
1.0,0.0,1.0,2.0,1.0,3.0,1.0,0.0,0.0,1.0,2.0,2.0,203.30724165760836,1.0
0.0,1.0,1.0,1.0,1.0,2.0,0.0,0.0,0.0,3.0,2.0,2.0,259.3376135234375,1.0
1.0,0.0,1.0,1.0,1.0,1.0,0.0,0.0,0.0,3.0,2.0,2.0,0.0,1.0
1.0,0.0,1.0,1.0,1.0,1.0,0.0,0.0,0.0,3.0,2.0,2.0,35.36695730521232,1.0
0.0,0.0,1.0,1.0,1.0,1.0,0.0,0.0,1.0,3.0,1.0,2.0,385.8109516107174,1.0
1.0,0.0,1.0,1.0,1.0,2.0,1.0,1.0,0.0,2.0,2.0,2.0,0.0,1.0
0.0,0.0,1.0,2.0,1.0,2.0,1.0,0.0,0.0,3.0,2.0,2.0,408.4534335732708,0.0
1.0,1.0,1.0,2.0,1.0,1.0,0.0,0.0,0.0,3.0,2.0,2.0,0.0,0.0
0.0,1.0,1.0,1.0,1.0,3.0,0.0,0.0,0.0,3.0,2.0,2.0,0.0,1.0
0.0,0.0,1.0,2.0,2.0,2.0,0.0,0.0,0.0,3.0,2.0,2.0,30.0,0.0
0.0,0.0,1.0,1.0,1.0,1.0,1.0,0.0,0.0,3.0,2.0,2.0,166.61344332695245,1.0
0.0,0.0,1.0,1.0,1.0,1.0,0.0,0.0,0.0,3.0,2.0,2.0,279.80159887430773,0.0
0.0,1.0,1.0,1.0,3.0,3.0,0.0,0.0,0.0,2.0,2.0,2.0,54.431693581292784,1.0
0.0,0.0,1.0,2.0,1.0,1.0,1.0,0.0,0.0,1.0,2.0,2.0,0.0,1.0
0.0,0.0,1.0,1.0,1.0,1.0,1.0,1.0,0.0,1.0,3.0,2.0,229.0352336310816,0.0
0.0,0.0,1.0,1.0,1.0,1.0,1.0,0.0,0.0,1.0,5.0,2.0,8.66129566658261,1.0
1.0,1.0,1.0,1.0,1.0,2.0,1.0,0.0,0.0,1.0,2.0,2.0,61.598778028875884,1.0
0.0,0.0,1.0,2.0,2.0,2.0,1.0,1.0,1.0,2.0,2.0,2.0,344.52796222301345,0.0
0.0,0.0,1.0,2.0,1.0,2.0,0.0,1.0,1.0,2.0,2.0,2.0,328.97530520772807,1.0
0.0,0.0,1.0,1.0,1.0,1.0,1.0,1.0,0.0,1.0,5.0,2.0,256.225599889644,1.0
1.0,0.0,1.0,1.0,1.0,3.0,1.0,1.0,0.0,1.0,2.0,2.0,0.0,1.0
0.0,0.0,1.0,1.0,1.0,2.0,1.0,1.0,0.0,1.0,2.0,2.0,30.0,0.0
1.0,1.0,1.0,1.0,1.0,2.0,1.0,0.0,1.0,2.0,3.0,2.0,363.69159958498847,1.0
1.0,0.0,1.0,1.0,3.0,2.0,1.0,0.0,0.0,3.0,2.0,2.0,250.83047709911767,1.0
0.0,0.0,1.0,2.0,1.0,1.0,1.0,0.0,0.0,3.0,1.0,2.0,190.54850466481733,1.0
0.0,0.0,1.0,1.0,1.0,1.0,0.0,0.0,0.0,3.0,1.0,2.0,398.9432180124748,1.0
1.0,0.0,1.0,1.0,1.0,2.0,0.0,0.0,0.0,3.0,3.0,2.0,0.0,1.0
0.0,0.0,1.0,1.0,1.0,3.0,0.0,0.0,0.0,3.0,3.0,2.0,287.2578537083879,1.0
1.0,1.0,1.0,1.0,3.0,3.0,1.0,0.0,0.0,1.0,2.0,2.0,478.353716384626,0.0
0.0,0.0,1.0,1.0,1.0,3.0,1.0,0.0,1.0,1.0,2.0,2.0,406.88658206599206,1.0
0.0,0.0,1.0,2.0,1.0,3.0,1.0,1.0,0.0,1.0,1.0,2.0,373.66395043730824,1.0
1.0,0.0,1.0,1.0,3.0,2.0,1.0,0.0,0.0,1.0,2.0,2.0,288.65752094446407,1.0
0.0,0.0,1.0,1.0,1.0,2.0,1.0,0.0,0.0,1.0,2.0,2.0,597.2178455153671,0.0
0.0,0.0,1.0,1.0,1.0,1.0,0.0,0.0,0.0,2.0,1.0,2.0,0.0,0.0
0.0,0.0,1.0,1.0,1.0,2.0,1.0,0.0,0.0,3.0,2.0,2.0,1.495971749936957,1.0
0.0,0.0,1.0,3.0,1.0,1.0,1.0,0.0,0.0,3.0,1.0,2.0,320.45937191504987,1.0
0.0,0.0,1.0,1.0,3.0,2.0,1.0,0.0,0.0,3.0,1.0,2.0,56.34676933010475,0.0
1.0,0.0,1.0,1.0,1.0,1.0,0.0,1.0,0.0,3.0,2.0,2.0,77.41033002008206,1.0
0.0,0.0,1.0,1.0,1.0,2.0,1.0,0.0,0.0,1.0,3.0,2.0,138.26619583228262,0.0
0.0,0.0,1.0,1.0,1.0,3.0,1.0,0.0,0.0,1.0,5.0,2.0,307.3206361658017,1.0
1.0,0.0,1.0,1.0,2.0,1.0,1.0,0.0,0.0,1.0,1.0,2.0,20.75102086785417,1.0
0.0,0.0,1.0,1.0,2.0,2.0,1.0,0.0,0.0,3.0,2.0,2.0,180.38914949836177,1.0
0.0,0.0,1.0,1.0,1.0,1.0,1.0,0.0,0.0,1.0,3.0,2.0,318.0010537951764,1.0
0.0,0.0,1.0,1.0,1.0,2.0,1.0,0.0,0.0,3.0,1.0,2.0,116.3457886407576,1.0
0.0,0.0,1.0,1.0,1.0,1.0,1.0,0.0,0.0,1.0,2.0,2.0,228.42406143374768,1.0
0.0,1.0,1.0,1.0,3.0,3.0,0.0,0.0,0.0,3.0,1.0,2.0,0.0,0.0
1.0,1.0,1.0,1.0,3.0,3.0,1.0,1.0,1.0,1.0,2.0,2.0,206.92107004400586,1.0
0.0,0.0,1.0,1.0,1.0,2.0,0.0,0.0,0.0,2.0,2.0,2.0,305.8440985993243,1.0
0.0,0.0,1.0,1.0,1.0,1.0,1.0,0.0,0.0,2.0,2.0,2.0,136.8568295758219,1.0
1.0,0.0,1.0,1.0,1.0,1.0,1.0,0.0,0.0,3.0,2.0,2.0,95.49078472407325,0.0
0.0,0.0,1.0,1.0,3.0,2.0,1.0,0.0,1.0,2.0,3.0,2.0,232.83188354681744,1.0
0.0,0.0,1.0,1.0,1.0,2.0,1.0,1.0,0.0,1.0,2.0,2.0,0.0,1.0
0.0,0.0,1.0,1.0,1.0,1.0,1.0,0.0,0.0,1.0,2.0,2.0,66.78554798159202,0.0
0.0,0.0,1.0,1.0,3.0,3.0,1.0,0.0,0.0,2.0,2.0,2.0,256.32085388065843,1.0
0.0,0.0,1.0,1.0,1.0,3.0,1.0,0.0,0.0,1.0,2.0,2.0,666.0264886014323,0.0
0.0,0.0,1.0,1.0,1.0,1.0,1.0,1.0,0.0,1.0,2.0,2.0,168.3049640619786,0.0
0.0,0.0,1.0,1.0,1.0,1.0,1.0,0.0,0.0,2.0,3.0,2.0,0.0,0.0
1.0,0.0,1.0,1.0,3.0,3.0,0.0,0.0,0.0,3.0,1.0,2.0,565.4027484097178,1.0
0.0,0.0,1.0,1.0,1.0,1.0,0.0,0.0,0.0,3.0,1.0,2.0,17.863922312326633,0.0
0.0,0.0,1.0,2.0,1.0,2.0,1.0,0.0,0.0,2.0,2.0,2.0,260.5400443775213,1.0
0.0,0.0,1.0,1.0,1.0,3.0,0.0,1.0,0.0,2.0,3.0,2.0,355.0820001159234,1.0
1.0,0.0,1.0,1.0,1.0,2.0,1.0,1.0,1.0,2.0,2.0,2.0,181.63742807553498,0.0
1.0,0.0,0.0,1.0,1.0,1.0,1.0,1.0,1.0,2.0,2.0,1.0,61.20363335581007,1.0
1.0,0.0,1.0,1.0,3.0,2.0,1.0,0.0,1.0,2.0,2.0,2.0,222.78949510541176,1.0
1.0,0.0,1.0,1.0,1.0,1.0,1.0,1.0,1.0,1.0,2.0,2.0,171.6920652507105,1.0
1.0,0.0,1.0,1.0,3.0,3.0,1.0,1.0,1.0,2.0,2.0,2.0,161.70809529983032,1.0
0.0,0.0,1.0,1.0,1.0,1.0,1.0,1.0,0.0,2.0,2.0,2.0,295.9386960919022,0.0
0.0,0.0,1.0,1.0,1.0,2.0,1.0,1.0,1.0,2.0,2.0,2.0,297.5161842748623,1.0
1.0,1.0,1.0,1.0,3.0,3.0,1.0,1.0,1.0,2.0,3.0,2.0,77.76809356682793,0.0
0.0,0.0,1.0,1.0,1.0,3.0,1.0,1.0,0.0,1.0,3.0,2.0,0.0,1.0
1.0,1.0,1.0,1.0,1.0,2.0,0.0,0.0,0.0,3.0,2.0,2.0,30.0,0.0
0.0,0.0,1.0,1.0,1.0,1.0,1.0,0.0,0.0,3.0,2.0,2.0,245.79439972332574,1.0
0.0,0.0,1.0,1.0,1.0,1.0,1.0,0.0,0.0,2.0,2.0,2.0,0.0,1.0
1.0,1.0,1.0,1.0,2.0,3.0,1.0,1.0,0.0,1.0,2.0,2.0,703.9613268680287,0.0
0.0,0.0,1.0,2.0,1.0,2.0,0.0,0.0,0.0,3.0,2.0,2.0,164.70965072059573,1.0
0.0,0.0,1.0,1.0,1.0,1.0,0.0,0.0,0.0,3.0,2.0,2.0,0.0,0.0
1.0,1.0,1.0,1.0,1.0,1.0,0.0,0.0,0.0,2.0,2.0,2.0,171.6920652507105,1.0
0.0,0.0,1.0,2.0,1.0,1.0,0.0,0.0,0.0,3.0,1.0,2.0,320.45937191504987,1.0
0.0,0.0,1.0,1.0,1.0,1.0,0.0,0.0,0.0,2.0,3.0,2.0,234.21977611212625,1.0
0.0,0.0,1.0,1.0,1.0,1.0,1.0,0.0,0.0,3.0,2.0,2.0,0.0,0.0
1.0,0.0,1.0,1.0,1.0,2.0,0.0,0.0,0.0,2.0,2.0,2.0,61.18066439969739,0.0
0.0,0.0,1.0,1.0,1.0,2.0,1.0,0.0,0.0,3.0,2.0,2.0,30.0,0.0
0.0,0.0,1.0,1.0,1.0,1.0,1.0,0.0,0.0,1.0,2.0,2.0,0.0,0.0
0.0,1.0,1.0,1.0,2.0,3.0,1.0,0.0,0.0,1.0,1.0,2.0,229.4858723391348,1.0
0.0,0.0,1.0,2.0,1.0,1.0,1.0,0.0,0.0,1.0,2.0,2.0,453.7742764122937,0.0
0.0,0.0,1.0,1.0,3.0,3.0,0.0,0.0,0.0,3.0,1.0,2.0,123.1933148894384,1.0
1.0,0.0,1.0,1.0,1.0,2.0,1.0,0.0,0.0,3.0,1.0,2.0,97.58670932564871,1.0
1.0,1.0,1.0,1.0,3.0,3.0,0.0,0.0,0.0,2.0,3.0,2.0,48.05540947605564,0.0
0.0,0.0,1.0,2.0,1.0,1.0,1.0,0.0,0.0,3.0,2.0,2.0,37.351837562137504,1.0
0.0,0.0,1.0,1.0,1.0,1.0,1.0,0.0,0.0,2.0,2.0,2.0,159.2379208301213,1.0
1.0,0.0,1.0,1.0,3.0,2.0,1.0,1.0,1.0,1.0,2.0,2.0,0.0,1.0
1.0,0.0,1.0,1.0,1.0,1.0,0.0,1.0,1.0,2.0,3.0,2.0,0.0,1.0
0.0,0.0,1.0,1.0,3.0,2.0,1.0,0.0,0.0,3.0,1.0,2.0,37.2646091337097,1.0
0.0,0.0,1.0,1.0,3.0,2.0,1.0,0.0,0.0,3.0,1.0,2.0,30.0,0.0
1.0,0.0,1.0,2.0,1.0,1.0,1.0,0.0,0.0,2.0,4.0,2.0,127.45707991807969,0.0
1.0,0.0,1.0,1.0,1.0,1.0,1.0,0.0,0.0,2.0,3.0,2.0,12.295159020715552,1.0
1.0,0.0,1.0,1.0,1.0,2.0,1.0,0.0,0.0,3.0,2.0,2.0,0.0,1.0
0.0,0.0,1.0,1.0,1.0,3.0,0.0,0.0,0.0,3.0,6.0,2.0,378.14523034357796,1.0
0.0,0.0,1.0,1.0,1.0,3.0,0.0,0.0,0.0,3.0,2.0,2.0,425.45465346661507,1.0
1.0,1.0,1.0,2.0,1.0,3.0,1.0,0.0,0.0,3.0,2.0,2.0,238.90485992062574,1.0
0.0,0.0,1.0,1.0,3.0,2.0,0.0,0.0,0.0,3.0,2.0,2.0,30.0,0.0
1.0,0.0,1.0,1.0,1.0,1.0,1.0,1.0,0.0,1.0,3.0,2.0,45.92291139885988,1.0
1.0,1.0,1.0,1.0,3.0,3.0,0.0,0.0,0.0,3.0,3.0,2.0,289.5174419818019,1.0
1.0,0.0,1.0,1.0,3.0,2.0,1.0,0.0,0.0,3.0,4.0,2.0,203.9047993880393,0.0
1.0,1.0,1.0,1.0,1.0,1.0,1.0,1.0,0.0,1.0,2.0,2.0,20.029246228972283,1.0
1.0,0.0,1.0,1.0,1.0,3.0,1.0,1.0,1.0,1.0,2.0,2.0,272.26456584737616,1.0
1.0,1.0,1.0,1.0,3.0,2.0,1.0,0.0,0.0,2.0,3.0,2.0,2.4487142732610447,1.0
1.0,1.0,1.0,1.0,2.0,1.0,1.0,0.0,0.0,3.0,3.0,2.0,213.31904287447094,0.0
1.0,1.0,1.0,1.0,1.0,1.0,1.0,1.0,1.0,1.0,1.0,2.0,175.3902817378019,0.0
1.0,1.0,1.0,1.0,1.0,3.0,1.0,1.0,1.0,1.0,2.0,2.0,238.90485992062574,1.0
0.0,1.0,1.0,1.0,1.0,1.0,0.0,0.0,0.0,3.0,2.0,2.0,234.21977611212625,1.0
0.0,0.0,1.0,1.0,1.0,1.0,1.0,1.0,0.0,1.0,1.0,2.0,0.0,0.0
1.0,1.0,1.0,1.0,1.0,3.0,1.0,1.0,1.0,2.0,3.0,2.0,224.99641205442896,0.0
0.0,0.0,0.0,1.0,2.0,2.0,1.0,0.0,0.0,3.0,1.0,1.0,31.37744179964696,1.0
0.0,0.0,1.0,1.0,3.0,3.0,1.0,0.0,0.0,2.0,3.0,2.0,255.24803048191512,1.0
1.0,1.0,1.0,1.0,1.0,1.0,1.0,1.0,1.0,2.0,3.0,2.0,95.25426545149796,1.0
0.0,0.0,1.0,3.0,1.0,1.0,1.0,1.0,0.0,2.0,3.0,2.0,0.0,1.0
0.0,0.0,1.0,2.0,1.0,1.0,1.0,1.0,0.0,2.0,3.0,2.0,95.65346226742864,0.0
0.0,0.0,1.0,3.0,1.0,1.0,1.0,0.0,0.0,2.0,4.0,2.0,285.4996489094014,0.0
0.0,0.0,1.0,3.0,1.0,1.0,1.0,0.0,0.0,2.0,6.0,2.0,390.3605659435578,1.0
0.0,0.0,1.0,1.0,1.0,3.0,1.0,0.0,0.0,1.0,1.0,2.0,350.9660419126333,1.0
0.0,0.0,1.0,1.0,1.0,1.0,0.0,0.0,0.0,3.0,3.0,2.0,157.59677287348595,0.0
1.0,0.0,1.0,1.0,1.0,3.0,1.0,1.0,1.0,1.0,6.0,2.0,238.90485992062574,1.0
1.0,0.0,1.0,1.0,1.0,3.0,1.0,1.0,1.0,1.0,2.0,2.0,133.84965225599692,1.0
0.0,0.0,1.0,1.0,1.0,2.0,1.0,1.0,1.0,1.0,1.0,2.0,61.036309471921015,0.0
1.0,1.0,1.0,1.0,3.0,3.0,0.0,1.0,1.0,2.0,2.0,2.0,29.34013907054859,1.0
1.0,1.0,1.0,1.0,1.0,3.0,0.0,1.0,1.0,2.0,2.0,2.0,142.22333532303054,1.0
1.0,1.0,1.0,1.0,3.0,3.0,0.0,0.0,1.0,2.0,2.0,2.0,446.58951703576577,1.0
1.0,1.0,1.0,1.0,1.0,3.0,1.0,1.0,1.0,2.0,1.0,2.0,150.10287471506743,0.0
1.0,1.0,1.0,1.0,1.0,3.0,1.0,0.0,0.0,1.0,3.0,2.0,192.00003398624506,0.0
0.0,0.0,1.0,1.0,1.0,1.0,0.0,0.0,0.0,3.0,1.0,2.0,0.0,1.0
0.0,0.0,1.0,3.0,1.0,1.0,1.0,1.0,0.0,1.0,2.0,2.0,55.3790359210943,1.0
0.0,1.0,1.0,1.0,1.0,3.0,1.0,0.0,0.0,2.0,2.0,2.0,307.3206361658017,1.0
0.0,0.0,1.0,1.0,1.0,1.0,1.0,1.0,0.0,1.0,2.0,2.0,0.0,1.0
1.0,1.0,1.0,1.0,1.0,2.0,1.0,1.0,1.0,2.0,2.0,2.0,279.5758520267615,0.0
0.0,0.0,1.0,2.0,1.0,1.0,0.0,0.0,0.0,3.0,1.0,2.0,342.3463527656088,1.0
0.0,0.0,1.0,1.0,1.0,1.0,0.0,0.0,0.0,3.0,2.0,2.0,0.0,0.0
1.0,0.0,1.0,1.0,1.0,1.0,0.0,0.0,0.0,3.0,1.0,2.0,524.7423267704712,1.0
0.0,0.0,1.0,2.0,1.0,1.0,1.0,1.0,0.0,2.0,1.0,2.0,407.94621513619256,0.0
1.0,1.0,1.0,1.0,1.0,2.0,1.0,1.0,1.0,2.0,3.0,2.0,403.73330936313,0.0
0.0,0.0,1.0,2.0,3.0,3.0,0.0,1.0,0.0,3.0,1.0,2.0,266.16689315845775,1.0
1.0,1.0,1.0,2.0,2.0,3.0,1.0,1.0,1.0,3.0,1.0,2.0,0.0,1.0
1.0,1.0,1.0,1.0,3.0,3.0,1.0,1.0,1.0,2.0,1.0,2.0,0.0,0.0
0.0,0.0,1.0,2.0,1.0,2.0,1.0,0.0,0.0,1.0,2.0,2.0,0.0,1.0
0.0,0.0,1.0,1.0,1.0,3.0,1.0,0.0,0.0,3.0,2.0,2.0,308.35741858957493,0.0
0.0,0.0,1.0,1.0,3.0,2.0,0.0,0.0,0.0,3.0,1.0,2.0,0.0,1.0
1.0,0.0,1.0,1.0,3.0,2.0,1.0,1.0,1.0,1.0,2.0,2.0,280.70019495210124,1.0
0.0,0.0,1.0,1.0,3.0,3.0,0.0,0.0,0.0,3.0,2.0,2.0,0.0,1.0
0.0,0.0,1.0,2.0,2.0,2.0,0.0,0.0,0.0,2.0,1.0,2.0,133.52266528295968,1.0
0.0,0.0,1.0,2.0,1.0,1.0,1.0,0.0,0.0,1.0,2.0,2.0,248.99568633764264,0.0
0.0,0.0,1.0,1.0,3.0,3.0,1.0,0.0,0.0,1.0,2.0,2.0,17.15284461595361,1.0
1.0,0.0,1.0,1.0,1.0,1.0,1.0,0.0,0.0,1.0,3.0,2.0,418.79756421204416,0.0
0.0,1.0,1.0,2.0,1.0,3.0,1.0,0.0,0.0,2.0,2.0,2.0,288.2171083762993,1.0
1.0,1.0,1.0,1.0,3.0,1.0,0.0,0.0,0.0,3.0,2.0,2.0,472.6815379294726,0.0
1.0,0.0,1.0,1.0,3.0,2.0,0.0,0.0,0.0,3.0,1.0,2.0,33.97583049962174,1.0
0.0,0.0,1.0,2.0,1.0,2.0,0.0,0.0,0.0,2.0,2.0,2.0,241.09482555052787,1.0
1.0,1.0,1.0,1.0,3.0,3.0,1.0,1.0,1.0,1.0,2.0,2.0,232.18117143095694,1.0
0.0,0.0,1.0,1.0,1.0,2.0,1.0,0.0,0.0,3.0,1.0,2.0,617.2654196149753,0.0
1.0,0.0,1.0,2.0,3.0,3.0,0.0,0.0,0.0,3.0,3.0,2.0,272.26456584737616,1.0
1.0,0.0,1.0,1.0,1.0,1.0,0.0,0.0,0.0,3.0,1.0,2.0,533.4091736317812,1.0
1.0,0.0,1.0,1.0,1.0,1.0,1.0,0.0,0.0,3.0,4.0,2.0,171.6920652507105,1.0
0.0,0.0,1.0,1.0,1.0,1.0,1.0,0.0,0.0,3.0,1.0,2.0,352.1279045656533,0.0
0.0,0.0,1.0,1.0,2.0,3.0,1.0,1.0,0.0,1.0,2.0,2.0,737.3831991699769,1.0
1.0,1.0,1.0,1.0,3.0,3.0,1.0,1.0,1.0,1.0,2.0,2.0,70.34264219369581,0.0
1.0,1.0,1.0,1.0,1.0,3.0,1.0,0.0,0.0,1.0,1.0,2.0,0.0,1.0
0.0,0.0,1.0,1.0,3.0,2.0,1.0,1.0,0.0,3.0,1.0,2.0,196.67907924978005,0.0
1.0,0.0,1.0,1.0,1.0,1.0,0.0,0.0,0.0,3.0,1.0,2.0,219.62831030303684,1.0
0.0,0.0,1.0,2.0,3.0,3.0,0.0,0.0,0.0,3.0,1.0,2.0,0.0,1.0
0.0,0.0,1.0,1.0,1.0,3.0,1.0,1.0,1.0,1.0,5.0,2.0,567.2178455153671,0.0
0.0,0.0,1.0,1.0,3.0,3.0,1.0,0.0,0.0,3.0,2.0,2.0,202.30884400104043,1.0
0.0,0.0,1.0,1.0,1.0,1.0,1.0,1.0,0.0,1.0,3.0,2.0,230.54793423494192,0.0
1.0,1.0,1.0,1.0,1.0,3.0,1.0,1.0,1.0,1.0,3.0,2.0,0.0,1.0
1.0,0.0,1.0,1.0,1.0,1.0,1.0,1.0,0.0,1.0,2.0,2.0,171.6920652507105,1.0
1.0,0.0,1.0,1.0,1.0,2.0,1.0,0.0,0.0,3.0,1.0,2.0,210.0754034806166,1.0
0.0,0.0,1.0,1.0,1.0,3.0,0.0,0.0,0.0,3.0,3.0,2.0,294.95327966799084,0.0
1.0,0.0,1.0,1.0,1.0,2.0,1.0,0.0,0.0,1.0,3.0,2.0,278.1170146538536,0.0
0.0,0.0,1.0,1.0,1.0,1.0,1.0,0.0,0.0,3.0,1.0,2.0,400.3295209233722,1.0
0.0,0.0,1.0,1.0,1.0,2.0,1.0,0.0,0.0,1.0,1.0,2.0,288.76752594827803,1.0
1.0,0.0,1.0,1.0,1.0,1.0,1.0,1.0,0.0,2.0,3.0,2.0,0.0,1.0
0.0,0.0,1.0,1.0,1.0,1.0,1.0,0.0,0.0,2.0,1.0,2.0,741.14164069309,0.0
1.0,0.0,1.0,1.0,1.0,1.0,1.0,1.0,0.0,1.0,3.0,2.0,168.29982346636368,0.0
0.0,0.0,1.0,1.0,1.0,2.0,1.0,1.0,1.0,1.0,2.0,2.0,326.25522178097435,1.0
0.0,1.0,1.0,1.0,1.0,2.0,1.0,1.0,0.0,1.0,6.0,2.0,175.78394590420362,1.0
1.0,0.0,1.0,1.0,1.0,2.0,1.0,0.0,0.0,1.0,3.0,2.0,313.53086525300193,0.0
1.0,1.0,1.0,1.0,1.0,2.0,1.0,1.0,0.0,1.0,2.0,2.0,18.457675763661236,1.0
1.0,0.0,1.0,1.0,1.0,2.0,1.0,1.0,1.0,1.0,2.0,2.0,212.26852943714053,0.0
0.0,1.0,1.0,1.0,1.0,3.0,1.0,1.0,0.0,1.0,2.0,2.0,0.0,0.0
1.0,0.0,1.0,1.0,3.0,3.0,0.0,1.0,1.0,2.0,3.0,2.0,536.8149689957434,1.0
1.0,0.0,1.0,3.0,1.0,1.0,0.0,0.0,0.0,2.0,2.0,2.0,0.0,1.0
0.0,0.0,1.0,3.0,3.0,3.0,1.0,0.0,0.0,1.0,4.0,2.0,24.754040344812964,1.0
1.0,0.0,1.0,1.0,1.0,3.0,1.0,1.0,1.0,1.0,6.0,2.0,378.04442969625666,0.0
0.0,0.0,1.0,3.0,1.0,3.0,1.0,0.0,0.0,2.0,1.0,2.0,234.39245519500312,0.0
1.0,1.0,1.0,1.0,1.0,2.0,1.0,0.0,0.0,2.0,2.0,2.0,250.24803048191512,1.0
0.0,0.0,1.0,2.0,3.0,3.0,1.0,1.0,0.0,1.0,2.0,2.0,626.3246285242308,0.0
1.0,0.0,1.0,2.0,1.0,2.0,1.0,1.0,1.0,1.0,2.0,2.0,155.8936824976449,1.0
1.0,0.0,1.0,1.0,1.0,1.0,1.0,1.0,0.0,1.0,1.0,2.0,42.16501599395315,1.0
0.0,0.0,1.0,1.0,1.0,3.0,1.0,0.0,0.0,3.0,5.0,2.0,408.2879840719572,0.0
1.0,0.0,1.0,1.0,1.0,2.0,0.0,0.0,0.0,3.0,1.0,2.0,228.56072942069957,0.0
1.0,0.0,1.0,1.0,1.0,3.0,1.0,1.0,1.0,1.0,2.0,2.0,251.05998091632864,1.0
1.0,0.0,1.0,2.0,1.0,1.0,1.0,1.0,1.0,1.0,2.0,2.0,0.0,0.0
0.0,0.0,1.0,1.0,1.0,1.0,1.0,1.0,0.0,1.0,2.0,2.0,176.74818812373172,1.0
1.0,0.0,1.0,1.0,1.0,1.0,1.0,0.0,0.0,2.0,3.0,2.0,206.3286885787373,1.0
1.0,1.0,1.0,1.0,1.0,1.0,1.0,1.0,0.0,1.0,2.0,2.0,381.57770240517505,1.0
1.0,0.0,1.0,1.0,3.0,2.0,0.0,0.0,0.0,3.0,1.0,2.0,157.37643859495506,1.0
0.0,0.0,0.0,2.0,1.0,1.0,1.0,0.0,0.0,3.0,1.0,1.0,428.64442290152545,1.0
0.0,0.0,1.0,1.0,3.0,3.0,1.0,0.0,0.0,2.0,2.0,2.0,652.9811837572904,1.0
1.0,1.0,1.0,1.0,2.0,3.0,1.0,1.0,1.0,2.0,2.0,2.0,238.90485992062574,1.0
0.0,0.0,1.0,3.0,3.0,1.0,0.0,0.0,0.0,3.0,1.0,2.0,638.1200762047879,1.0
0.0,0.0,1.0,1.0,1.0,1.0,1.0,0.0,0.0,2.0,2.0,2.0,75.70100302948173,1.0
1.0,0.0,1.0,1.0,3.0,3.0,1.0,0.0,0.0,2.0,2.0,2.0,0.0,0.0
1.0,1.0,1.0,1.0,1.0,2.0,1.0,0.0,1.0,2.0,3.0,2.0,29.254496153477874,1.0
0.0,0.0,1.0,2.0,1.0,1.0,1.0,0.0,0.0,3.0,1.0,2.0,0.0,1.0
0.0,0.0,1.0,3.0,1.0,1.0,1.0,0.0,0.0,3.0,2.0,2.0,341.381764068751,0.0
0.0,0.0,1.0,1.0,1.0,1.0,1.0,1.0,0.0,1.0,2.0,2.0,21.653239166456522,1.0
0.0,0.0,1.0,1.0,3.0,3.0,1.0,0.0,0.0,1.0,6.0,2.0,377.0051960171247,1.0
0.0,0.0,1.0,1.0,1.0,1.0,0.0,1.0,0.0,3.0,2.0,2.0,74.4330096346943,1.0
1.0,0.0,1.0,1.0,3.0,3.0,0.0,1.0,0.0,3.0,2.0,2.0,102.8528860406685,1.0
0.0,0.0,1.0,2.0,1.0,3.0,1.0,0.0,0.0,3.0,2.0,2.0,283.53332227219255,1.0
0.0,0.0,0.0,2.0,1.0,1.0,1.0,0.0,0.0,3.0,1.0,1.0,359.1564410500957,1.0
0.0,0.0,1.0,1.0,2.0,3.0,1.0,1.0,1.0,2.0,2.0,2.0,408.66602850165356,0.0
1.0,1.0,1.0,1.0,3.0,3.0,1.0,1.0,1.0,3.0,1.0,2.0,587.5484961808454,1.0
1.0,0.0,1.0,1.0,1.0,1.0,0.0,0.0,0.0,3.0,2.0,2.0,18.044365972047103,1.0
0.0,0.0,1.0,1.0,1.0,1.0,1.0,0.0,0.0,2.0,1.0,2.0,255.0113589628167,1.0
0.0,0.0,1.0,1.0,1.0,3.0,1.0,0.0,0.0,2.0,2.0,2.0,0.0,0.0
1.0,0.0,1.0,1.0,1.0,1.0,1.0,0.0,0.0,2.0,3.0,2.0,251.39954574801064,1.0
0.0,0.0,0.0,1.0,1.0,2.0,1.0,1.0,0.0,1.0,3.0,1.0,259.3376135234375,1.0
1.0,0.0,1.0,1.0,1.0,1.0,0.0,0.0,0.0,3.0,3.0,2.0,0.0,1.0
0.0,0.0,0.0,1.0,1.0,1.0,1.0,0.0,0.0,1.0,3.0,1.0,28.824791978386926,1.0
0.0,0.0,1.0,1.0,3.0,1.0,1.0,0.0,0.0,1.0,3.0,2.0,427.3880268316875,0.0
0.0,0.0,1.0,1.0,1.0,2.0,0.0,0.0,0.0,3.0,3.0,2.0,159.61486860498852,1.0
0.0,0.0,1.0,1.0,1.0,1.0,1.0,1.0,0.0,1.0,2.0,2.0,80.79675927898789,0.0
1.0,0.0,1.0,3.0,1.0,3.0,0.0,1.0,0.0,2.0,2.0,2.0,75.1225963121137,1.0
0.0,0.0,1.0,1.0,1.0,1.0,1.0,0.0,0.0,3.0,2.0,2.0,0.0,0.0
0.0,0.0,1.0,2.0,1.0,3.0,1.0,0.0,0.0,2.0,3.0,2.0,301.6794548976128,0.0
1.0,1.0,1.0,1.0,1.0,2.0,1.0,1.0,1.0,1.0,2.0,2.0,82.03995146338386,0.0
1.0,1.0,1.0,1.0,1.0,2.0,1.0,1.0,1.0,1.0,2.0,2.0,74.59869528454296,1.0
0.0,0.0,1.0,3.0,1.0,2.0,1.0,1.0,0.0,1.0,1.0,2.0,30.0,0.0
1.0,1.0,1.0,1.0,3.0,3.0,1.0,1.0,0.0,1.0,2.0,2.0,304.32576590548666,1.0
1.0,0.0,1.0,1.0,1.0,3.0,1.0,1.0,0.0,1.0,2.0,2.0,197.30176744178834,0.0
0.0,0.0,1.0,2.0,3.0,3.0,0.0,1.0,1.0,2.0,2.0,2.0,190.73792587365972,1.0
0.0,0.0,1.0,1.0,1.0,1.0,1.0,1.0,0.0,1.0,3.0,2.0,336.4921276728237,1.0
0.0,0.0,1.0,2.0,1.0,3.0,1.0,0.0,0.0,1.0,2.0,2.0,297.02500831822607,0.0
0.0,0.0,1.0,1.0,1.0,1.0,1.0,1.0,1.0,1.0,3.0,2.0,23.818563083102177,1.0
1.0,0.0,1.0,1.0,1.0,1.0,1.0,1.0,0.0,1.0,3.0,2.0,16.66799087480932,0.0
1.0,0.0,1.0,2.0,1.0,1.0,1.0,1.0,0.0,1.0,1.0,2.0,65.68149213825147,1.0
0.0,1.0,1.0,3.0,3.0,3.0,0.0,0.0,0.0,3.0,1.0,2.0,227.34466992396688,0.0
0.0,0.0,1.0,1.0,2.0,3.0,1.0,0.0,0.0,2.0,1.0,2.0,226.26611827833148,0.0
0.0,0.0,1.0,1.0,1.0,1.0,0.0,0.0,0.0,3.0,2.0,2.0,98.99860946903922,1.0
1.0,1.0,1.0,1.0,1.0,1.0,1.0,1.0,1.0,3.0,2.0,2.0,0.0,0.0
1.0,0.0,1.0,1.0,1.0,2.0,1.0,1.0,1.0,2.0,1.0,2.0,168.2740131882514,0.0
0.0,0.0,1.0,1.0,1.0,1.0,1.0,0.0,0.0,2.0,3.0,2.0,230.5342316384165,0.0
1.0,0.0,1.0,1.0,2.0,3.0,1.0,0.0,0.0,2.0,1.0,2.0,492.475543275287,1.0
0.0,0.0,1.0,1.0,1.0,2.0,1.0,0.0,0.0,3.0,2.0,2.0,402.5790694462862,1.0
0.0,0.0,1.0,1.0,1.0,1.0,1.0,0.0,0.0,3.0,2.0,2.0,470.7372929346361,0.0
1.0,1.0,1.0,1.0,3.0,3.0,1.0,1.0,1.0,1.0,2.0,2.0,0.0,1.0
1.0,1.0,1.0,2.0,3.0,3.0,1.0,0.0,0.0,3.0,2.0,2.0,136.49017772675504,1.0
0.0,1.0,1.0,2.0,1.0,1.0,0.0,0.0,0.0,2.0,2.0,2.0,0.0,1.0
0.0,0.0,1.0,1.0,1.0,3.0,0.0,0.0,0.0,3.0,2.0,2.0,454.8092425625851,0.0
1.0,0.0,1.0,1.0,1.0,2.0,0.0,0.0,0.0,3.0,2.0,2.0,30.0,0.0
0.0,0.0,1.0,1.0,2.0,3.0,1.0,0.0,0.0,3.0,2.0,2.0,213.72231109510153,0.0
1.0,1.0,1.0,1.0,1.0,2.0,1.0,0.0,0.0,3.0,2.0,2.0,0.0,1.0
0.0,0.0,1.0,1.0,1.0,1.0,1.0,0.0,0.0,1.0,3.0,2.0,400.9597769752985,1.0
0.0,0.0,1.0,1.0,1.0,3.0,1.0,0.0,0.0,1.0,5.0,2.0,222.98176410349828,1.0
0.0,0.0,1.0,1.0,1.0,1.0,1.0,1.0,0.0,2.0,2.0,2.0,0.0,0.0
1.0,1.0,1.0,1.0,1.0,2.0,0.0,1.0,1.0,2.0,2.0,2.0,259.63110078737964,1.0
1.0,1.0,1.0,2.0,3.0,3.0,0.0,0.0,0.0,3.0,1.0,2.0,159.7998970328771,1.0
1.0,1.0,1.0,1.0,2.0,3.0,1.0,0.0,0.0,1.0,2.0,2.0,211.60087745955212,0.0
1.0,1.0,1.0,1.0,3.0,3.0,1.0,1.0,1.0,1.0,2.0,2.0,378.87313911809616,1.0
1.0,0.0,1.0,2.0,1.0,1.0,1.0,1.0,1.0,1.0,2.0,2.0,0.0,1.0
1.0,0.0,1.0,2.0,1.0,1.0,0.0,0.0,0.0,3.0,1.0,2.0,17.755264098805533,0.0
0.0,0.0,1.0,1.0,1.0,1.0,1.0,0.0,0.0,2.0,3.0,2.0,0.0,0.0
0.0,0.0,1.0,3.0,2.0,2.0,1.0,1.0,0.0,1.0,1.0,2.0,198.74803448639517,1.0
0.0,0.0,1.0,1.0,1.0,1.0,1.0,0.0,0.0,3.0,1.0,2.0,217.37554707534755,0.0
0.0,0.0,1.0,1.0,1.0,1.0,0.0,1.0,0.0,2.0,2.0,2.0,0.0,1.0
1.0,1.0,1.0,1.0,1.0,2.0,0.0,1.0,1.0,2.0,1.0,2.0,302.7876827753433,1.0
1.0,0.0,1.0,2.0,1.0,1.0,1.0,1.0,1.0,1.0,3.0,2.0,0.0,1.0
1.0,1.0,1.0,1.0,2.0,3.0,1.0,1.0,1.0,1.0,2.0,2.0,36.19021509371333,0.0
0.0,0.0,1.0,1.0,1.0,1.0,1.0,0.0,0.0,2.0,1.0,2.0,0.0,1.0
1.0,0.0,1.0,1.0,1.0,1.0,1.0,0.0,0.0,2.0,2.0,2.0,0.0,1.0
0.0,0.0,1.0,1.0,1.0,2.0,1.0,0.0,0.0,2.0,2.0,2.0,115.26780446435116,1.0
0.0,0.0,1.0,1.0,1.0,1.0,0.0,0.0,0.0,2.0,1.0,2.0,322.83465485454036,0.0
1.0,0.0,1.0,1.0,3.0,3.0,0.0,0.0,0.0,3.0,2.0,2.0,448.49788750299064,1.0
0.0,0.0,1.0,1.0,1.0,1.0,0.0,1.0,0.0,3.0,1.0,2.0,277.1645982177791,0.0
0.0,0.0,1.0,1.0,1.0,1.0,0.0,0.0,0.0,3.0,4.0,2.0,567.0666445443851,1.0
1.0,0.0,1.0,1.0,1.0,2.0,0.0,0.0,0.0,2.0,3.0,2.0,259.63110078737964,1.0
0.0,0.0,0.0,1.0,1.0,1.0,1.0,0.0,0.0,3.0,1.0,1.0,213.12511976479863,1.0
0.0,0.0,1.0,1.0,3.0,3.0,0.0,1.0,0.0,2.0,2.0,2.0,417.30399151497954,0.0
0.0,0.0,1.0,1.0,1.0,1.0,0.0,1.0,1.0,2.0,3.0,2.0,420.57442803708545,1.0
0.0,0.0,1.0,1.0,1.0,1.0,1.0,1.0,0.0,1.0,3.0,2.0,253.18025219358339,0.0
0.0,0.0,1.0,2.0,1.0,2.0,1.0,1.0,0.0,1.0,3.0,2.0,68.97122611233299,1.0
1.0,1.0,1.0,1.0,1.0,3.0,1.0,1.0,1.0,1.0,3.0,2.0,0.0,0.0
0.0,0.0,1.0,1.0,1.0,2.0,1.0,1.0,0.0,1.0,2.0,3.0,203.9047993880393,0.0
0.0,0.0,1.0,1.0,1.0,1.0,1.0,0.0,0.0,3.0,2.0,2.0,154.91922417141703,0.0
0.0,1.0,1.0,2.0,1.0,3.0,1.0,1.0,1.0,3.0,1.0,2.0,317.55732094485563,1.0
0.0,0.0,1.0,2.0,1.0,1.0,1.0,0.0,0.0,3.0,1.0,2.0,480.56624860746695,1.0
0.0,0.0,1.0,1.0,1.0,1.0,0.0,0.0,0.0,3.0,1.0,2.0,13.858073066532175,1.0
1.0,1.0,1.0,2.0,2.0,2.0,1.0,0.0,1.0,2.0,1.0,2.0,216.95084648050008,1.0
1.0,1.0,1.0,1.0,1.0,2.0,0.0,1.0,1.0,2.0,3.0,2.0,86.7379870980175,1.0
1.0,0.0,1.0,1.0,1.0,1.0,1.0,1.0,1.0,1.0,2.0,2.0,412.0684283689196,1.0
1.0,0.0,1.0,1.0,1.0,1.0,1.0,0.0,0.0,3.0,2.0,2.0,0.0,1.0
0.0,0.0,1.0,1.0,1.0,2.0,1.0,0.0,0.0,2.0,2.0,2.0,300.8024050130265,0.0
0.0,0.0,1.0,1.0,1.0,2.0,1.0,0.0,0.0,3.0,1.0,2.0,289.9055454161764,0.0
0.0,0.0,1.0,3.0,1.0,1.0,1.0,0.0,0.0,2.0,2.0,2.0,410.6842937265908,1.0
0.0,0.0,1.0,2.0,1.0,2.0,1.0,0.0,0.0,2.0,2.0,2.0,30.0,0.0
1.0,1.0,1.0,1.0,1.0,1.0,1.0,0.0,0.0,2.0,2.0,2.0,226.826657817754,1.0
1.0,1.0,1.0,1.0,1.0,2.0,1.0,1.0,1.0,1.0,2.0,2.0,76.83595631704546,0.0
0.0,0.0,1.0,2.0,1.0,1.0,1.0,1.0,0.0,1.0,3.0,2.0,321.33776524181815,1.0
1.0,0.0,1.0,1.0,1.0,1.0,0.0,0.0,0.0,2.0,2.0,2.0,79.84788918250315,0.0
1.0,0.0,1.0,1.0,1.0,2.0,1.0,0.0,0.0,2.0,2.0,2.0,246.76355683969174,1.0
0.0,0.0,1.0,1.0,1.0,2.0,1.0,0.0,0.0,3.0,1.0,2.0,300.1347596584453,0.0
0.0,1.0,1.0,2.0,1.0,3.0,0.0,0.0,0.0,2.0,1.0,2.0,558.0847913636675,1.0
1.0,1.0,1.0,1.0,1.0,3.0,1.0,1.0,1.0,1.0,2.0,2.0,308.1062102024492,1.0
0.0,0.0,1.0,1.0,1.0,1.0,1.0,1.0,1.0,1.0,2.0,2.0,0.0,0.0
0.0,1.0,1.0,1.0,1.0,2.0,1.0,1.0,1.0,1.0,2.0,2.0,352.2519860629625,1.0
1.0,0.0,1.0,1.0,3.0,1.0,1.0,1.0,0.0,1.0,2.0,2.0,157.54146376877594,0.0
0.0,0.0,1.0,2.0,1.0,1.0,1.0,0.0,0.0,3.0,2.0,2.0,50.87702698735667,0.0
0.0,0.0,1.0,1.0,1.0,2.0,1.0,1.0,0.0,2.0,1.0,2.0,625.4199767716041,0.0
0.0,0.0,1.0,2.0,1.0,1.0,1.0,0.0,0.0,3.0,4.0,2.0,0.0,1.0
1.0,0.0,1.0,1.0,1.0,1.0,0.0,0.0,0.0,3.0,3.0,2.0,224.93643566927273,1.0
0.0,0.0,1.0,2.0,1.0,3.0,1.0,0.0,0.0,2.0,1.0,2.0,0.0,1.0
0.0,0.0,1.0,1.0,2.0,3.0,1.0,0.0,0.0,2.0,1.0,2.0,9.78726410323835,0.0
1.0,0.0,1.0,1.0,1.0,1.0,1.0,0.0,0.0,2.0,6.0,2.0,13.64154067486761,0.0
1.0,0.0,1.0,2.0,1.0,2.0,0.0,0.0,0.0,3.0,2.0,2.0,10.482066004016415,1.0
0.0,0.0,1.0,1.0,3.0,3.0,1.0,1.0,1.0,1.0,2.0,2.0,152.68148128573068,1.0
1.0,0.0,1.0,2.0,1.0,1.0,1.0,0.0,0.0,1.0,6.0,2.0,0.0,1.0
1.0,0.0,1.0,1.0,1.0,2.0,0.0,1.0,1.0,2.0,2.0,3.0,0.0,1.0
1.0,0.0,1.0,2.0,1.0,1.0,1.0,1.0,0.0,3.0,1.0,3.0,168.65200202968919,1.0
1.0,0.0,1.0,1.0,3.0,2.0,1.0,0.0,0.0,3.0,2.0,2.0,105.86458453225737,1.0
0.0,0.0,1.0,1.0,3.0,2.0,1.0,1.0,1.0,1.0,2.0,2.0,203.9047993880393,0.0
0.0,0.0,1.0,1.0,1.0,1.0,1.0,1.0,0.0,1.0,2.0,2.0,257.22829071068793,1.0
1.0,0.0,1.0,1.0,3.0,3.0,1.0,0.0,0.0,1.0,2.0,2.0,361.7885192193176,1.0
1.0,1.0,1.0,1.0,1.0,2.0,0.0,1.0,0.0,2.0,2.0,2.0,71.84474387947219,1.0
0.0,0.0,1.0,2.0,1.0,2.0,1.0,0.0,0.0,1.0,5.0,2.0,300.8024050130265,0.0
0.0,0.0,1.0,1.0,3.0,2.0,1.0,0.0,0.0,2.0,2.0,2.0,308.2220731359912,0.0
1.0,1.0,1.0,1.0,3.0,2.0,1.0,1.0,1.0,1.0,2.0,2.0,165.72101722751862,1.0
0.0,0.0,1.0,1.0,1.0,1.0,0.0,0.0,0.0,3.0,1.0,2.0,70.98990625056003,0.0
1.0,0.0,1.0,2.0,1.0,3.0,1.0,0.0,0.0,3.0,1.0,2.0,117.97471572449602,0.0
1.0,1.0,1.0,1.0,1.0,3.0,1.0,1.0,1.0,2.0,3.0,2.0,322.5516213437427,1.0
1.0,0.0,1.0,1.0,1.0,1.0,1.0,1.0,1.0,1.0,2.0,2.0,87.21202961609808,1.0
1.0,0.0,1.0,1.0,1.0,1.0,1.0,1.0,1.0,1.0,2.0,2.0,417.066617992631,1.0
0.0,0.0,1.0,1.0,1.0,3.0,1.0,1.0,0.0,1.0,2.0,3.0,624.1997919159189,1.0
0.0,0.0,1.0,1.0,1.0,1.0,0.0,0.0,0.0,3.0,1.0,3.0,302.35490323914814,1.0
0.0,0.0,1.0,1.0,3.0,2.0,0.0,0.0,0.0,2.0,1.0,2.0,0.0,1.0
1.0,1.0,1.0,1.0,2.0,2.0,1.0,0.0,1.0,3.0,1.0,2.0,185.04137145373704,0.0
1.0,0.0,1.0,1.0,3.0,2.0,1.0,1.0,1.0,2.0,2.0,2.0,176.12103912556898,0.0
1.0,0.0,1.0,1.0,3.0,1.0,0.0,1.0,1.0,2.0,2.0,2.0,136.18556027075294,1.0
1.0,0.0,1.0,1.0,3.0,3.0,1.0,1.0,0.0,1.0,3.0,2.0,0.0,0.0
1.0,1.0,1.0,1.0,1.0,2.0,1.0,1.0,0.0,1.0,3.0,3.0,30.0,0.0
0.0,0.0,1.0,3.0,3.0,3.0,1.0,1.0,1.0,1.0,2.0,3.0,0.0,0.0
0.0,0.0,1.0,1.0,1.0,3.0,1.0,1.0,0.0,1.0,6.0,2.0,842.607105453918,1.0
0.0,0.0,1.0,1.0,1.0,1.0,1.0,1.0,0.0,1.0,2.0,2.0,43.30647833291305,1.0
1.0,0.0,1.0,2.0,1.0,1.0,1.0,1.0,0.0,1.0,2.0,2.0,152.28540430529682,1.0
0.0,0.0,1.0,1.0,1.0,2.0,1.0,1.0,0.0,1.0,2.0,2.0,132.7524003874085,0.0
0.0,0.0,1.0,2.0,2.0,1.0,1.0,0.0,0.0,3.0,1.0,2.0,57.84013246143866,1.0
0.0,0.0,1.0,2.0,1.0,1.0,1.0,0.0,0.0,3.0,1.0,2.0,294.97535868510954,0.0
0.0,0.0,1.0,2.0,1.0,1.0,1.0,0.0,0.0,3.0,1.0,2.0,357.1567294512438,1.0
1.0,1.0,1.0,1.0,3.0,2.0,1.0,0.0,0.0,1.0,2.0,2.0,194.98189128582075,1.0
0.0,1.0,1.0,1.0,3.0,2.0,1.0,0.0,0.0,1.0,2.0,2.0,159.15473440082113,1.0
0.0,0.0,1.0,1.0,1.0,3.0,1.0,0.0,0.0,1.0,3.0,2.0,163.78583815537502,0.0
0.0,1.0,1.0,1.0,1.0,3.0,0.0,0.0,0.0,3.0,2.0,2.0,121.97991397103844,0.0
1.0,1.0,1.0,1.0,3.0,3.0,1.0,0.0,1.0,3.0,1.0,3.0,300.3032845510644,0.0
1.0,1.0,1.0,1.0,1.0,3.0,1.0,0.0,0.0,1.0,3.0,2.0,99.6049001657,1.0
1.0,0.0,1.0,1.0,1.0,1.0,1.0,0.0,0.0,1.0,2.0,2.0,0.0,1.0
1.0,0.0,1.0,1.0,1.0,1.0,1.0,0.0,0.0,1.0,3.0,2.0,126.4644927845028,0.0
0.0,0.0,1.0,1.0,1.0,1.0,1.0,0.0,0.0,3.0,2.0,2.0,0.0,1.0
1.0,0.0,1.0,1.0,3.0,2.0,0.0,0.0,0.0,2.0,2.0,2.0,359.5196015770405,0.0
0.0,0.0,1.0,1.0,1.0,3.0,1.0,0.0,0.0,3.0,3.0,2.0,307.3206361658017,1.0
1.0,0.0,1.0,1.0,3.0,3.0,0.0,0.0,0.0,2.0,2.0,2.0,668.5001104565554,1.0
0.0,0.0,1.0,1.0,3.0,2.0,1.0,0.0,0.0,3.0,1.0,2.0,0.0,1.0
0.0,0.0,1.0,1.0,1.0,1.0,0.0,0.0,0.0,3.0,1.0,2.0,0.0,0.0
1.0,1.0,1.0,1.0,3.0,3.0,1.0,1.0,1.0,2.0,2.0,2.0,413.3358179986818,0.0
1.0,0.0,1.0,1.0,3.0,1.0,0.0,1.0,1.0,2.0,2.0,2.0,309.61585336826346,1.0
1.0,0.0,1.0,1.0,3.0,2.0,0.0,1.0,1.0,2.0,2.0,2.0,269.00913106047807,1.0
1.0,0.0,1.0,1.0,3.0,2.0,0.0,1.0,1.0,2.0,1.0,2.0,376.3451217103757,1.0
0.0,0.0,1.0,1.0,1.0,2.0,1.0,0.0,0.0,3.0,1.0,2.0,30.0,0.0
0.0,0.0,1.0,1.0,1.0,1.0,0.0,0.0,0.0,3.0,2.0,2.0,679.0635274757349,1.0
0.0,0.0,1.0,1.0,3.0,3.0,0.0,0.0,0.0,3.0,1.0,2.0,77.85638758408066,0.0
0.0,0.0,1.0,1.0,1.0,2.0,1.0,0.0,0.0,1.0,6.0,2.0,0.0,1.0
0.0,0.0,1.0,1.0,1.0,1.0,1.0,1.0,0.0,1.0,2.0,2.0,117.32280853360638,1.0
1.0,0.0,1.0,1.0,1.0,1.0,1.0,1.0,0.0,1.0,2.0,2.0,0.0,0.0
1.0,1.0,1.0,1.0,1.0,1.0,1.0,1.0,1.0,1.0,2.0,3.0,45.44817709443069,1.0
0.0,0.0,1.0,1.0,1.0,1.0,1.0,0.0,0.0,2.0,3.0,3.0,268.33433677761366,1.0
0.0,0.0,1.0,1.0,1.0,2.0,1.0,0.0,0.0,3.0,1.0,2.0,203.9047993880393,0.0
0.0,0.0,1.0,2.0,1.0,2.0,0.0,0.0,0.0,2.0,1.0,2.0,493.8855903445946,1.0
1.0,0.0,1.0,1.0,3.0,2.0,1.0,0.0,0.0,2.0,2.0,3.0,51.31490730448064,0.0
0.0,0.0,1.0,2.0,1.0,3.0,0.0,0.0,0.0,3.0,1.0,3.0,338.37006750868267,1.0
1.0,1.0,1.0,1.0,1.0,3.0,1.0,0.0,0.0,3.0,1.0,3.0,51.72417505887302,1.0
0.0,0.0,1.0,1.0,1.0,1.0,1.0,0.0,0.0,3.0,1.0,3.0,222.011599877091,1.0
0.0,0.0,1.0,1.0,3.0,1.0,1.0,1.0,0.0,1.0,2.0,2.0,131.7338466505238,1.0
1.0,0.0,1.0,1.0,3.0,2.0,1.0,1.0,0.0,2.0,3.0,2.0,210.24085742059518,1.0
0.0,0.0,1.0,2.0,1.0,1.0,0.0,0.0,0.0,2.0,1.0,2.0,206.61297790722932,1.0
0.0,0.0,1.0,1.0,1.0,1.0,1.0,1.0,0.0,2.0,3.0,2.0,128.4405004842606,0.0
0.0,1.0,1.0,1.0,1.0,2.0,1.0,1.0,0.0,2.0,3.0,2.0,261.353584358109,1.0
1.0,1.0,1.0,1.0,1.0,1.0,1.0,0.0,0.0,2.0,2.0,2.0,270.9767577719498,1.0
1.0,1.0,1.0,1.0,3.0,3.0,0.0,1.0,1.0,2.0,3.0,3.0,277.90235238360543,1.0
0.0,0.0,1.0,1.0,1.0,3.0,0.0,1.0,0.0,2.0,3.0,2.0,599.9255557320589,1.0
1.0,1.0,1.0,2.0,1.0,2.0,1.0,1.0,1.0,2.0,3.0,2.0,209.92935212841593,0.0
1.0,0.0,1.0,2.0,1.0,1.0,0.0,0.0,0.0,3.0,3.0,3.0,0.0,1.0
1.0,0.0,1.0,3.0,1.0,2.0,0.0,0.0,0.0,3.0,3.0,3.0,30.0,0.0
1.0,0.0,1.0,1.0,3.0,2.0,1.0,1.0,0.0,1.0,2.0,2.0,0.0,1.0
1.0,0.0,1.0,1.0,3.0,3.0,1.0,0.0,0.0,2.0,3.0,2.0,1071.4701883537316,1.0
1.0,0.0,1.0,1.0,3.0,3.0,1.0,1.0,0.0,1.0,5.0,2.0,0.0,0.0
1.0,1.0,1.0,1.0,1.0,2.0,1.0,0.0,0.0,2.0,2.0,3.0,210.24085742059518,1.0
1.0,0.0,1.0,1.0,1.0,1.0,1.0,0.0,0.0,1.0,6.0,2.0,0.0,0.0
1.0,0.0,1.0,1.0,1.0,1.0,0.0,0.0,0.0,3.0,3.0,2.0,118.95729891432761,1.0
1.0,1.0,1.0,1.0,3.0,3.0,1.0,0.0,1.0,1.0,1.0,3.0,526.0687698538419,1.0
1.0,0.0,1.0,1.0,3.0,2.0,1.0,0.0,1.0,3.0,1.0,3.0,149.26711652725504,0.0
0.0,0.0,1.0,1.0,1.0,2.0,0.0,0.0,0.0,3.0,1.0,2.0,143.38308871468058,0.0
0.0,1.0,1.0,1.0,1.0,3.0,0.0,0.0,0.0,3.0,1.0,2.0,238.0308073282464,1.0
1.0,1.0,1.0,1.0,1.0,1.0,1.0,1.0,1.0,2.0,2.0,3.0,18.442738531073324,1.0
1.0,0.0,1.0,1.0,3.0,2.0,1.0,0.0,0.0,2.0,2.0,2.0,0.0,1.0
0.0,1.0,1.0,1.0,1.0,3.0,0.0,1.0,0.0,2.0,1.0,2.0,0.0,1.0
0.0,0.0,1.0,1.0,1.0,1.0,1.0,0.0,0.0,2.0,2.0,2.0,229.0352336310816,0.0
0.0,0.0,1.0,1.0,1.0,2.0,1.0,1.0,0.0,1.0,3.0,2.0,238.77021677005882,0.0
1.0,1.0,1.0,1.0,1.0,3.0,1.0,1.0,1.0,1.0,2.0,2.0,27.535702473343882,0.0
0.0,0.0,1.0,1.0,1.0,1.0,1.0,0.0,0.0,3.0,2.0,2.0,0.0,1.0
1.0,0.0,1.0,1.0,1.0,1.0,1.0,0.0,0.0,3.0,4.0,3.0,307.28703483561526,0.0
0.0,0.0,1.0,1.0,3.0,3.0,0.0,1.0,0.0,2.0,2.0,2.0,16.466730831315466,0.0
0.0,0.0,1.0,1.0,3.0,1.0,0.0,0.0,0.0,3.0,1.0,2.0,452.1303117310556,1.0
1.0,0.0,1.0,1.0,1.0,2.0,1.0,1.0,0.0,3.0,1.0,2.0,30.0,0.0
1.0,0.0,1.0,2.0,1.0,1.0,1.0,0.0,0.0,3.0,1.0,2.0,0.0,0.0
0.0,0.0,1.0,1.0,1.0,1.0,1.0,0.0,0.0,2.0,1.0,2.0,268.54124192329493,1.0
0.0,0.0,1.0,1.0,3.0,2.0,0.0,0.0,0.0,3.0,1.0,2.0,320.1563247846865,1.0
0.0,0.0,1.0,2.0,1.0,3.0,1.0,0.0,0.0,2.0,2.0,2.0,321.252084691595,1.0
0.0,0.0,1.0,1.0,3.0,3.0,1.0,0.0,0.0,2.0,2.0,2.0,385.502501629914,0.0
1.0,0.0,1.0,1.0,3.0,3.0,1.0,1.0,1.0,1.0,1.0,2.0,137.24835610074123,1.0
0.0,1.0,1.0,1.0,1.0,3.0,1.0,0.0,0.0,1.0,2.0,2.0,359.3685358521419,0.0
0.0,0.0,1.0,1.0,1.0,2.0,0.0,0.0,0.0,3.0,5.0,3.0,309.90565489781596,1.0
0.0,0.0,1.0,2.0,3.0,3.0,1.0,0.0,0.0,3.0,1.0,3.0,311.9559234459489,1.0
1.0,0.0,1.0,1.0,2.0,3.0,0.0,1.0,1.0,2.0,3.0,3.0,192.23233637513442,1.0
1.0,0.0,1.0,1.0,1.0,3.0,0.0,1.0,0.0,2.0,3.0,2.0,61.107273712529214,1.0
0.0,0.0,1.0,1.0,1.0,2.0,0.0,0.0,0.0,3.0,2.0,2.0,368.2716467017295,0.0
0.0,0.0,1.0,1.0,1.0,1.0,0.0,0.0,0.0,3.0,1.0,2.0,92.21369265536663,1.0
1.0,1.0,1.0,1.0,1.0,2.0,0.0,0.0,0.0,3.0,1.0,3.0,54.44650701892942,0.0
0.0,1.0,1.0,1.0,1.0,3.0,1.0,0.0,0.0,2.0,2.0,3.0,0.0,0.0
0.0,0.0,1.0,1.0,1.0,1.0,1.0,0.0,0.0,1.0,2.0,2.0,0.0,0.0
0.0,0.0,1.0,2.0,1.0,3.0,1.0,0.0,0.0,1.0,2.0,2.0,261.5561140256512,1.0
0.0,0.0,1.0,1.0,1.0,3.0,1.0,0.0,0.0,2.0,1.0,3.0,504.13428591080094,0.0
1.0,0.0,1.0,1.0,1.0,2.0,1.0,0.0,0.0,2.0,3.0,3.0,69.99799201242294,1.0
0.0,0.0,1.0,1.0,1.0,1.0,1.0,0.0,0.0,2.0,5.0,2.0,241.2370029386375,1.0
1.0,0.0,1.0,2.0,1.0,1.0,1.0,0.0,0.0,3.0,4.0,2.0,52.554188418678336,0.0
0.0,0.0,1.0,1.0,2.0,3.0,1.0,1.0,1.0,3.0,2.0,3.0,259.8998043253699,0.0
0.0,0.0,1.0,1.0,1.0,2.0,1.0,1.0,1.0,1.0,2.0,2.0,140.69854905011306,1.0
1.0,0.0,1.0,1.0,3.0,2.0,1.0,0.0,0.0,2.0,1.0,3.0,196.66666911566264,1.0
0.0,0.0,1.0,1.0,1.0,1.0,1.0,1.0,0.0,1.0,2.0,2.0,175.5817882644714,1.0
0.0,0.0,1.0,1.0,1.0,1.0,1.0,0.0,0.0,2.0,1.0,2.0,610.69366893578,1.0
0.0,0.0,1.0,1.0,1.0,2.0,1.0,0.0,0.0,2.0,2.0,3.0,30.0,0.0
0.0,0.0,1.0,1.0,1.0,2.0,1.0,1.0,0.0,1.0,2.0,2.0,121.94119585640874,1.0
1.0,0.0,1.0,1.0,1.0,2.0,1.0,1.0,0.0,1.0,2.0,2.0,334.99208529569853,0.0
1.0,0.0,1.0,1.0,3.0,3.0,1.0,0.0,0.0,1.0,1.0,3.0,517.5860005326577,0.0
0.0,0.0,1.0,1.0,1.0,2.0,1.0,0.0,0.0,2.0,3.0,3.0,220.3488888204276,1.0
1.0,1.0,1.0,1.0,1.0,3.0,1.0,1.0,1.0,2.0,2.0,3.0,12.763357030042265,0.0
1.0,0.0,1.0,1.0,1.0,1.0,1.0,0.0,0.0,2.0,6.0,2.0,0.0,1.0
0.0,0.0,1.0,1.0,1.0,1.0,1.0,0.0,0.0,1.0,3.0,3.0,0.0,0.0
1.0,0.0,1.0,1.0,1.0,1.0,1.0,0.0,0.0,1.0,3.0,3.0,12.143858299187702,1.0
1.0,0.0,1.0,1.0,1.0,1.0,1.0,1.0,0.0,1.0,1.0,3.0,0.0,1.0
1.0,1.0,1.0,1.0,1.0,2.0,1.0,1.0,1.0,1.0,2.0,3.0,30.0,0.0
1.0,1.0,1.0,1.0,3.0,3.0,1.0,1.0,1.0,1.0,2.0,3.0,0.0,1.0
0.0,1.0,1.0,2.0,1.0,1.0,1.0,1.0,0.0,1.0,2.0,3.0,0.0,0.0
1.0,1.0,1.0,1.0,1.0,2.0,1.0,1.0,1.0,1.0,2.0,3.0,0.0,1.0
1.0,0.0,1.0,1.0,3.0,3.0,1.0,1.0,1.0,1.0,2.0,3.0,0.0,0.0
1.0,1.0,1.0,1.0,1.0,3.0,1.0,1.0,1.0,1.0,2.0,3.0,0.0,0.0
0.0,0.0,1.0,1.0,3.0,3.0,1.0,1.0,1.0,1.0,2.0,2.0,104.38226286467089,0.0
1.0,0.0,1.0,1.0,3.0,2.0,0.0,0.0,0.0,3.0,2.0,2.0,44.21534540406533,0.0
0.0,0.0,1.0,1.0,3.0,2.0,0.0,0.0,0.0,2.0,3.0,3.0,268.18563083102174,0.0
0.0,0.0,1.0,1.0,1.0,1.0,1.0,0.0,0.0,1.0,5.0,2.0,339.2840941826232,1.0
1.0,0.0,1.0,1.0,3.0,1.0,1.0,1.0,1.0,1.0,1.0,2.0,716.3921488622567,0.0
0.0,0.0,1.0,1.0,3.0,3.0,1.0,0.0,0.0,1.0,2.0,3.0,137.2227569276289,0.0
0.0,0.0,1.0,1.0,1.0,3.0,0.0,0.0,0.0,3.0,2.0,3.0,344.49835603286135,1.0
0.0,0.0,1.0,1.0,1.0,1.0,1.0,0.0,0.0,2.0,1.0,3.0,160.50403155847775,1.0
0.0,0.0,1.0,2.0,1.0,1.0,1.0,0.0,0.0,2.0,1.0,3.0,0.0,0.0
1.0,0.0,1.0,1.0,3.0,3.0,0.0,1.0,1.0,2.0,1.0,2.0,363.34433521940036,1.0
1.0,0.0,1.0,1.0,3.0,2.0,1.0,1.0,1.0,2.0,1.0,2.0,131.69131171434924,0.0
0.0,0.0,1.0,1.0,1.0,1.0,0.0,0.0,0.0,3.0,1.0,2.0,16.489601290803407,1.0
0.0,0.0,1.0,2.0,1.0,3.0,1.0,0.0,1.0,3.0,1.0,3.0,354.48431996717187,1.0
1.0,0.0,1.0,1.0,1.0,2.0,1.0,1.0,1.0,2.0,2.0,3.0,239.30967443123265,1.0
0.0,0.0,1.0,1.0,1.0,3.0,1.0,1.0,1.0,2.0,2.0,2.0,282.63124811230966,0.0
0.0,0.0,1.0,1.0,1.0,1.0,1.0,1.0,1.0,2.0,2.0,2.0,0.0,1.0
0.0,0.0,1.0,1.0,3.0,2.0,1.0,0.0,0.0,1.0,2.0,3.0,30.0,0.0
1.0,1.0,1.0,1.0,1.0,3.0,0.0,0.0,1.0,3.0,3.0,3.0,173.56451949853016,1.0
1.0,0.0,1.0,1.0,3.0,3.0,1.0,1.0,0.0,3.0,2.0,3.0,0.0,1.0
0.0,0.0,1.0,1.0,1.0,1.0,1.0,0.0,0.0,1.0,2.0,2.0,78.06553422767095,0.0
0.0,0.0,1.0,1.0,3.0,2.0,0.0,0.0,0.0,3.0,1.0,3.0,166.7028969093824,1.0
1.0,0.0,1.0,1.0,1.0,1.0,1.0,1.0,1.0,2.0,2.0,3.0,210.38624540630312,1.0
0.0,0.0,1.0,1.0,1.0,3.0,1.0,0.0,0.0,2.0,1.0,3.0,0.0,1.0
0.0,0.0,1.0,1.0,1.0,3.0,1.0,0.0,0.0,2.0,1.0,3.0,460.02832660865937,0.0
0.0,0.0,1.0,1.0,1.0,3.0,1.0,0.0,0.0,2.0,3.0,3.0,340.47879778528466,1.0
1.0,1.0,1.0,1.0,1.0,3.0,1.0,0.0,1.0,1.0,2.0,3.0,85.74682709916783,1.0
0.0,0.0,1.0,1.0,1.0,2.0,1.0,0.0,0.0,1.0,3.0,2.0,741.486204110163,0.0
1.0,1.0,1.0,1.0,1.0,3.0,0.0,0.0,0.0,3.0,1.0,2.0,0.0,1.0
0.0,0.0,1.0,3.0,1.0,1.0,0.0,0.0,0.0,3.0,2.0,2.0,176.9617323355952,1.0
0.0,0.0,1.0,2.0,1.0,2.0,1.0,1.0,0.0,1.0,6.0,3.0,265.54843387272945,0.0
0.0,0.0,1.0,1.0,1.0,2.0,1.0,0.0,0.0,1.0,2.0,3.0,153.73632420055284,1.0
1.0,0.0,1.0,1.0,1.0,1.0,0.0,0.0,0.0,2.0,2.0,3.0,154.98651517507636,0.0
0.0,0.0,1.0,1.0,1.0,3.0,0.0,0.0,0.0,2.0,1.0,3.0,232.54037454041625,1.0
1.0,0.0,1.0,1.0,3.0,3.0,0.0,0.0,0.0,2.0,2.0,3.0,155.70487071724892,1.0
0.0,0.0,1.0,1.0,2.0,2.0,0.0,0.0,0.0,2.0,2.0,3.0,282.23715807719077,1.0
1.0,0.0,1.0,1.0,1.0,1.0,1.0,0.0,0.0,2.0,1.0,2.0,18.866531755051934,0.0
1.0,1.0,1.0,2.0,3.0,3.0,1.0,0.0,1.0,1.0,2.0,3.0,0.0,1.0
1.0,1.0,1.0,2.0,3.0,3.0,0.0,0.0,0.0,2.0,2.0,2.0,0.0,1.0
0.0,0.0,1.0,2.0,3.0,2.0,0.0,0.0,0.0,2.0,1.0,2.0,312.47413658994685,1.0
1.0,0.0,1.0,1.0,1.0,1.0,1.0,0.0,0.0,2.0,1.0,2.0,299.03436190013883,1.0
1.0,1.0,0.0,1.0,1.0,2.0,1.0,0.0,0.0,1.0,3.0,1.0,215.66480777028946,0.0
1.0,0.0,1.0,1.0,1.0,1.0,0.0,0.0,0.0,3.0,1.0,3.0,100.11014241291733,1.0
1.0,0.0,1.0,1.0,3.0,2.0,0.0,0.0,0.0,3.0,2.0,3.0,139.74161280692243,0.0
0.0,0.0,1.0,1.0,1.0,1.0,1.0,0.0,0.0,1.0,3.0,3.0,147.70117327863343,1.0
1.0,1.0,1.0,1.0,1.0,3.0,0.0,0.0,0.0,3.0,2.0,2.0,63.32006895668507,0.0
1.0,0.0,1.0,3.0,1.0,1.0,0.0,0.0,0.0,3.0,2.0,2.0,125.04745618628642,1.0
1.0,0.0,1.0,1.0,1.0,1.0,1.0,1.0,0.0,1.0,2.0,2.0,0.0,0.0
1.0,1.0,1.0,1.0,1.0,1.0,1.0,1.0,1.0,1.0,2.0,2.0,194.79118161297674,1.0
0.0,0.0,1.0,1.0,3.0,3.0,1.0,0.0,0.0,2.0,1.0,2.0,367.1428921298351,1.0
1.0,0.0,1.0,1.0,2.0,3.0,1.0,1.0,1.0,3.0,1.0,3.0,665.7614113696425,1.0
0.0,0.0,1.0,2.0,1.0,1.0,1.0,0.0,0.0,1.0,2.0,2.0,231.1092867209165,1.0
1.0,0.0,1.0,2.0,1.0,1.0,1.0,1.0,1.0,2.0,3.0,3.0,162.45321159372565,1.0
1.0,1.0,1.0,1.0,3.0,3.0,1.0,1.0,1.0,1.0,2.0,3.0,332.04050531646953,1.0
0.0,0.0,1.0,1.0,1.0,2.0,1.0,1.0,0.0,2.0,1.0,2.0,226.86937822534773,1.0
0.0,0.0,1.0,1.0,3.0,2.0,1.0,0.0,0.0,3.0,1.0,3.0,258.47837093325154,0.0
1.0,0.0,1.0,1.0,3.0,2.0,0.0,0.0,0.0,3.0,4.0,2.0,39.9244012846259,0.0
0.0,0.0,1.0,1.0,1.0,3.0,0.0,1.0,1.0,2.0,4.0,2.0,0.0,1.0
1.0,0.0,1.0,1.0,1.0,2.0,0.0,1.0,0.0,2.0,2.0,3.0,902.8490278266405,0.0
0.0,0.0,1.0,2.0,3.0,3.0,0.0,0.0,0.0,3.0,1.0,3.0,593.3714976068283,1.0
0.0,0.0,1.0,3.0,1.0,1.0,0.0,0.0,0.0,3.0,2.0,2.0,0.0,1.0
0.0,0.0,1.0,1.0,1.0,2.0,1.0,1.0,0.0,1.0,2.0,2.0,244.95543902158192,0.0
1.0,1.0,1.0,3.0,2.0,3.0,1.0,1.0,0.0,1.0,2.0,2.0,726.6951096040617,1.0
0.0,0.0,1.0,2.0,1.0,2.0,1.0,1.0,0.0,1.0,2.0,3.0,101.64395228210651,1.0
1.0,0.0,1.0,1.0,3.0,2.0,1.0,0.0,0.0,2.0,1.0,3.0,378.06455816127163,1.0
0.0,0.0,1.0,1.0,3.0,2.0,1.0,1.0,0.0,3.0,1.0,3.0,81.41112016300046,1.0
1.0,0.0,1.0,1.0,3.0,3.0,1.0,0.0,0.0,1.0,2.0,3.0,354.39581581484435,0.0
1.0,1.0,1.0,1.0,3.0,3.0,1.0,1.0,1.0,1.0,2.0,3.0,296.6319128587522,1.0
0.0,0.0,1.0,1.0,1.0,1.0,1.0,1.0,0.0,1.0,2.0,3.0,373.83363531113514,1.0
0.0,0.0,1.0,1.0,1.0,2.0,1.0,1.0,0.0,1.0,2.0,3.0,751.6999812186143,1.0
0.0,0.0,1.0,1.0,1.0,2.0,1.0,1.0,0.0,1.0,2.0,2.0,30.0,0.0
0.0,0.0,1.0,1.0,1.0,3.0,1.0,1.0,0.0,1.0,2.0,2.0,307.3206361658017,1.0
0.0,0.0,1.0,1.0,3.0,2.0,1.0,1.0,1.0,2.0,2.0,2.0,30.0,0.0
1.0,0.0,1.0,1.0,3.0,1.0,0.0,1.0,1.0,2.0,1.0,3.0,454.13801490578595,1.0
1.0,0.0,1.0,1.0,1.0,1.0,1.0,0.0,0.0,3.0,1.0,3.0,246.65082831367084,1.0
1.0,1.0,1.0,2.0,2.0,3.0,1.0,1.0,0.0,1.0,3.0,2.0,38.422371939736095,0.0
1.0,0.0,1.0,1.0,3.0,3.0,1.0,1.0,1.0,3.0,2.0,3.0,254.15024842649416,0.0
1.0,0.0,1.0,1.0,3.0,2.0,0.0,1.0,1.0,2.0,1.0,2.0,372.84282840161393,1.0
1.0,0.0,1.0,1.0,1.0,1.0,1.0,1.0,0.0,1.0,2.0,3.0,292.2349854477228,1.0
1.0,0.0,1.0,1.0,3.0,2.0,1.0,1.0,1.0,1.0,2.0,3.0,7.991943499873914,1.0
1.0,0.0,1.0,1.0,1.0,3.0,1.0,0.0,0.0,1.0,2.0,2.0,0.0,1.0
1.0,1.0,1.0,1.0,1.0,3.0,1.0,1.0,1.0,2.0,3.0,3.0,320.6109253717732,1.0
1.0,1.0,1.0,1.0,1.0,3.0,1.0,1.0,1.0,2.0,3.0,3.0,41.459568959734284,0.0
1.0,0.0,1.0,1.0,1.0,3.0,1.0,1.0,0.0,2.0,3.0,3.0,0.0,0.0
0.0,0.0,1.0,1.0,3.0,3.0,0.0,0.0,0.0,3.0,2.0,3.0,250.50979523027,1.0
0.0,0.0,1.0,2.0,1.0,2.0,1.0,1.0,1.0,3.0,4.0,2.0,167.0417944355963,0.0
0.0,0.0,1.0,1.0,1.0,1.0,1.0,0.0,0.0,1.0,1.0,2.0,1718.6023779535296,1.0
0.0,0.0,1.0,1.0,1.0,3.0,1.0,0.0,0.0,1.0,5.0,2.0,423.1839678098077,0.0
1.0,0.0,1.0,1.0,3.0,2.0,0.0,0.0,0.0,2.0,3.0,3.0,326.74600333661704,1.0
0.0,0.0,1.0,1.0,1.0,3.0,1.0,0.0,0.0,1.0,2.0,2.0,341.14081318572096,0.0
1.0,0.0,1.0,1.0,3.0,1.0,1.0,0.0,0.0,1.0,2.0,2.0,244.3851331666665,0.0
1.0,1.0,1.0,1.0,1.0,3.0,1.0,1.0,1.0,2.0,3.0,2.0,0.0,0.0
1.0,0.0,1.0,1.0,3.0,2.0,1.0,0.0,0.0,2.0,5.0,3.0,238.194004566518,0.0
1.0,0.0,1.0,1.0,1.0,2.0,1.0,1.0,1.0,1.0,2.0,2.0,125.1411114698227,0.0
0.0,0.0,1.0,1.0,1.0,2.0,1.0,1.0,0.0,1.0,2.0,3.0,41.10684632768331,1.0
1.0,1.0,1.0,1.0,1.0,1.0,0.0,0.0,0.0,3.0,2.0,3.0,73.16317084571074,1.0
0.0,0.0,1.0,1.0,3.0,3.0,1.0,0.0,1.0,1.0,5.0,2.0,121.67084447583095,0.0
1.0,1.0,1.0,1.0,1.0,2.0,1.0,1.0,1.0,1.0,3.0,2.0,98.15828049900655,1.0
0.0,0.0,1.0,2.0,2.0,3.0,1.0,1.0,1.0,1.0,1.0,2.0,0.0,1.0
1.0,0.0,1.0,1.0,3.0,2.0,1.0,0.0,0.0,1.0,3.0,3.0,360.1553343596962,1.0
1.0,0.0,1.0,2.0,1.0,1.0,1.0,1.0,0.0,1.0,3.0,2.0,0.0,1.0
0.0,0.0,1.0,1.0,1.0,1.0,1.0,1.0,0.0,1.0,2.0,2.0,54.85510175800527,0.0
0.0,0.0,1.0,2.0,1.0,3.0,1.0,0.0,0.0,1.0,2.0,3.0,0.0,1.0
1.0,0.0,1.0,1.0,1.0,1.0,1.0,1.0,0.0,1.0,2.0,2.0,12.125813933215653,1.0
1.0,1.0,1.0,3.0,1.0,3.0,1.0,0.0,0.0,2.0,2.0,3.0,0.0,1.0
0.0,0.0,1.0,2.0,1.0,1.0,0.0,0.0,0.0,3.0,1.0,2.0,502.78645991206054,0.0
0.0,0.0,1.0,1.0,1.0,1.0,0.0,0.0,0.0,3.0,1.0,3.0,320.45937191504987,1.0
0.0,0.0,1.0,1.0,1.0,1.0,1.0,0.0,0.0,1.0,2.0,3.0,224.07060010374425,0.0
0.0,0.0,1.0,2.0,3.0,3.0,1.0,0.0,0.0,1.0,2.0,3.0,0.0,1.0
1.0,0.0,1.0,1.0,3.0,2.0,1.0,1.0,1.0,1.0,3.0,2.0,118.53957299329812,1.0
0.0,0.0,1.0,2.0,1.0,2.0,1.0,0.0,0.0,1.0,2.0,2.0,892.7545602822347,1.0
0.0,0.0,1.0,1.0,1.0,1.0,0.0,0.0,0.0,3.0,2.0,2.0,0.0,1.0
1.0,1.0,1.0,1.0,1.0,2.0,1.0,0.0,1.0,2.0,2.0,2.0,359.785401229985,1.0
0.0,1.0,1.0,1.0,2.0,3.0,1.0,1.0,0.0,1.0,3.0,2.0,265.0350436345466,1.0
0.0,0.0,1.0,3.0,1.0,2.0,1.0,0.0,0.0,2.0,3.0,2.0,30.0,0.0
1.0,0.0,1.0,1.0,1.0,1.0,1.0,0.0,0.0,1.0,2.0,3.0,10.977820554210313,1.0
0.0,0.0,1.0,1.0,1.0,2.0,1.0,1.0,1.0,1.0,2.0,3.0,0.0,1.0
1.0,1.0,1.0,1.0,3.0,3.0,0.0,0.0,0.0,3.0,2.0,2.0,0.0,1.0
1.0,0.0,1.0,1.0,3.0,3.0,1.0,0.0,0.0,3.0,2.0,3.0,157.04276306489402,1.0
1.0,0.0,1.0,1.0,1.0,1.0,1.0,1.0,1.0,1.0,2.0,2.0,72.62857303748959,0.0
1.0,0.0,1.0,1.0,1.0,2.0,1.0,0.0,0.0,3.0,2.0,2.0,0.0,1.0
1.0,1.0,1.0,1.0,3.0,3.0,1.0,1.0,1.0,1.0,2.0,3.0,0.0,0.0
1.0,1.0,1.0,1.0,1.0,1.0,1.0,1.0,1.0,1.0,2.0,3.0,115.0722143940526,1.0
0.0,0.0,1.0,2.0,1.0,3.0,0.0,0.0,1.0,3.0,1.0,2.0,135.40534487688478,1.0
0.0,0.0,1.0,1.0,1.0,2.0,1.0,0.0,0.0,3.0,1.0,2.0,1085.7845446267202,1.0
0.0,0.0,1.0,1.0,1.0,2.0,1.0,0.0,0.0,3.0,1.0,2.0,237.81355562088763,0.0
0.0,0.0,1.0,1.0,1.0,1.0,0.0,0.0,0.0,3.0,1.0,3.0,302.27426272129105,1.0
0.0,0.0,1.0,2.0,1.0,1.0,0.0,0.0,0.0,3.0,1.0,3.0,566.764242602421,0.0
1.0,0.0,1.0,1.0,1.0,1.0,0.0,1.0,1.0,2.0,2.0,3.0,322.6777754549783,1.0
0.0,0.0,1.0,3.0,1.0,1.0,1.0,0.0,0.0,3.0,1.0,2.0,331.4277105830895,1.0
0.0,0.0,1.0,2.0,1.0,2.0,0.0,0.0,0.0,3.0,2.0,3.0,102.24964135207662,0.0
0.0,0.0,0.0,1.0,1.0,1.0,1.0,1.0,0.0,1.0,2.0,1.0,516.7376895783419,1.0
1.0,1.0,1.0,1.0,3.0,2.0,1.0,1.0,1.0,1.0,2.0,3.0,285.79938576813976,1.0
0.0,0.0,1.0,1.0,1.0,1.0,0.0,0.0,0.0,3.0,1.0,3.0,0.0,0.0
1.0,0.0,1.0,1.0,1.0,2.0,1.0,0.0,0.0,3.0,1.0,3.0,107.54337075643554,1.0
0.0,0.0,1.0,1.0,1.0,2.0,1.0,0.0,0.0,1.0,1.0,2.0,443.17917970335475,0.0
1.0,0.0,1.0,1.0,1.0,2.0,0.0,0.0,0.0,3.0,2.0,3.0,448.17043758587613,0.0
0.0,0.0,1.0,1.0,1.0,1.0,1.0,0.0,1.0,2.0,2.0,3.0,77.33168451314096,1.0
0.0,0.0,1.0,1.0,3.0,2.0,0.0,0.0,0.0,2.0,2.0,3.0,30.0,0.0
0.0,0.0,1.0,2.0,2.0,3.0,1.0,1.0,0.0,1.0,2.0,2.0,191.7071017943709,1.0
0.0,0.0,1.0,2.0,1.0,1.0,0.0,0.0,0.0,3.0,2.0,2.0,96.82437728813493,1.0
1.0,0.0,1.0,1.0,3.0,3.0,1.0,1.0,0.0,1.0,2.0,3.0,188.92141420080696,0.0
1.0,0.0,1.0,1.0,3.0,2.0,1.0,0.0,0.0,2.0,6.0,3.0,210.24085742059518,1.0
1.0,0.0,1.0,1.0,1.0,2.0,1.0,0.0,0.0,2.0,2.0,2.0,30.0,0.0
0.0,0.0,1.0,2.0,1.0,1.0,0.0,0.0,0.0,3.0,4.0,2.0,131.20238573853703,0.0
1.0,0.0,1.0,1.0,1.0,1.0,1.0,1.0,0.0,1.0,2.0,3.0,210.6174411372989,1.0
0.0,1.0,1.0,1.0,3.0,3.0,1.0,1.0,1.0,1.0,2.0,3.0,488.834159244588,1.0
1.0,1.0,1.0,1.0,1.0,3.0,1.0,1.0,1.0,1.0,2.0,3.0,686.3671731669715,1.0
1.0,1.0,1.0,1.0,1.0,3.0,1.0,1.0,1.0,1.0,2.0,2.0,88.5816405625809,0.0
0.0,1.0,1.0,2.0,1.0,2.0,1.0,0.0,0.0,2.0,2.0,3.0,203.9047993880393,0.0
1.0,0.0,1.0,1.0,1.0,1.0,1.0,0.0,0.0,2.0,1.0,2.0,162.1680830496144,1.0
0.0,0.0,1.0,3.0,1.0,2.0,1.0,0.0,0.0,1.0,3.0,3.0,263.45974039498014,1.0
0.0,0.0,1.0,1.0,3.0,2.0,0.0,0.0,0.0,3.0,1.0,3.0,356.5368339368881,0.0
0.0,0.0,1.0,1.0,3.0,3.0,0.0,0.0,0.0,3.0,3.0,3.0,51.11084248963076,1.0
1.0,1.0,1.0,1.0,1.0,2.0,0.0,1.0,1.0,2.0,3.0,3.0,237.32370216881134,1.0
0.0,0.0,1.0,2.0,1.0,3.0,1.0,0.0,0.0,3.0,2.0,3.0,649.4600965916068,1.0
0.0,0.0,1.0,1.0,1.0,2.0,1.0,0.0,0.0,1.0,2.0,3.0,595.6150102128051,0.0
0.0,0.0,1.0,3.0,1.0,1.0,1.0,0.0,1.0,3.0,1.0,3.0,372.77081280020553,0.0
0.0,0.0,1.0,1.0,3.0,2.0,1.0,0.0,0.0,1.0,2.0,3.0,672.5217296969445,0.0
1.0,0.0,1.0,1.0,1.0,2.0,0.0,0.0,0.0,2.0,2.0,3.0,299.6806619904012,0.0
0.0,0.0,1.0,1.0,1.0,1.0,1.0,0.0,0.0,3.0,2.0,3.0,311.5793133220893,1.0
0.0,0.0,1.0,1.0,3.0,3.0,1.0,0.0,0.0,3.0,1.0,3.0,251.17324409436816,1.0
1.0,0.0,1.0,1.0,1.0,2.0,0.0,0.0,0.0,3.0,4.0,2.0,258.1508537733817,1.0
1.0,0.0,1.0,2.0,3.0,3.0,1.0,0.0,0.0,3.0,1.0,3.0,188.92141420080696,0.0
0.0,0.0,1.0,1.0,1.0,1.0,0.0,1.0,0.0,2.0,1.0,3.0,566.764242602421,1.0
0.0,0.0,1.0,1.0,2.0,2.0,1.0,0.0,0.0,2.0,2.0,3.0,186.22227430235262,1.0
1.0,1.0,1.0,1.0,1.0,3.0,1.0,1.0,1.0,2.0,2.0,3.0,232.84384329089923,1.0
1.0,0.0,1.0,1.0,3.0,3.0,1.0,1.0,1.0,2.0,2.0,2.0,0.0,0.0
0.0,0.0,1.0,1.0,1.0,1.0,1.0,1.0,0.0,2.0,3.0,2.0,0.0,0.0
0.0,0.0,1.0,1.0,1.0,2.0,1.0,1.0,0.0,1.0,2.0,3.0,300.8024050130265,0.0
1.0,1.0,1.0,1.0,1.0,2.0,0.0,1.0,1.0,2.0,2.0,3.0,32.78428284016138,1.0
1.0,1.0,1.0,1.0,1.0,2.0,0.0,0.0,1.0,3.0,1.0,2.0,45.343781062011416,1.0
1.0,1.0,1.0,2.0,1.0,2.0,1.0,1.0,1.0,1.0,2.0,3.0,196.9464739733798,0.0
0.0,0.0,1.0,1.0,1.0,1.0,1.0,1.0,0.0,1.0,2.0,3.0,145.24297097826286,0.0
1.0,1.0,1.0,1.0,1.0,1.0,1.0,0.0,0.0,1.0,2.0,3.0,0.0,1.0
1.0,0.0,1.0,1.0,1.0,2.0,0.0,0.0,0.0,2.0,4.0,2.0,0.0,1.0
0.0,0.0,1.0,1.0,1.0,2.0,0.0,0.0,0.0,3.0,2.0,2.0,316.24744797156745,0.0
1.0,0.0,1.0,1.0,1.0,2.0,1.0,0.0,0.0,3.0,2.0,3.0,261.61304113456737,0.0
0.0,0.0,1.0,2.0,1.0,1.0,1.0,0.0,0.0,2.0,2.0,2.0,334.5919998976892,1.0
0.0,1.0,1.0,2.0,1.0,1.0,1.0,0.0,0.0,2.0,3.0,3.0,36.53984109339538,0.0
0.0,1.0,1.0,1.0,1.0,3.0,1.0,1.0,0.0,1.0,3.0,3.0,211.11561845587022,1.0
1.0,0.0,1.0,1.0,3.0,2.0,0.0,1.0,1.0,2.0,2.0,3.0,316.5001592868787,1.0
1.0,1.0,1.0,1.0,1.0,1.0,0.0,0.0,1.0,3.0,2.0,3.0,36.49112130527085,1.0
1.0,1.0,1.0,1.0,1.0,2.0,0.0,0.0,0.0,3.0,2.0,3.0,27.201606959016914,1.0
0.0,0.0,1.0,1.0,1.0,2.0,1.0,0.0,0.0,3.0,1.0,3.0,79.183514051168,1.0
0.0,0.0,1.0,1.0,1.0,2.0,1.0,1.0,0.0,1.0,2.0,2.0,30.0,0.0
0.0,0.0,1.0,1.0,2.0,3.0,1.0,0.0,0.0,3.0,1.0,3.0,822.2615631675924,0.0
1.0,0.0,1.0,1.0,1.0,1.0,1.0,0.0,0.0,3.0,1.0,2.0,84.61167005117312,1.0
0.0,0.0,1.0,2.0,1.0,1.0,1.0,1.0,0.0,1.0,2.0,3.0,0.0,0.0
1.0,0.0,1.0,1.0,1.0,1.0,1.0,1.0,0.0,1.0,2.0,3.0,0.0,1.0
0.0,0.0,1.0,3.0,1.0,3.0,1.0,1.0,0.0,1.0,3.0,3.0,308.6099509409718,1.0
0.0,0.0,1.0,1.0,3.0,3.0,1.0,0.0,0.0,1.0,3.0,3.0,793.4699396433891,0.0
0.0,0.0,1.0,1.0,1.0,1.0,1.0,0.0,0.0,2.0,1.0,3.0,0.0,0.0
1.0,0.0,1.0,1.0,1.0,1.0,1.0,0.0,0.0,2.0,4.0,3.0,171.6920652507105,1.0
0.0,0.0,1.0,2.0,1.0,1.0,1.0,0.0,0.0,1.0,1.0,3.0,347.61540212948466,0.0
0.0,0.0,1.0,1.0,1.0,1.0,0.0,0.0,0.0,3.0,4.0,2.0,65.68149213825146,1.0
1.0,0.0,1.0,1.0,1.0,2.0,1.0,0.0,0.0,2.0,2.0,3.0,410.49804290467796,1.0
1.0,0.0,1.0,1.0,3.0,3.0,1.0,0.0,0.0,3.0,1.0,3.0,269.3938994933081,1.0
0.0,0.0,1.0,1.0,1.0,2.0,1.0,0.0,0.0,2.0,2.0,3.0,164.49200438560172,0.0
1.0,1.0,1.0,1.0,2.0,3.0,0.0,0.0,0.0,3.0,1.0,3.0,321.1664041413718,1.0
0.0,1.0,1.0,1.0,2.0,3.0,1.0,0.0,0.0,1.0,1.0,3.0,140.1935410224636,1.0
0.0,0.0,1.0,3.0,1.0,1.0,1.0,0.0,0.0,2.0,2.0,3.0,255.57575333828586,0.0
1.0,1.0,1.0,1.0,3.0,3.0,0.0,1.0,1.0,3.0,2.0,3.0,171.28728586132735,1.0
1.0,0.0,1.0,1.0,3.0,3.0,1.0,0.0,0.0,1.0,2.0,3.0,264.4899798811297,1.0
0.0,0.0,1.0,1.0,1.0,2.0,1.0,0.0,0.0,1.0,2.0,3.0,30.0,0.0
0.0,0.0,1.0,1.0,1.0,2.0,1.0,0.0,0.0,3.0,1.0,3.0,291.78486956231916,0.0
0.0,0.0,1.0,1.0,1.0,3.0,1.0,0.0,0.0,2.0,4.0,2.0,994.2747705249192,1.0
1.0,0.0,1.0,1.0,1.0,1.0,1.0,1.0,0.0,1.0,3.0,3.0,100.63306676837794,1.0
0.0,0.0,1.0,1.0,1.0,2.0,1.0,1.0,0.0,1.0,2.0,3.0,254.6027120286312,0.0
1.0,0.0,1.0,1.0,1.0,1.0,1.0,0.0,0.0,3.0,1.0,3.0,141.47557957755228,1.0
0.0,0.0,1.0,1.0,1.0,1.0,1.0,0.0,0.0,3.0,1.0,3.0,0.0,1.0
0.0,0.0,1.0,2.0,2.0,3.0,1.0,0.0,0.0,2.0,4.0,2.0,202.07820876311223,1.0
1.0,0.0,1.0,1.0,1.0,3.0,0.0,0.0,0.0,3.0,1.0,3.0,0.0,0.0
1.0,0.0,1.0,1.0,1.0,1.0,1.0,0.0,0.0,1.0,2.0,2.0,214.60653228230035,0.0
0.0,1.0,1.0,1.0,1.0,1.0,1.0,0.0,0.0,1.0,2.0,2.0,234.21977611212625,1.0
1.0,0.0,1.0,1.0,3.0,3.0,0.0,0.0,0.0,3.0,2.0,3.0,166.858141333299,1.0
0.0,0.0,1.0,1.0,1.0,1.0,1.0,0.0,0.0,1.0,2.0,3.0,0.0,0.0
0.0,0.0,1.0,1.0,1.0,1.0,1.0,0.0,0.0,1.0,2.0,2.0,36.02097369350259,0.0
0.0,0.0,1.0,1.0,2.0,3.0,1.0,1.0,0.0,2.0,1.0,2.0,311.72033343133137,0.0
0.0,0.0,1.0,1.0,1.0,3.0,1.0,1.0,0.0,1.0,2.0,3.0,0.0,0.0
0.0,1.0,1.0,1.0,1.0,1.0,0.0,0.0,0.0,3.0,1.0,3.0,157.52203339845266,1.0
0.0,0.0,1.0,1.0,3.0,3.0,1.0,1.0,0.0,1.0,2.0,3.0,0.0,1.0
0.0,0.0,1.0,3.0,1.0,2.0,1.0,1.0,0.0,1.0,2.0,3.0,164.06853665669973,0.0
1.0,0.0,1.0,1.0,3.0,2.0,1.0,1.0,1.0,2.0,2.0,3.0,351.1664041413718,0.0
0.0,0.0,1.0,1.0,1.0,1.0,0.0,1.0,1.0,2.0,2.0,3.0,196.69356414989335,1.0
1.0,1.0,1.0,1.0,1.0,2.0,1.0,1.0,1.0,1.0,2.0,3.0,309.97141262696084,1.0
1.0,1.0,1.0,1.0,1.0,2.0,1.0,1.0,1.0,1.0,2.0,3.0,209.84077828525386,1.0
0.0,0.0,1.0,1.0,1.0,1.0,1.0,1.0,1.0,1.0,2.0,3.0,264.41941942800474,1.0
1.0,1.0,1.0,1.0,1.0,1.0,1.0,1.0,1.0,1.0,2.0,3.0,448.04483058824314,0.0
0.0,0.0,1.0,2.0,1.0,2.0,1.0,0.0,0.0,2.0,2.0,3.0,107.95166099924349,0.0
1.0,1.0,1.0,3.0,1.0,2.0,1.0,0.0,1.0,1.0,2.0,3.0,0.0,1.0
0.0,0.0,1.0,2.0,1.0,1.0,1.0,0.0,0.0,1.0,2.0,3.0,196.28627308248457,1.0
1.0,0.0,1.0,1.0,1.0,1.0,1.0,0.0,0.0,3.0,1.0,3.0,243.4859598895141,1.0
0.0,0.0,1.0,1.0,1.0,2.0,1.0,0.0,0.0,1.0,2.0,3.0,102.27244004307747,1.0
1.0,0.0,1.0,3.0,1.0,2.0,1.0,1.0,0.0,1.0,3.0,2.0,483.2904333051511,0.0
1.0,1.0,0.0,1.0,3.0,3.0,1.0,1.0,0.0,1.0,3.0,1.0,96.47391334865853,1.0
1.0,0.0,1.0,1.0,3.0,3.0,0.0,1.0,0.0,3.0,2.0,3.0,284.0101513380834,1.0
0.0,0.0,1.0,1.0,1.0,2.0,0.0,1.0,0.0,3.0,2.0,3.0,467.1775346928658,1.0
1.0,0.0,1.0,1.0,1.0,2.0,1.0,0.0,0.0,1.0,2.0,2.0,259.41941942800474,1.0
1.0,0.0,1.0,1.0,1.0,1.0,1.0,0.0,0.0,1.0,2.0,2.0,362.63234664412084,1.0
0.0,0.0,1.0,1.0,1.0,1.0,1.0,0.0,0.0,2.0,2.0,2.0,264.41941942800474,1.0
1.0,1.0,1.0,1.0,3.0,3.0,1.0,1.0,1.0,1.0,2.0,2.0,357.18555563610704,1.0
1.0,0.0,1.0,1.0,2.0,3.0,1.0,0.0,0.0,2.0,1.0,2.0,363.02475969272155,0.0
1.0,1.0,1.0,3.0,1.0,1.0,1.0,0.0,0.0,2.0,2.0,2.0,0.0,1.0
0.0,0.0,1.0,1.0,1.0,3.0,1.0,0.0,0.0,2.0,1.0,3.0,237.28840005970932,0.0
0.0,0.0,1.0,1.0,3.0,3.0,1.0,1.0,0.0,1.0,3.0,3.0,4.610684632768331,1.0
0.0,0.0,1.0,1.0,2.0,2.0,0.0,1.0,0.0,2.0,1.0,2.0,0.0,1.0
1.0,0.0,1.0,1.0,3.0,3.0,0.0,1.0,0.0,2.0,1.0,3.0,0.0,0.0
0.0,0.0,1.0,1.0,3.0,1.0,0.0,1.0,1.0,2.0,1.0,2.0,479.1254966408475,1.0
1.0,1.0,1.0,1.0,1.0,3.0,1.0,1.0,1.0,1.0,3.0,3.0,0.0,1.0
1.0,0.0,1.0,1.0,3.0,2.0,1.0,1.0,1.0,1.0,5.0,2.0,173.95160011981028,1.0
1.0,0.0,1.0,1.0,3.0,2.0,1.0,0.0,1.0,1.0,2.0,3.0,0.0,1.0
1.0,0.0,1.0,1.0,1.0,1.0,1.0,1.0,1.0,1.0,2.0,3.0,181.17757005411812,0.0
0.0,0.0,1.0,1.0,1.0,1.0,1.0,1.0,0.0,1.0,2.0,3.0,0.0,1.0
1.0,0.0,1.0,1.0,1.0,1.0,1.0,1.0,1.0,1.0,2.0,3.0,0.0,0.0
1.0,1.0,1.0,1.0,3.0,3.0,1.0,1.0,1.0,1.0,1.0,3.0,300.3049120646625,1.0
1.0,0.0,1.0,1.0,3.0,2.0,0.0,1.0,1.0,2.0,4.0,2.0,29.876370526114272,1.0
0.0,0.0,1.0,1.0,1.0,1.0,1.0,1.0,0.0,1.0,3.0,3.0,229.0352336310816,0.0
1.0,1.0,1.0,1.0,2.0,3.0,1.0,1.0,1.0,3.0,2.0,3.0,0.0,1.0
0.0,0.0,1.0,1.0,1.0,2.0,1.0,1.0,0.0,1.0,2.0,3.0,60.68149213825147,1.0
1.0,0.0,1.0,1.0,3.0,2.0,1.0,0.0,0.0,3.0,4.0,2.0,278.30652081571947,1.0
1.0,1.0,1.0,1.0,1.0,1.0,1.0,0.0,0.0,2.0,1.0,2.0,217.13110550559327,0.0
1.0,1.0,1.0,2.0,1.0,2.0,0.0,0.0,0.0,3.0,3.0,2.0,96.77022408234563,1.0
1.0,0.0,1.0,1.0,1.0,2.0,1.0,0.0,0.0,3.0,3.0,2.0,26.39719679136196,1.0
1.0,1.0,1.0,1.0,1.0,1.0,1.0,0.0,0.0,2.0,2.0,3.0,0.0,1.0
0.0,0.0,1.0,2.0,1.0,1.0,0.0,0.0,0.0,3.0,1.0,3.0,110.65643118643996,0.0
1.0,0.0,1.0,1.0,1.0,3.0,0.0,0.0,0.0,3.0,2.0,3.0,167.68250769890216,0.0
1.0,1.0,1.0,1.0,2.0,2.0,0.0,1.0,1.0,2.0,2.0,3.0,263.907515772209,1.0
1.0,0.0,1.0,1.0,2.0,3.0,1.0,1.0,0.0,1.0,2.0,3.0,173.9047993880393,0.0
0.0,1.0,1.0,1.0,1.0,3.0,1.0,1.0,0.0,1.0,2.0,3.0,0.0,1.0
0.0,0.0,1.0,1.0,1.0,3.0,1.0,0.0,0.0,3.0,1.0,3.0,296.01469999236843,1.0
0.0,0.0,1.0,1.0,1.0,2.0,1.0,0.0,0.0,2.0,2.0,3.0,320.1439463603749,0.0
1.0,0.0,1.0,1.0,3.0,2.0,1.0,1.0,1.0,2.0,2.0,2.0,539.9517374682948,0.0
1.0,0.0,1.0,2.0,2.0,2.0,0.0,1.0,1.0,2.0,2.0,3.0,274.19041036317674,1.0
0.0,0.0,1.0,1.0,3.0,3.0,1.0,1.0,0.0,1.0,2.0,3.0,401.791114567108,1.0
1.0,1.0,1.0,1.0,1.0,1.0,1.0,1.0,1.0,1.0,2.0,3.0,327.6976561178712,1.0
0.0,0.0,1.0,1.0,1.0,1.0,1.0,1.0,0.0,1.0,2.0,3.0,46.419131463091176,0.0
1.0,0.0,1.0,1.0,2.0,3.0,1.0,0.0,0.0,1.0,3.0,3.0,261.39719102119926,1.0
0.0,0.0,1.0,1.0,1.0,3.0,1.0,0.0,0.0,1.0,3.0,2.0,173.33909749351002,1.0
0.0,0.0,1.0,3.0,2.0,2.0,1.0,0.0,0.0,1.0,3.0,2.0,417.0575826280823,0.0
0.0,0.0,1.0,1.0,1.0,2.0,1.0,0.0,0.0,1.0,2.0,3.0,343.46783960973175,1.0
0.0,1.0,1.0,1.0,1.0,3.0,1.0,0.0,0.0,1.0,3.0,2.0,362.63234664412084,0.0
1.0,0.0,1.0,1.0,1.0,3.0,1.0,0.0,0.0,1.0,2.0,2.0,205.5274825038056,1.0
1.0,1.0,1.0,1.0,1.0,3.0,1.0,1.0,1.0,1.0,3.0,3.0,49.62200642312954,0.0
0.0,0.0,1.0,2.0,1.0,1.0,1.0,1.0,0.0,1.0,2.0,3.0,92.02626645744023,0.0
1.0,1.0,1.0,1.0,3.0,2.0,1.0,1.0,1.0,1.0,2.0,3.0,190.70919333282285,1.0
1.0,1.0,1.0,1.0,1.0,3.0,1.0,1.0,1.0,1.0,2.0,3.0,69.0241886176411,0.0
1.0,0.0,1.0,1.0,1.0,3.0,1.0,1.0,1.0,1.0,2.0,3.0,339.9678249788633,1.0
1.0,0.0,1.0,1.0,3.0,2.0,1.0,1.0,1.0,1.0,2.0,3.0,0.0,1.0
0.0,0.0,1.0,2.0,1.0,2.0,1.0,0.0,0.0,3.0,1.0,3.0,370.2082649027297,0.0
1.0,0.0,1.0,2.0,3.0,2.0,0.0,0.0,0.0,3.0,1.0,2.0,168.81131308642162,1.0
0.0,0.0,1.0,1.0,1.0,1.0,0.0,0.0,0.0,3.0,1.0,3.0,245.88683969566242,1.0
1.0,0.0,1.0,2.0,3.0,2.0,1.0,0.0,0.0,1.0,2.0,3.0,345.5918195094527,1.0
0.0,0.0,1.0,1.0,1.0,2.0,1.0,0.0,0.0,2.0,2.0,2.0,30.0,0.0
1.0,0.0,1.0,1.0,1.0,2.0,1.0,0.0,0.0,1.0,2.0,3.0,210.24085742059518,1.0
0.0,0.0,1.0,3.0,1.0,1.0,1.0,0.0,0.0,3.0,2.0,2.0,96.65327869487159,0.0
1.0,0.0,1.0,1.0,3.0,2.0,1.0,0.0,0.0,2.0,1.0,3.0,0.0,1.0
0.0,0.0,1.0,2.0,1.0,1.0,1.0,0.0,0.0,2.0,1.0,3.0,352.4799153934266,1.0
0.0,0.0,1.0,1.0,3.0,3.0,0.0,0.0,0.0,2.0,3.0,3.0,297.02500831822607,0.0
0.0,1.0,1.0,1.0,1.0,2.0,0.0,0.0,0.0,2.0,3.0,3.0,85.57664719390507,0.0
0.0,0.0,1.0,1.0,1.0,2.0,1.0,0.0,0.0,2.0,1.0,3.0,212.0893705250638,1.0
0.0,0.0,1.0,1.0,1.0,1.0,1.0,0.0,0.0,1.0,3.0,3.0,297.47184685650535,1.0
1.0,0.0,1.0,1.0,1.0,2.0,0.0,0.0,0.0,3.0,2.0,3.0,210.24085742059518,1.0
1.0,0.0,1.0,1.0,1.0,1.0,1.0,0.0,0.0,1.0,2.0,3.0,336.19736886729913,0.0
0.0,0.0,1.0,2.0,3.0,2.0,0.0,1.0,0.0,2.0,2.0,3.0,0.0,1.0
1.0,1.0,1.0,1.0,1.0,3.0,0.0,1.0,1.0,2.0,3.0,3.0,97.33667558066477,1.0
1.0,0.0,1.0,1.0,1.0,1.0,0.0,0.0,0.0,3.0,2.0,2.0,0.0,1.0
0.0,0.0,1.0,1.0,3.0,2.0,0.0,0.0,0.0,2.0,2.0,2.0,30.0,0.0
0.0,1.0,1.0,1.0,1.0,2.0,0.0,0.0,0.0,3.0,2.0,2.0,354.4593136109848,1.0
0.0,0.0,1.0,1.0,1.0,1.0,1.0,0.0,0.0,2.0,5.0,2.0,544.4206975008742,1.0
0.0,0.0,1.0,1.0,1.0,1.0,1.0,0.0,0.0,3.0,1.0,3.0,396.6291291420072,0.0
1.0,0.0,1.0,1.0,1.0,1.0,0.0,0.0,0.0,3.0,2.0,3.0,174.43552109950858,0.0
0.0,0.0,1.0,1.0,1.0,2.0,0.0,0.0,0.0,2.0,2.0,3.0,168.82265221889304,0.0
1.0,0.0,1.0,1.0,1.0,1.0,1.0,0.0,0.0,3.0,2.0,2.0,113.7437594047408,1.0
0.0,0.0,1.0,2.0,1.0,1.0,1.0,0.0,0.0,3.0,2.0,2.0,661.0485485700119,0.0
1.0,0.0,1.0,2.0,1.0,1.0,1.0,0.0,0.0,3.0,1.0,2.0,194.2359708610918,1.0
0.0,0.0,1.0,1.0,1.0,2.0,0.0,0.0,0.0,3.0,2.0,2.0,0.0,1.0
0.0,0.0,1.0,1.0,1.0,2.0,0.0,0.0,0.0,3.0,1.0,3.0,629.1979387417398,1.0
1.0,0.0,1.0,1.0,1.0,2.0,1.0,0.0,0.0,2.0,2.0,3.0,203.9047993880393,0.0
1.0,0.0,1.0,1.0,1.0,1.0,1.0,1.0,0.0,1.0,2.0,3.0,19.48791524981086,1.0
0.0,1.0,1.0,1.0,1.0,3.0,1.0,0.0,0.0,2.0,2.0,2.0,315.22687717072495,1.0
1.0,1.0,1.0,1.0,1.0,3.0,0.0,0.0,0.0,2.0,2.0,3.0,177.0665755098247,1.0
1.0,0.0,1.0,1.0,3.0,3.0,1.0,0.0,0.0,2.0,3.0,2.0,271.20502609524414,1.0
0.0,0.0,1.0,1.0,1.0,1.0,1.0,0.0,0.0,2.0,3.0,3.0,115.81600684691877,0.0
0.0,0.0,1.0,1.0,1.0,1.0,0.0,0.0,0.0,3.0,1.0,3.0,689.0551160694307,1.0
1.0,0.0,1.0,1.0,1.0,1.0,1.0,0.0,0.0,2.0,2.0,3.0,139.7502137379155,0.0
1.0,1.0,1.0,1.0,3.0,3.0,1.0,1.0,1.0,1.0,2.0,3.0,219.0853107688776,1.0
0.0,0.0,1.0,1.0,1.0,2.0,0.0,0.0,0.0,3.0,1.0,3.0,30.0,0.0
0.0,0.0,1.0,2.0,1.0,1.0,1.0,0.0,0.0,3.0,1.0,3.0,341.18651110558784,1.0
0.0,0.0,1.0,1.0,3.0,3.0,1.0,0.0,0.0,3.0,2.0,3.0,54.010896030361906,1.0
0.0,0.0,1.0,1.0,1.0,2.0,1.0,0.0,0.0,2.0,1.0,3.0,262.44763888978224,1.0
1.0,0.0,1.0,1.0,1.0,1.0,1.0,1.0,1.0,2.0,2.0,3.0,260.64527517604927,1.0
1.0,0.0,1.0,1.0,1.0,1.0,1.0,1.0,0.0,2.0,2.0,3.0,145.7791621745124,0.0
0.0,0.0,1.0,1.0,1.0,2.0,0.0,0.0,0.0,3.0,1.0,3.0,0.0,1.0
1.0,0.0,1.0,1.0,3.0,3.0,1.0,1.0,1.0,2.0,2.0,2.0,110.33506612156117,0.0
1.0,0.0,1.0,2.0,1.0,2.0,1.0,1.0,1.0,2.0,2.0,3.0,236.84576439645025,0.0
0.0,0.0,1.0,1.0,1.0,1.0,1.0,0.0,0.0,1.0,3.0,3.0,0.0,0.0
0.0,0.0,1.0,1.0,1.0,2.0,1.0,1.0,1.0,2.0,2.0,3.0,297.26844432543584,0.0
1.0,1.0,1.0,1.0,3.0,2.0,0.0,1.0,1.0,2.0,2.0,3.0,192.09228846335833,1.0
0.0,0.0,1.0,2.0,1.0,1.0,1.0,0.0,0.0,2.0,1.0,2.0,374.26209538033254,1.0
1.0,0.0,1.0,1.0,3.0,3.0,0.0,0.0,0.0,3.0,1.0,3.0,245.5323180402902,0.0
1.0,1.0,1.0,3.0,1.0,3.0,1.0,0.0,0.0,2.0,2.0,2.0,175.66738901789745,1.0
0.0,0.0,1.0,2.0,1.0,1.0,1.0,1.0,0.0,1.0,2.0,2.0,82.02973495530568,1.0
0.0,0.0,1.0,2.0,1.0,3.0,1.0,1.0,0.0,1.0,2.0,3.0,234.594628744932,1.0
1.0,0.0,1.0,1.0,3.0,2.0,1.0,0.0,0.0,3.0,1.0,2.0,171.77871353391117,1.0
1.0,1.0,1.0,1.0,1.0,1.0,1.0,1.0,0.0,1.0,3.0,3.0,0.0,1.0
1.0,1.0,1.0,1.0,1.0,3.0,0.0,1.0,0.0,2.0,1.0,3.0,0.0,1.0
1.0,1.0,1.0,1.0,2.0,3.0,1.0,1.0,1.0,2.0,1.0,2.0,132.4346526636586,0.0
1.0,0.0,1.0,1.0,1.0,1.0,1.0,0.0,0.0,1.0,2.0,3.0,10.297079330579287,0.0
1.0,1.0,1.0,2.0,3.0,3.0,0.0,0.0,0.0,3.0,1.0,3.0,0.0,0.0
0.0,0.0,1.0,1.0,1.0,3.0,0.0,0.0,0.0,3.0,1.0,3.0,217.3629587584811,0.0
0.0,0.0,1.0,2.0,1.0,1.0,0.0,1.0,1.0,3.0,1.0,3.0,349.54580804189436,1.0
1.0,0.0,1.0,1.0,1.0,1.0,1.0,0.0,0.0,3.0,1.0,3.0,147.72791065079036,1.0
0.0,0.0,1.0,2.0,1.0,2.0,1.0,0.0,0.0,2.0,1.0,3.0,219.22502365033583,0.0
0.0,1.0,1.0,1.0,1.0,2.0,0.0,0.0,0.0,3.0,1.0,3.0,409.3357866929896,1.0
0.0,0.0,1.0,1.0,1.0,3.0,1.0,0.0,0.0,2.0,3.0,3.0,406.0726798358644,0.0
0.0,1.0,1.0,2.0,2.0,2.0,1.0,0.0,0.0,2.0,3.0,3.0,259.3376135234375,1.0
1.0,0.0,1.0,1.0,1.0,1.0,1.0,1.0,0.0,1.0,2.0,3.0,81.199646874212,1.0
0.0,0.0,1.0,1.0,1.0,2.0,1.0,0.0,0.0,2.0,2.0,3.0,313.30652081571947,0.0
0.0,0.0,1.0,1.0,1.0,1.0,0.0,0.0,0.0,3.0,1.0,3.0,201.88372560958445,0.0
0.0,1.0,1.0,1.0,1.0,3.0,0.0,0.0,0.0,2.0,3.0,3.0,297.02500831822607,0.0
0.0,1.0,1.0,1.0,3.0,3.0,0.0,0.0,0.0,2.0,2.0,3.0,258.7532890116904,1.0
1.0,0.0,0.0,1.0,1.0,1.0,1.0,0.0,0.0,2.0,2.0,1.0,65.1582055250621,0.0
0.0,0.0,1.0,2.0,3.0,2.0,0.0,0.0,0.0,2.0,3.0,3.0,209.7279550673605,1.0
0.0,0.0,1.0,2.0,1.0,2.0,1.0,0.0,0.0,2.0,1.0,3.0,312.47413658994685,1.0
0.0,0.0,1.0,1.0,1.0,2.0,0.0,0.0,0.0,3.0,1.0,3.0,124.4103067767428,0.0
0.0,0.0,1.0,2.0,1.0,1.0,1.0,0.0,0.0,3.0,1.0,2.0,12.991943499873914,1.0
1.0,0.0,1.0,1.0,3.0,3.0,1.0,0.0,0.0,2.0,3.0,3.0,146.99897916412885,1.0
1.0,1.0,1.0,1.0,2.0,2.0,1.0,1.0,0.0,1.0,2.0,3.0,551.5818021616676,1.0
0.0,0.0,1.0,3.0,1.0,1.0,1.0,1.0,0.0,1.0,1.0,3.0,0.0,0.0
0.0,0.0,1.0,2.0,1.0,1.0,1.0,1.0,0.0,1.0,2.0,3.0,128.39868659922305,1.0
0.0,0.0,1.0,1.0,1.0,2.0,0.0,0.0,0.0,2.0,2.0,3.0,194.9370349977628,1.0
1.0,0.0,1.0,1.0,1.0,1.0,1.0,0.0,0.0,1.0,2.0,3.0,0.0,0.0
1.0,0.0,1.0,1.0,1.0,1.0,1.0,0.0,0.0,1.0,4.0,3.0,100.37003273061033,1.0
0.0,0.0,1.0,1.0,1.0,2.0,1.0,0.0,0.0,1.0,2.0,3.0,267.4097187795189,1.0
1.0,0.0,1.0,1.0,3.0,2.0,0.0,0.0,0.0,3.0,2.0,2.0,0.0,1.0
0.0,0.0,1.0,1.0,1.0,2.0,0.0,1.0,0.0,2.0,3.0,3.0,516.1910946493476,0.0
0.0,1.0,1.0,1.0,1.0,3.0,0.0,0.0,0.0,3.0,4.0,2.0,237.91397307739183,1.0
1.0,1.0,1.0,1.0,1.0,3.0,0.0,1.0,1.0,2.0,1.0,3.0,200.1498503666947,1.0
1.0,0.0,1.0,2.0,1.0,2.0,1.0,0.0,0.0,1.0,3.0,3.0,124.84428600776906,1.0
0.0,0.0,1.0,3.0,2.0,3.0,1.0,0.0,0.0,3.0,1.0,3.0,87.8225644336825,0.0
1.0,0.0,1.0,1.0,1.0,2.0,1.0,1.0,1.0,1.0,3.0,3.0,202.7026749088341,1.0
0.0,0.0,1.0,1.0,3.0,2.0,1.0,0.0,0.0,3.0,3.0,3.0,270.1229782133792,1.0
1.0,1.0,1.0,1.0,1.0,3.0,1.0,1.0,1.0,1.0,2.0,3.0,180.57060553000463,0.0
0.0,0.0,1.0,1.0,1.0,2.0,1.0,1.0,0.0,1.0,2.0,3.0,35.76335579096041,0.0
1.0,0.0,1.0,1.0,3.0,3.0,1.0,1.0,1.0,1.0,2.0,3.0,336.1875612829847,1.0
1.0,0.0,1.0,1.0,3.0,2.0,1.0,1.0,1.0,1.0,2.0,3.0,266.90168351701925,1.0
0.0,1.0,1.0,1.0,3.0,3.0,1.0,1.0,1.0,2.0,2.0,3.0,753.6339419238004,1.0
0.0,0.0,1.0,1.0,1.0,3.0,0.0,0.0,0.0,3.0,3.0,2.0,307.3206361658017,1.0
0.0,0.0,0.0,2.0,3.0,3.0,1.0,0.0,0.0,1.0,5.0,1.0,61.47579510357775,1.0
0.0,0.0,1.0,2.0,1.0,1.0,0.0,0.0,0.0,3.0,1.0,2.0,308.55865812200545,0.0
0.0,0.0,1.0,1.0,1.0,3.0,1.0,0.0,0.0,1.0,5.0,2.0,328.54786758306494,1.0
0.0,0.0,1.0,1.0,3.0,2.0,0.0,0.0,0.0,3.0,2.0,2.0,254.2430112147247,0.0
0.0,0.0,1.0,1.0,3.0,2.0,1.0,0.0,0.0,3.0,1.0,2.0,289.0795051088588,0.0
1.0,0.0,1.0,1.0,3.0,3.0,1.0,0.0,0.0,1.0,3.0,2.0,119.66506383952144,0.0
0.0,0.0,1.0,1.0,1.0,1.0,0.0,0.0,0.0,2.0,3.0,3.0,9.757490899384472,1.0
0.0,0.0,1.0,1.0,1.0,2.0,1.0,0.0,0.0,3.0,3.0,2.0,206.78120016158948,1.0
1.0,0.0,1.0,2.0,1.0,1.0,1.0,0.0,0.0,2.0,2.0,2.0,13.511621239868871,0.0
0.0,0.0,1.0,2.0,1.0,1.0,0.0,0.0,0.0,3.0,3.0,3.0,245.46679761953132,0.0
1.0,0.0,1.0,1.0,1.0,3.0,1.0,0.0,0.0,1.0,2.0,3.0,130.93191450408975,1.0
0.0,0.0,1.0,1.0,1.0,1.0,1.0,0.0,0.0,2.0,1.0,2.0,486.48176469845635,0.0
1.0,1.0,1.0,1.0,3.0,3.0,1.0,0.0,0.0,3.0,2.0,3.0,51.48891841964304,0.0
0.0,0.0,1.0,1.0,1.0,2.0,1.0,0.0,0.0,3.0,1.0,3.0,287.7783166928572,1.0
1.0,1.0,1.0,1.0,1.0,3.0,1.0,1.0,1.0,1.0,2.0,3.0,122.73339880976566,1.0
0.0,0.0,1.0,1.0,1.0,2.0,1.0,0.0,0.0,1.0,2.0,3.0,387.6632694027329,1.0
0.0,0.0,1.0,1.0,3.0,2.0,0.0,0.0,0.0,3.0,3.0,3.0,117.89517240279955,0.0
0.0,1.0,1.0,1.0,3.0,3.0,0.0,1.0,1.0,2.0,2.0,2.0,349.6957763010554,1.0
0.0,0.0,1.0,2.0,1.0,1.0,0.0,0.0,0.0,3.0,2.0,3.0,328.54786758306494,1.0
1.0,1.0,1.0,1.0,3.0,3.0,0.0,0.0,0.0,3.0,2.0,3.0,323.97440569179776,1.0
0.0,0.0,1.0,2.0,1.0,1.0,0.0,0.0,0.0,2.0,2.0,2.0,396.9451139743824,0.0
0.0,1.0,1.0,1.0,1.0,1.0,0.0,0.0,0.0,3.0,3.0,3.0,0.0,0.0
1.0,0.0,1.0,1.0,3.0,2.0,1.0,0.0,0.0,3.0,2.0,2.0,34.80279649246701,0.0
0.0,0.0,1.0,1.0,2.0,1.0,1.0,0.0,0.0,3.0,2.0,2.0,191.64581421094866,1.0
1.0,1.0,1.0,1.0,2.0,2.0,1.0,1.0,1.0,1.0,1.0,3.0,256.64519199097316,1.0
0.0,0.0,1.0,1.0,1.0,1.0,1.0,1.0,0.0,1.0,2.0,3.0,147.41953521991604,1.0
1.0,0.0,1.0,1.0,3.0,3.0,1.0,0.0,0.0,1.0,2.0,3.0,125.15572238211871,1.0
0.0,0.0,1.0,1.0,3.0,2.0,1.0,1.0,1.0,2.0,1.0,3.0,43.60101041383224,0.0
0.0,0.0,1.0,1.0,3.0,3.0,0.0,1.0,1.0,2.0,1.0,3.0,0.0,1.0
1.0,1.0,1.0,1.0,3.0,2.0,0.0,1.0,1.0,2.0,2.0,3.0,145.61817392296365,1.0
1.0,1.0,1.0,1.0,3.0,3.0,0.0,1.0,1.0,2.0,2.0,3.0,37.442059391997745,1.0
1.0,0.0,1.0,1.0,1.0,1.0,1.0,1.0,0.0,1.0,2.0,3.0,127.13517278833353,1.0
0.0,0.0,1.0,1.0,1.0,2.0,1.0,0.0,0.0,3.0,3.0,3.0,0.0,1.0
1.0,0.0,1.0,1.0,1.0,1.0,0.0,0.0,0.0,3.0,1.0,3.0,28.149210916393482,1.0
0.0,0.0,1.0,2.0,1.0,2.0,1.0,1.0,0.0,3.0,1.0,3.0,334.87710439627404,1.0
1.0,0.0,1.0,1.0,1.0,1.0,1.0,1.0,0.0,1.0,2.0,2.0,231.4908035426065,0.0
1.0,0.0,1.0,1.0,2.0,2.0,1.0,1.0,0.0,2.0,2.0,3.0,165.61549155099135,1.0
0.0,0.0,1.0,1.0,2.0,1.0,1.0,0.0,0.0,2.0,1.0,3.0,185.22759545899885,1.0
1.0,1.0,1.0,1.0,3.0,3.0,1.0,1.0,1.0,1.0,2.0,3.0,151.6673847696168,0.0
1.0,1.0,1.0,1.0,1.0,3.0,1.0,1.0,1.0,1.0,2.0,3.0,141.78649576138505,1.0
1.0,0.0,1.0,2.0,1.0,1.0,0.0,1.0,1.0,2.0,2.0,3.0,117.98269339314592,1.0
0.0,0.0,1.0,1.0,1.0,2.0,0.0,0.0,0.0,3.0,1.0,3.0,303.6127912062733,1.0
0.0,0.0,1.0,1.0,1.0,2.0,1.0,0.0,1.0,1.0,4.0,3.0,567.1745073907828,1.0
0.0,0.0,1.0,2.0,1.0,2.0,1.0,0.0,0.0,1.0,1.0,3.0,375.26285150690546,0.0
1.0,0.0,1.0,1.0,1.0,2.0,1.0,0.0,0.0,1.0,2.0,3.0,0.0,1.0
0.0,1.0,1.0,1.0,1.0,1.0,1.0,0.0,1.0,2.0,1.0,3.0,207.16593614014351,1.0
0.0,0.0,1.0,1.0,3.0,3.0,1.0,0.0,0.0,2.0,2.0,3.0,205.34241723941554,1.0
0.0,0.0,1.0,1.0,1.0,3.0,1.0,0.0,0.0,3.0,2.0,3.0,212.0475372062753,1.0
0.0,0.0,1.0,1.0,1.0,1.0,1.0,0.0,0.0,3.0,1.0,3.0,320.45937191504987,1.0
0.0,0.0,0.0,2.0,1.0,1.0,0.0,0.0,0.0,3.0,2.0,1.0,0.0,1.0
1.0,1.0,0.0,1.0,1.0,1.0,1.0,0.0,0.0,1.0,2.0,1.0,270.42109000591427,1.0
0.0,0.0,1.0,1.0,1.0,2.0,0.0,0.0,0.0,3.0,1.0,3.0,270.976179298176,0.0
1.0,0.0,1.0,1.0,3.0,3.0,1.0,1.0,0.0,1.0,4.0,3.0,162.42047920557724,1.0
0.0,0.0,1.0,1.0,3.0,3.0,1.0,0.0,0.0,2.0,2.0,3.0,0.0,1.0
0.0,0.0,1.0,2.0,1.0,1.0,0.0,0.0,0.0,2.0,3.0,3.0,22.555457465058883,1.0
0.0,0.0,1.0,1.0,1.0,1.0,0.0,0.0,0.0,2.0,3.0,3.0,0.0,0.0
0.0,0.0,1.0,1.0,1.0,1.0,0.0,0.0,0.0,3.0,1.0,3.0,188.8206135534856,0.0
0.0,0.0,1.0,1.0,1.0,1.0,1.0,0.0,0.0,3.0,1.0,3.0,303.5626000042104,1.0
0.0,0.0,1.0,1.0,1.0,3.0,1.0,0.0,0.0,2.0,1.0,3.0,0.0,1.0
0.0,0.0,1.0,1.0,1.0,2.0,1.0,1.0,1.0,1.0,2.0,2.0,0.0,1.0
1.0,0.0,1.0,1.0,1.0,1.0,1.0,1.0,1.0,1.0,2.0,2.0,0.0,0.0
1.0,1.0,1.0,1.0,1.0,2.0,1.0,1.0,1.0,1.0,2.0,3.0,27.912923533013917,1.0
0.0,0.0,1.0,1.0,1.0,1.0,1.0,0.0,0.0,3.0,1.0,2.0,276.21360605446336,1.0
1.0,0.0,1.0,1.0,2.0,3.0,0.0,0.0,0.0,3.0,1.0,2.0,272.15455663769677,0.0
0.0,0.0,1.0,1.0,1.0,1.0,0.0,0.0,0.0,3.0,1.0,3.0,475.82794615478366,1.0
0.0,0.0,1.0,1.0,1.0,1.0,0.0,0.0,0.0,3.0,1.0,3.0,60.325924317747884,0.0
0.0,0.0,1.0,1.0,1.0,1.0,1.0,0.0,0.0,3.0,2.0,3.0,190.46975414772402,0.0
1.0,1.0,1.0,2.0,1.0,2.0,1.0,1.0,1.0,1.0,2.0,3.0,203.9047993880393,0.0
1.0,1.0,1.0,2.0,1.0,2.0,1.0,1.0,0.0,1.0,2.0,2.0,0.0,1.0
1.0,1.0,1.0,1.0,1.0,1.0,1.0,1.0,1.0,1.0,2.0,3.0,208.3791312604823,1.0
1.0,1.0,1.0,3.0,1.0,2.0,1.0,0.0,0.0,1.0,2.0,2.0,257.8506295454404,1.0
1.0,0.0,1.0,2.0,1.0,1.0,1.0,0.0,0.0,3.0,2.0,3.0,424.0563554192318,1.0
0.0,0.0,1.0,1.0,1.0,3.0,1.0,1.0,1.0,1.0,5.0,2.0,54.889102771051554,1.0
0.0,0.0,1.0,1.0,1.0,1.0,1.0,1.0,0.0,1.0,6.0,3.0,358.75916575162273,1.0
0.0,0.0,1.0,1.0,1.0,3.0,1.0,0.0,0.0,2.0,5.0,3.0,292.6719510079027,1.0
1.0,1.0,1.0,1.0,1.0,3.0,1.0,1.0,0.0,1.0,2.0,2.0,264.34885897487976,1.0
1.0,0.0,1.0,1.0,3.0,1.0,1.0,1.0,1.0,1.0,2.0,2.0,377.6412271069712,1.0
0.0,0.0,1.0,1.0,3.0,2.0,0.0,0.0,0.0,3.0,1.0,2.0,287.6283127284247,1.0
1.0,0.0,1.0,1.0,1.0,1.0,1.0,1.0,0.0,1.0,2.0,3.0,325.16745485995267,0.0
0.0,0.0,1.0,1.0,1.0,2.0,1.0,1.0,0.0,1.0,2.0,3.0,42.84405004842606,0.0
0.0,0.0,1.0,1.0,1.0,3.0,1.0,0.0,0.0,2.0,2.0,3.0,64.15220980518839,0.0
1.0,0.0,1.0,1.0,1.0,3.0,0.0,0.0,0.0,3.0,2.0,3.0,183.33381378936505,1.0
0.0,1.0,1.0,3.0,1.0,2.0,1.0,0.0,0.0,3.0,1.0,3.0,187.83303636835393,0.0
1.0,1.0,1.0,1.0,1.0,3.0,1.0,0.0,1.0,2.0,5.0,3.0,20.209689888692758,1.0
0.0,0.0,1.0,1.0,1.0,1.0,1.0,0.0,0.0,2.0,2.0,2.0,0.0,0.0
0.0,0.0,1.0,2.0,1.0,2.0,1.0,0.0,0.0,2.0,2.0,2.0,418.6593898670422,1.0
0.0,1.0,1.0,1.0,1.0,3.0,1.0,1.0,1.0,3.0,2.0,3.0,0.0,0.0
0.0,0.0,1.0,1.0,1.0,1.0,1.0,1.0,0.0,3.0,2.0,3.0,634.4372615397117,0.0
0.0,0.0,1.0,2.0,3.0,2.0,1.0,1.0,0.0,1.0,2.0,3.0,131.30748610504924,0.0
1.0,0.0,1.0,1.0,3.0,2.0,1.0,0.0,0.0,1.0,2.0,3.0,30.0,0.0
0.0,0.0,1.0,1.0,1.0,1.0,1.0,1.0,0.0,1.0,3.0,3.0,245.46679761953132,0.0
0.0,0.0,1.0,2.0,1.0,1.0,0.0,0.0,0.0,2.0,3.0,3.0,84.18779387918296,0.0
1.0,0.0,1.0,1.0,3.0,3.0,1.0,0.0,0.0,1.0,2.0,3.0,181.70676533851437,0.0
0.0,0.0,1.0,1.0,1.0,2.0,1.0,1.0,0.0,1.0,2.0,3.0,30.0,0.0
1.0,1.0,1.0,1.0,1.0,2.0,1.0,0.0,0.0,1.0,2.0,3.0,102.91098064581702,1.0
1.0,1.0,1.0,1.0,3.0,3.0,1.0,0.0,0.0,3.0,6.0,3.0,0.0,0.0
0.0,0.0,1.0,1.0,1.0,2.0,1.0,0.0,1.0,1.0,3.0,3.0,123.95196805311531,1.0
1.0,0.0,1.0,1.0,1.0,1.0,1.0,1.0,0.0,1.0,2.0,3.0,712.2050243545859,1.0
1.0,1.0,1.0,1.0,1.0,2.0,0.0,1.0,1.0,2.0,2.0,3.0,137.66100648501205,1.0
1.0,1.0,1.0,1.0,1.0,3.0,0.0,1.0,1.0,2.0,2.0,3.0,159.4439447447488,1.0
1.0,1.0,1.0,1.0,1.0,2.0,1.0,1.0,1.0,2.0,4.0,3.0,93.50808316778964,0.0
0.0,0.0,1.0,1.0,3.0,2.0,1.0,0.0,0.0,3.0,1.0,3.0,240.46679761953132,1.0
1.0,1.0,1.0,1.0,1.0,3.0,0.0,1.0,1.0,2.0,2.0,3.0,211.47908717990393,1.0
1.0,1.0,1.0,1.0,1.0,2.0,1.0,1.0,1.0,2.0,1.0,3.0,306.00497076254567,0.0
0.0,0.0,1.0,1.0,2.0,2.0,1.0,0.0,0.0,2.0,3.0,3.0,282.5390918200206,0.0
0.0,0.0,1.0,1.0,1.0,1.0,1.0,0.0,0.0,2.0,3.0,2.0,0.0,1.0
0.0,0.0,1.0,1.0,1.0,1.0,1.0,0.0,0.0,2.0,1.0,3.0,30.737897551788873,1.0
1.0,0.0,1.0,1.0,1.0,2.0,1.0,0.0,0.0,2.0,2.0,3.0,145.66440897577638,0.0
0.0,0.0,1.0,1.0,3.0,3.0,1.0,0.0,0.0,2.0,1.0,3.0,298.4237304759439,1.0
1.0,1.0,1.0,3.0,1.0,1.0,0.0,0.0,0.0,3.0,1.0,3.0,119.09281541551088,1.0
0.0,0.0,1.0,2.0,1.0,1.0,1.0,0.0,0.0,2.0,1.0,3.0,519.2566872720853,1.0
1.0,0.0,1.0,1.0,1.0,1.0,1.0,1.0,0.0,1.0,2.0,3.0,57.262973780640834,0.0
1.0,0.0,1.0,1.0,1.0,1.0,1.0,1.0,0.0,1.0,2.0,2.0,0.0,1.0
0.0,1.0,1.0,1.0,3.0,2.0,0.0,0.0,0.0,3.0,2.0,2.0,406.3327936455806,1.0
1.0,0.0,1.0,1.0,3.0,2.0,1.0,0.0,0.0,3.0,1.0,3.0,327.2391461971159,1.0
1.0,1.0,1.0,1.0,1.0,3.0,1.0,1.0,0.0,1.0,2.0,2.0,487.22499030787344,0.0
1.0,1.0,1.0,1.0,3.0,3.0,1.0,1.0,1.0,1.0,2.0,3.0,60.37801304815673,0.0
1.0,0.0,1.0,1.0,1.0,2.0,1.0,1.0,1.0,2.0,2.0,3.0,14.343560322034495,1.0
1.0,0.0,1.0,1.0,1.0,1.0,1.0,0.0,0.0,3.0,2.0,3.0,12.7494272212096,1.0
1.0,0.0,1.0,1.0,3.0,2.0,0.0,0.0,0.0,3.0,1.0,3.0,227.24935467078723,1.0
0.0,0.0,1.0,2.0,1.0,1.0,1.0,0.0,0.0,2.0,1.0,2.0,320.99504304092545,1.0
0.0,0.0,1.0,1.0,3.0,2.0,1.0,0.0,0.0,2.0,1.0,2.0,381.76669830855184,0.0
1.0,0.0,1.0,1.0,1.0,1.0,1.0,0.0,0.0,2.0,1.0,3.0,350.5746781489006,1.0
0.0,0.0,1.0,2.0,1.0,1.0,1.0,1.0,0.0,2.0,3.0,2.0,283.23092033022846,0.0
1.0,1.0,1.0,1.0,3.0,3.0,1.0,1.0,1.0,2.0,2.0,3.0,538.0226625033981,1.0
0.0,0.0,1.0,1.0,1.0,1.0,1.0,1.0,0.0,2.0,1.0,3.0,189.0461681281362,1.0
1.0,1.0,1.0,1.0,3.0,3.0,1.0,0.0,0.0,1.0,3.0,3.0,0.0,1.0
0.0,1.0,1.0,1.0,3.0,3.0,0.0,0.0,0.0,3.0,3.0,3.0,454.30239620968644,1.0
1.0,0.0,1.0,2.0,2.0,3.0,1.0,0.0,0.0,3.0,1.0,2.0,67.21165437268102,0.0
0.0,0.0,1.0,1.0,1.0,1.0,1.0,0.0,0.0,3.0,4.0,3.0,234.21977611212625,1.0
1.0,1.0,1.0,1.0,1.0,3.0,1.0,0.0,0.0,2.0,2.0,3.0,0.0,1.0
0.0,0.0,1.0,2.0,1.0,3.0,0.0,0.0,0.0,3.0,2.0,3.0,283.23092033022846,1.0
0.0,0.0,1.0,2.0,1.0,1.0,1.0,0.0,0.0,3.0,1.0,3.0,18.296367590350517,1.0
1.0,1.0,1.0,1.0,1.0,3.0,1.0,0.0,0.0,3.0,1.0,3.0,305.8893939566467,1.0
0.0,0.0,1.0,3.0,1.0,2.0,1.0,1.0,0.0,1.0,2.0,3.0,294.20217303099685,0.0
0.0,0.0,1.0,1.0,1.0,3.0,1.0,1.0,0.0,3.0,2.0,3.0,374.86921769188757,1.0
1.0,0.0,1.0,1.0,1.0,2.0,0.0,0.0,0.0,3.0,1.0,3.0,130.37225045076372,1.0
0.0,0.0,1.0,1.0,3.0,3.0,1.0,0.0,0.0,2.0,1.0,3.0,493.4985455702254,1.0
0.0,0.0,1.0,2.0,1.0,1.0,0.0,0.0,0.0,3.0,3.0,2.0,312.30636663755433,1.0
1.0,0.0,1.0,2.0,1.0,2.0,0.0,0.0,0.0,3.0,4.0,3.0,138.78256384006136,1.0
1.0,0.0,1.0,1.0,1.0,1.0,1.0,1.0,0.0,2.0,3.0,3.0,0.0,1.0
1.0,0.0,1.0,2.0,1.0,2.0,1.0,1.0,1.0,1.0,2.0,3.0,176.26778901134617,1.0
1.0,1.0,1.0,1.0,1.0,2.0,1.0,1.0,1.0,1.0,2.0,3.0,310.87066266080984,0.0
1.0,0.0,1.0,2.0,1.0,2.0,1.0,0.0,0.0,1.0,2.0,3.0,211.088763806199,1.0
1.0,0.0,1.0,1.0,1.0,2.0,1.0,0.0,0.0,3.0,3.0,3.0,0.0,1.0
0.0,0.0,1.0,1.0,1.0,3.0,1.0,0.0,0.0,3.0,2.0,3.0,983.2433616346834,1.0
1.0,0.0,1.0,2.0,1.0,1.0,1.0,0.0,0.0,2.0,2.0,3.0,209.6998685944356,0.0
0.0,0.0,1.0,1.0,1.0,1.0,1.0,0.0,0.0,2.0,2.0,3.0,261.6041058995915,1.0
1.0,0.0,1.0,1.0,1.0,2.0,1.0,0.0,0.0,2.0,1.0,3.0,0.0,1.0
0.0,0.0,1.0,1.0,1.0,3.0,1.0,0.0,0.0,1.0,1.0,3.0,304.0564961288925,0.0
1.0,0.0,1.0,1.0,1.0,2.0,1.0,0.0,0.0,3.0,1.0,3.0,343.94783969105765,1.0
0.0,1.0,1.0,1.0,1.0,2.0,1.0,1.0,0.0,1.0,2.0,2.0,349.0386504127856,1.0
0.0,1.0,1.0,1.0,1.0,1.0,1.0,1.0,0.0,1.0,2.0,3.0,234.21977611212625,1.0
1.0,1.0,1.0,1.0,1.0,3.0,1.0,1.0,1.0,1.0,2.0,3.0,0.0,1.0
0.0,1.0,1.0,2.0,3.0,3.0,1.0,0.0,0.0,3.0,2.0,2.0,65.20825409200924,1.0
0.0,0.0,1.0,2.0,1.0,2.0,1.0,0.0,0.0,2.0,3.0,3.0,176.60286716466675,1.0
1.0,0.0,1.0,1.0,1.0,2.0,1.0,0.0,0.0,1.0,3.0,3.0,278.23092033022846,1.0
0.0,0.0,1.0,1.0,3.0,2.0,0.0,1.0,1.0,2.0,2.0,3.0,103.8424132806442,1.0
1.0,1.0,1.0,1.0,3.0,3.0,0.0,1.0,1.0,2.0,2.0,3.0,55.32821559321997,1.0
1.0,1.0,1.0,1.0,3.0,3.0,1.0,1.0,1.0,2.0,2.0,3.0,184.75939745422156,0.0
1.0,0.0,1.0,1.0,3.0,3.0,1.0,1.0,1.0,2.0,1.0,3.0,542.2247629478809,0.0
0.0,0.0,1.0,2.0,1.0,1.0,1.0,0.0,0.0,3.0,1.0,3.0,0.0,1.0
0.0,0.0,1.0,1.0,1.0,1.0,0.0,0.0,0.0,3.0,1.0,2.0,112.42842257642545,0.0
0.0,0.0,1.0,2.0,2.0,1.0,1.0,0.0,0.0,2.0,2.0,3.0,29.249917240688355,1.0
0.0,1.0,1.0,1.0,2.0,3.0,1.0,0.0,0.0,2.0,2.0,3.0,283.23092033022846,0.0
0.0,0.0,1.0,1.0,1.0,1.0,1.0,0.0,0.0,1.0,2.0,3.0,319.3172556336949,1.0
1.0,0.0,1.0,1.0,1.0,1.0,1.0,1.0,0.0,1.0,1.0,3.0,645.7664983529206,1.0
1.0,0.0,0.0,1.0,1.0,1.0,1.0,1.0,0.0,1.0,2.0,1.0,42.63713840514021,1.0
1.0,0.0,1.0,1.0,1.0,1.0,0.0,0.0,0.0,3.0,1.0,3.0,0.0,1.0
1.0,1.0,1.0,1.0,2.0,3.0,1.0,1.0,0.0,1.0,2.0,3.0,207.7026749088341,0.0
0.0,0.0,1.0,1.0,1.0,2.0,1.0,0.0,0.0,3.0,2.0,3.0,42.45263997957581,1.0
1.0,1.0,1.0,1.0,1.0,2.0,1.0,1.0,1.0,2.0,2.0,3.0,173.78743718359635,0.0
1.0,0.0,1.0,1.0,1.0,2.0,1.0,1.0,1.0,1.0,2.0,3.0,134.08325549000818,1.0
0.0,0.0,1.0,1.0,1.0,1.0,1.0,1.0,0.0,1.0,2.0,3.0,0.0,1.0
0.0,0.0,1.0,1.0,1.0,1.0,1.0,1.0,0.0,1.0,2.0,3.0,287.9093303967784,0.0
0.0,0.0,1.0,1.0,3.0,3.0,1.0,1.0,1.0,1.0,2.0,3.0,350.4982639086576,1.0
1.0,0.0,1.0,1.0,1.0,1.0,1.0,1.0,1.0,1.0,2.0,3.0,184.23705899899764,0.0
1.0,0.0,1.0,1.0,3.0,3.0,1.0,0.0,0.0,3.0,1.0,3.0,138.55094984504723,1.0
0.0,0.0,1.0,1.0,2.0,3.0,1.0,0.0,0.0,3.0,1.0,3.0,453.45110517349895,1.0
0.0,0.0,1.0,1.0,1.0,2.0,0.0,0.0,0.0,2.0,1.0,3.0,712.0174243518029,0.0
1.0,0.0,1.0,2.0,1.0,2.0,1.0,0.0,0.0,3.0,1.0,2.0,5.581704195879222,1.0
0.0,0.0,1.0,1.0,1.0,3.0,1.0,0.0,0.0,1.0,3.0,3.0,362.53557802269233,0.0
0.0,0.0,1.0,2.0,1.0,2.0,1.0,0.0,0.0,1.0,2.0,3.0,357.53557802269233,1.0
0.0,0.0,1.0,2.0,1.0,3.0,1.0,0.0,0.0,1.0,3.0,3.0,307.3206361658017,1.0
0.0,1.0,1.0,1.0,1.0,3.0,0.0,0.0,0.0,3.0,2.0,3.0,0.0,0.0
0.0,1.0,1.0,1.0,2.0,3.0,1.0,0.0,0.0,1.0,2.0,3.0,342.15509403833175,0.0
1.0,0.0,1.0,1.0,3.0,3.0,1.0,0.0,0.0,1.0,2.0,3.0,76.11288917585817,1.0
0.0,0.0,1.0,2.0,1.0,3.0,1.0,0.0,0.0,2.0,4.0,3.0,156.61795658393459,0.0
0.0,0.0,1.0,1.0,1.0,2.0,1.0,0.0,0.0,3.0,2.0,3.0,413.4759895594425,1.0
0.0,0.0,1.0,1.0,1.0,2.0,1.0,0.0,0.0,3.0,2.0,3.0,144.32910279889046,0.0
1.0,0.0,1.0,1.0,1.0,2.0,1.0,0.0,0.0,2.0,2.0,3.0,30.0,0.0
0.0,0.0,1.0,2.0,1.0,2.0,1.0,0.0,0.0,2.0,2.0,3.0,0.0,1.0
0.0,0.0,1.0,2.0,1.0,2.0,1.0,1.0,0.0,1.0,2.0,3.0,97.71755329587816,1.0
0.0,0.0,1.0,1.0,1.0,1.0,1.0,1.0,0.0,1.0,3.0,3.0,0.0,0.0
0.0,0.0,1.0,2.0,1.0,1.0,0.0,0.0,0.0,3.0,1.0,3.0,245.25007622779032,1.0
0.0,0.0,1.0,1.0,1.0,1.0,1.0,0.0,0.0,3.0,1.0,3.0,35.56813859564141,0.0
1.0,1.0,1.0,1.0,1.0,2.0,0.0,1.0,0.0,2.0,1.0,3.0,419.84638049534254,1.0
1.0,0.0,1.0,1.0,1.0,1.0,1.0,1.0,0.0,1.0,2.0,3.0,116.80548071154544,1.0
0.0,0.0,1.0,1.0,1.0,2.0,1.0,0.0,0.0,3.0,6.0,3.0,562.4741302208292,0.0
0.0,0.0,1.0,1.0,1.0,3.0,0.0,0.0,0.0,2.0,1.0,3.0,0.0,0.0
1.0,0.0,1.0,1.0,3.0,2.0,0.0,0.0,0.0,3.0,1.0,3.0,189.16576645709307,0.0
1.0,0.0,1.0,1.0,3.0,2.0,1.0,0.0,0.0,2.0,2.0,3.0,11.672994158171523,1.0
0.0,0.0,1.0,1.0,1.0,1.0,1.0,0.0,0.0,2.0,1.0,3.0,566.4618406604569,1.0
0.0,0.0,1.0,2.0,1.0,2.0,0.0,0.0,0.0,2.0,2.0,3.0,0.0,1.0
1.0,1.0,1.0,1.0,1.0,2.0,0.0,0.0,0.0,2.0,2.0,3.0,73.37861998814961,1.0
1.0,0.0,1.0,1.0,1.0,1.0,1.0,1.0,0.0,1.0,2.0,3.0,0.0,0.0
1.0,0.0,1.0,1.0,3.0,2.0,1.0,0.0,0.0,1.0,3.0,3.0,257.85540812618444,1.0
0.0,0.0,1.0,1.0,1.0,2.0,0.0,0.0,0.0,3.0,1.0,3.0,231.60003568555734,0.0
0.0,0.0,1.0,3.0,1.0,2.0,0.0,0.0,0.0,3.0,3.0,3.0,390.2228751588508,0.0
0.0,0.0,1.0,1.0,3.0,3.0,1.0,1.0,0.0,1.0,2.0,3.0,0.0,1.0
1.0,1.0,1.0,2.0,1.0,2.0,0.0,0.0,0.0,3.0,1.0,3.0,76.81429457277682,1.0
1.0,0.0,1.0,1.0,1.0,2.0,0.0,0.0,0.0,2.0,3.0,3.0,324.11656341564543,0.0
0.0,0.0,1.0,1.0,3.0,3.0,1.0,0.0,0.0,1.0,2.0,3.0,238.07929498965785,1.0
0.0,0.0,1.0,2.0,1.0,3.0,1.0,0.0,0.0,1.0,1.0,3.0,222.74801160276607,0.0
1.0,0.0,1.0,1.0,1.0,1.0,1.0,0.0,0.0,2.0,3.0,3.0,12.63105618043297,1.0
1.0,0.0,1.0,1.0,1.0,2.0,1.0,1.0,0.0,1.0,2.0,3.0,248.25411806913303,1.0
0.0,0.0,1.0,1.0,1.0,1.0,1.0,1.0,0.0,1.0,2.0,2.0,229.0352336310816,0.0
1.0,0.0,1.0,1.0,3.0,2.0,1.0,1.0,0.0,1.0,2.0,3.0,228.36956486932743,1.0
0.0,0.0,1.0,1.0,1.0,1.0,0.0,0.0,0.0,3.0,1.0,3.0,95.14111146982269,1.0
1.0,0.0,1.0,2.0,3.0,1.0,1.0,1.0,0.0,1.0,2.0,3.0,232.1873622726846,0.0
1.0,1.0,1.0,1.0,1.0,2.0,0.0,0.0,0.0,3.0,2.0,3.0,151.68956704759364,1.0
1.0,1.0,1.0,1.0,2.0,1.0,1.0,1.0,0.0,1.0,2.0,3.0,39.8780487982241,0.0
1.0,0.0,1.0,1.0,1.0,1.0,1.0,1.0,0.0,1.0,2.0,3.0,94.38510661491244,1.0
1.0,0.0,1.0,1.0,3.0,3.0,1.0,1.0,1.0,1.0,2.0,3.0,0.0,0.0
1.0,1.0,1.0,1.0,1.0,3.0,1.0,1.0,1.0,1.0,2.0,3.0,0.0,1.0
1.0,1.0,1.0,1.0,3.0,3.0,1.0,1.0,1.0,1.0,2.0,3.0,0.0,1.0
0.0,1.0,1.0,1.0,1.0,2.0,0.0,0.0,0.0,3.0,1.0,3.0,459.47380194197007,1.0
1.0,1.0,1.0,1.0,3.0,2.0,0.0,0.0,0.0,3.0,6.0,3.0,170.52727821468432,1.0
1.0,0.0,1.0,1.0,1.0,1.0,0.0,1.0,0.0,3.0,2.0,3.0,454.95969270784747,0.0
0.0,1.0,1.0,1.0,1.0,3.0,1.0,0.0,0.0,3.0,2.0,3.0,89.26540496115987,1.0
0.0,0.0,1.0,1.0,1.0,3.0,0.0,0.0,0.0,2.0,2.0,2.0,102.42201576934694,1.0
1.0,0.0,1.0,1.0,1.0,1.0,1.0,0.0,0.0,1.0,2.0,3.0,190.4355239316957,1.0
0.0,0.0,1.0,1.0,1.0,1.0,0.0,0.0,0.0,2.0,2.0,2.0,0.0,0.0
0.0,0.0,1.0,1.0,1.0,1.0,0.0,0.0,0.0,3.0,3.0,3.0,458.71161814847466,1.0
1.0,1.0,1.0,1.0,1.0,3.0,1.0,0.0,1.0,2.0,3.0,3.0,93.19203644472705,0.0
1.0,0.0,1.0,1.0,1.0,2.0,1.0,0.0,0.0,2.0,2.0,2.0,212.28448954266597,0.0
1.0,0.0,1.0,1.0,1.0,2.0,1.0,0.0,0.0,2.0,3.0,2.0,0.0,1.0
1.0,0.0,1.0,1.0,1.0,2.0,1.0,0.0,0.0,2.0,3.0,3.0,0.0,1.0
1.0,1.0,1.0,1.0,1.0,1.0,1.0,1.0,1.0,1.0,2.0,3.0,174.207065878719,0.0
1.0,0.0,1.0,1.0,1.0,2.0,1.0,1.0,1.0,1.0,3.0,3.0,498.3508007414507,1.0
1.0,0.0,1.0,1.0,3.0,2.0,1.0,1.0,0.0,1.0,2.0,3.0,173.46833452301092,1.0
1.0,1.0,1.0,1.0,3.0,3.0,1.0,0.0,0.0,3.0,1.0,2.0,490.270813107888,1.0
0.0,0.0,0.0,2.0,3.0,2.0,1.0,1.0,0.0,1.0,2.0,1.0,57.993442413236295,0.0
1.0,0.0,1.0,2.0,1.0,1.0,1.0,0.0,0.0,3.0,1.0,2.0,0.0,1.0
0.0,0.0,1.0,1.0,3.0,3.0,1.0,1.0,0.0,1.0,3.0,2.0,225.95860674273695,1.0
0.0,0.0,1.0,1.0,1.0,1.0,1.0,0.0,0.0,3.0,3.0,2.0,437.9468946931936,0.0
1.0,0.0,1.0,1.0,3.0,2.0,1.0,0.0,0.0,1.0,2.0,2.0,45.52422472173188,1.0
1.0,0.0,1.0,1.0,2.0,3.0,1.0,0.0,0.0,2.0,3.0,2.0,241.54311927353095,0.0
0.0,0.0,1.0,1.0,1.0,1.0,1.0,0.0,0.0,1.0,2.0,2.0,0.0,1.0
1.0,0.0,1.0,1.0,1.0,1.0,1.0,0.0,0.0,2.0,2.0,3.0,0.0,1.0
1.0,0.0,1.0,1.0,3.0,3.0,1.0,0.0,0.0,3.0,1.0,3.0,260.65007364269627,1.0
1.0,0.0,1.0,1.0,3.0,2.0,1.0,0.0,0.0,3.0,1.0,3.0,30.0,0.0
0.0,0.0,1.0,1.0,1.0,2.0,1.0,0.0,0.0,3.0,1.0,3.0,100.387077320419,1.0
0.0,0.0,1.0,1.0,1.0,2.0,1.0,0.0,0.0,1.0,3.0,3.0,307.39405881796836,0.0
1.0,1.0,1.0,1.0,3.0,3.0,1.0,0.0,1.0,1.0,3.0,3.0,410.0089031351797,1.0
1.0,1.0,1.0,1.0,3.0,2.0,1.0,1.0,0.0,1.0,2.0,3.0,332.0323411677198,0.0
0.0,1.0,1.0,1.0,3.0,3.0,1.0,0.0,0.0,3.0,1.0,3.0,229.84661162863486,1.0
1.0,1.0,1.0,1.0,1.0,1.0,1.0,0.0,0.0,3.0,1.0,3.0,27.066548958070655,1.0
1.0,1.0,1.0,1.0,1.0,3.0,0.0,0.0,0.0,3.0,4.0,3.0,0.0,1.0
0.0,0.0,1.0,1.0,1.0,1.0,0.0,1.0,0.0,2.0,6.0,2.0,220.03761418566043,0.0
1.0,1.0,1.0,1.0,1.0,1.0,0.0,0.0,0.0,2.0,2.0,3.0,0.0,1.0
1.0,1.0,1.0,1.0,3.0,3.0,0.0,0.0,0.0,3.0,3.0,3.0,302.0323411677198,1.0
0.0,0.0,1.0,2.0,1.0,2.0,1.0,0.0,0.0,1.0,1.0,3.0,955.8631905436384,0.0
1.0,1.0,1.0,1.0,1.0,2.0,1.0,1.0,1.0,1.0,5.0,3.0,0.0,1.0
1.0,0.0,1.0,1.0,1.0,1.0,1.0,1.0,0.0,1.0,1.0,3.0,320.9093624907023,1.0
0.0,0.0,1.0,1.0,1.0,1.0,0.0,0.0,0.0,3.0,2.0,3.0,328.72591352451605,0.0
1.0,1.0,1.0,1.0,1.0,2.0,1.0,0.0,0.0,3.0,2.0,3.0,130.2978038190266,0.0
1.0,0.0,1.0,1.0,1.0,2.0,1.0,0.0,0.0,1.0,1.0,3.0,375.78841233461833,1.0
1.0,1.0,0.0,1.0,1.0,1.0,1.0,1.0,1.0,1.0,2.0,1.0,171.6920652507105,1.0
1.0,0.0,1.0,2.0,1.0,1.0,1.0,1.0,1.0,1.0,3.0,2.0,273.2790876227607,0.0
0.0,0.0,1.0,1.0,1.0,1.0,0.0,0.0,0.0,2.0,4.0,3.0,142.27255438256563,0.0
1.0,1.0,1.0,1.0,1.0,2.0,1.0,1.0,1.0,1.0,2.0,3.0,83.48686590560638,1.0
1.0,1.0,1.0,1.0,1.0,1.0,1.0,1.0,1.0,1.0,2.0,3.0,0.0,0.0
1.0,1.0,1.0,2.0,1.0,1.0,1.0,0.0,0.0,3.0,2.0,3.0,133.4576952349475,0.0
0.0,0.0,1.0,1.0,3.0,2.0,0.0,1.0,0.0,2.0,3.0,3.0,30.0,0.0
1.0,0.0,1.0,1.0,1.0,1.0,0.0,1.0,0.0,2.0,3.0,3.0,177.16790116241305,1.0
1.0,1.0,1.0,1.0,2.0,2.0,0.0,1.0,1.0,2.0,3.0,3.0,229.07506440498292,1.0
0.0,1.0,1.0,1.0,1.0,2.0,1.0,0.0,0.0,3.0,1.0,3.0,412.25968179039546,0.0
1.0,1.0,1.0,1.0,1.0,2.0,1.0,1.0,1.0,3.0,4.0,3.0,96.42784837856009,1.0
0.0,0.0,1.0,2.0,1.0,1.0,0.0,0.0,0.0,3.0,1.0,3.0,316.5928635061386,1.0
1.0,0.0,1.0,1.0,1.0,1.0,0.0,0.0,0.0,3.0,1.0,3.0,293.24211779558317,0.0
0.0,0.0,1.0,1.0,3.0,2.0,1.0,0.0,0.0,2.0,1.0,2.0,412.15076812234224,0.0
1.0,0.0,1.0,1.0,3.0,3.0,0.0,0.0,0.0,3.0,6.0,3.0,97.76437483655121,1.0
0.0,0.0,1.0,1.0,3.0,3.0,1.0,0.0,0.0,2.0,1.0,3.0,283.1553198447374,1.0
0.0,0.0,1.0,1.0,1.0,1.0,1.0,0.0,0.0,3.0,1.0,3.0,107.83313104895349,0.0
1.0,0.0,1.0,1.0,3.0,2.0,0.0,0.0,0.0,3.0,2.0,3.0,304.9262498979582,1.0
0.0,0.0,1.0,1.0,1.0,1.0,0.0,0.0,0.0,3.0,2.0,3.0,0.0,1.0
1.0,0.0,1.0,1.0,1.0,2.0,0.0,0.0,0.0,3.0,4.0,3.0,79.74073162874835,1.0
0.0,0.0,1.0,1.0,1.0,3.0,1.0,1.0,0.0,2.0,2.0,3.0,23.818563083102177,1.0
1.0,0.0,1.0,1.0,1.0,1.0,0.0,0.0,0.0,3.0,2.0,3.0,284.08072859283277,0.0
0.0,0.0,1.0,2.0,1.0,1.0,0.0,0.0,0.0,2.0,2.0,3.0,0.0,0.0
0.0,0.0,1.0,1.0,1.0,1.0,0.0,0.0,0.0,3.0,2.0,3.0,487.71700153811446,1.0
0.0,0.0,1.0,1.0,1.0,2.0,1.0,0.0,0.0,3.0,2.0,3.0,133.83320478381611,1.0
1.0,0.0,1.0,1.0,1.0,3.0,1.0,1.0,1.0,2.0,1.0,2.0,273.76064696381565,1.0
0.0,0.0,1.0,1.0,1.0,2.0,0.0,0.0,0.0,3.0,1.0,3.0,0.0,1.0
0.0,0.0,1.0,1.0,1.0,2.0,0.0,0.0,1.0,2.0,2.0,3.0,0.0,1.0
1.0,0.0,1.0,1.0,1.0,1.0,1.0,1.0,0.0,1.0,3.0,3.0,65.68548216008341,1.0
0.0,0.0,1.0,1.0,3.0,2.0,0.0,0.0,0.0,3.0,1.0,2.0,330.65401043496115,0.0
0.0,0.0,1.0,2.0,1.0,2.0,0.0,0.0,0.0,3.0,1.0,3.0,844.465959534212,1.0
0.0,0.0,1.0,1.0,1.0,1.0,1.0,0.0,0.0,2.0,1.0,2.0,21.45475114076401,0.0
0.0,0.0,1.0,1.0,1.0,1.0,0.0,0.0,0.0,3.0,1.0,3.0,36.37744179964696,0.0
0.0,0.0,1.0,2.0,1.0,1.0,0.0,0.0,0.0,3.0,3.0,3.0,201.2051491542253,1.0
1.0,0.0,1.0,1.0,3.0,3.0,0.0,0.0,0.0,3.0,3.0,3.0,154.2395232972272,1.0
0.0,0.0,1.0,3.0,1.0,1.0,1.0,0.0,0.0,3.0,2.0,3.0,0.0,1.0
1.0,0.0,1.0,1.0,1.0,1.0,1.0,0.0,0.0,1.0,1.0,3.0,0.0,0.0
0.0,0.0,1.0,1.0,2.0,2.0,1.0,0.0,0.0,1.0,1.0,3.0,823.3495503169189,0.0
0.0,1.0,1.0,2.0,1.0,2.0,1.0,0.0,0.0,3.0,2.0,2.0,285.4006814105162,1.0
1.0,0.0,1.0,1.0,3.0,3.0,1.0,0.0,1.0,1.0,2.0,3.0,377.9555499678749,1.0
1.0,1.0,1.0,2.0,1.0,2.0,0.0,1.0,1.0,2.0,2.0,3.0,219.5565799809589,1.0
1.0,0.0,1.0,1.0,3.0,2.0,0.0,1.0,1.0,2.0,1.0,3.0,210.0754034806166,1.0
1.0,0.0,1.0,1.0,3.0,1.0,1.0,1.0,1.0,2.0,2.0,3.0,419.95359174440983,0.0
1.0,0.0,1.0,1.0,1.0,1.0,0.0,0.0,0.0,3.0,6.0,3.0,0.0,1.0
1.0,0.0,1.0,1.0,1.0,1.0,1.0,0.0,0.0,1.0,2.0,3.0,0.0,1.0
0.0,0.0,1.0,1.0,1.0,1.0,0.0,0.0,0.0,3.0,3.0,3.0,76.73366629613031,1.0
0.0,0.0,1.0,1.0,3.0,3.0,1.0,0.0,0.0,3.0,1.0,3.0,334.4880497661084,0.0
1.0,0.0,1.0,1.0,1.0,1.0,0.0,0.0,0.0,3.0,4.0,3.0,0.0,0.0
0.0,1.0,1.0,1.0,3.0,3.0,1.0,1.0,1.0,2.0,3.0,3.0,422.8452776348079,1.0
0.0,0.0,1.0,1.0,1.0,2.0,1.0,0.0,0.0,1.0,2.0,3.0,167.46219616802148,1.0
0.0,0.0,1.0,1.0,1.0,3.0,0.0,0.0,0.0,3.0,2.0,3.0,3.238240540080864,0.0
1.0,0.0,1.0,1.0,1.0,3.0,1.0,0.0,0.0,3.0,2.0,3.0,0.0,0.0
1.0,1.0,1.0,1.0,1.0,1.0,1.0,1.0,0.0,2.0,2.0,3.0,137.14236841593947,0.0
1.0,1.0,1.0,1.0,1.0,3.0,1.0,1.0,0.0,1.0,2.0,3.0,0.0,0.0
0.0,0.0,1.0,1.0,1.0,1.0,1.0,1.0,0.0,1.0,2.0,3.0,385.0912349888428,1.0
1.0,0.0,1.0,1.0,1.0,3.0,1.0,1.0,0.0,1.0,2.0,3.0,18.477430755376233,1.0
0.0,0.0,1.0,1.0,1.0,2.0,1.0,1.0,0.0,1.0,2.0,3.0,0.0,1.0
0.0,0.0,1.0,1.0,1.0,2.0,0.0,0.0,0.0,3.0,1.0,3.0,1673.0577152041687,0.0
0.0,0.0,1.0,1.0,1.0,1.0,0.0,0.0,0.0,3.0,1.0,3.0,48.04312440057542,1.0
0.0,0.0,1.0,1.0,1.0,1.0,0.0,0.0,0.0,3.0,1.0,3.0,330.34787315219353,1.0
1.0,0.0,1.0,1.0,1.0,2.0,1.0,0.0,0.0,2.0,2.0,3.0,0.0,1.0
1.0,0.0,1.0,1.0,1.0,1.0,0.0,0.0,0.0,3.0,1.0,3.0,406.912685242341,1.0
0.0,0.0,1.0,2.0,1.0,1.0,0.0,0.0,0.0,3.0,1.0,3.0,337.42350273623526,1.0
1.0,0.0,1.0,2.0,1.0,1.0,1.0,0.0,0.0,2.0,1.0,3.0,203.58880097235993,0.0
1.0,0.0,1.0,2.0,1.0,2.0,1.0,0.0,0.0,2.0,3.0,3.0,210.24085742059518,1.0
0.0,0.0,1.0,1.0,1.0,2.0,1.0,0.0,0.0,2.0,1.0,3.0,266.97889052135713,1.0
0.0,0.0,1.0,1.0,1.0,2.0,1.0,0.0,0.0,2.0,1.0,3.0,586.4002034949089,0.0
1.0,0.0,1.0,1.0,2.0,2.0,1.0,0.0,0.0,2.0,1.0,3.0,33.97583049962174,1.0
1.0,0.0,1.0,1.0,1.0,1.0,1.0,0.0,0.0,1.0,2.0,3.0,109.9786791332572,1.0
0.0,0.0,1.0,1.0,1.0,3.0,0.0,0.0,0.0,2.0,2.0,3.0,173.9047993880393,0.0
0.0,0.0,1.0,1.0,1.0,1.0,1.0,0.0,0.0,3.0,3.0,3.0,173.33621653336252,1.0
0.0,0.0,1.0,1.0,1.0,1.0,1.0,1.0,0.0,1.0,2.0,3.0,510.4467001551478,0.0
1.0,0.0,1.0,1.0,1.0,3.0,1.0,0.0,0.0,1.0,2.0,3.0,50.59951938949388,1.0
1.0,0.0,1.0,1.0,1.0,1.0,1.0,1.0,0.0,1.0,2.0,3.0,341.48362784605143,1.0
0.0,0.0,1.0,1.0,1.0,1.0,1.0,1.0,0.0,1.0,4.0,3.0,297.3130858369742,0.0
1.0,1.0,1.0,1.0,1.0,3.0,1.0,0.0,0.0,1.0,2.0,3.0,362.97124682122745,0.0
0.0,0.0,1.0,1.0,3.0,2.0,1.0,0.0,0.0,2.0,2.0,3.0,30.0,0.0
1.0,0.0,1.0,1.0,1.0,1.0,0.0,0.0,0.0,3.0,1.0,3.0,284.4895109211726,0.0
0.0,0.0,1.0,1.0,1.0,1.0,1.0,0.0,0.0,3.0,1.0,3.0,279.71335030313696,1.0
0.0,0.0,1.0,1.0,1.0,1.0,1.0,0.0,0.0,3.0,1.0,3.0,134.9128522335036,1.0
0.0,0.0,1.0,2.0,3.0,3.0,1.0,1.0,0.0,3.0,1.0,3.0,177.59036087574296,0.0
0.0,0.0,1.0,1.0,1.0,2.0,1.0,0.0,0.0,2.0,2.0,2.0,152.94359010636276,1.0
1.0,0.0,1.0,1.0,1.0,1.0,1.0,1.0,1.0,2.0,3.0,3.0,258.6151921248602,0.0
0.0,0.0,1.0,2.0,1.0,1.0,0.0,0.0,0.0,3.0,1.0,3.0,261.03789894787354,1.0
0.0,0.0,1.0,1.0,1.0,1.0,1.0,0.0,0.0,3.0,1.0,3.0,314.28907273205476,1.0
0.0,0.0,1.0,1.0,3.0,1.0,1.0,0.0,0.0,3.0,2.0,3.0,366.03638452236106,0.0
0.0,0.0,1.0,1.0,1.0,1.0,1.0,0.0,0.0,1.0,2.0,2.0,835.89330132134,1.0
1.0,1.0,1.0,1.0,1.0,2.0,1.0,1.0,1.0,1.0,2.0,3.0,143.97790703391485,0.0
1.0,1.0,1.0,1.0,3.0,3.0,1.0,1.0,1.0,1.0,2.0,3.0,219.96150684548732,0.0
0.0,0.0,1.0,1.0,1.0,2.0,1.0,1.0,1.0,1.0,2.0,3.0,343.90264720791714,1.0
0.0,0.0,1.0,1.0,3.0,2.0,1.0,0.0,0.0,3.0,1.0,3.0,431.13670311337785,0.0
0.0,0.0,1.0,3.0,1.0,2.0,0.0,1.0,0.0,2.0,1.0,3.0,749.0675963934154,1.0
0.0,0.0,1.0,1.0,1.0,1.0,1.0,0.0,0.0,3.0,2.0,3.0,0.0,1.0
0.0,0.0,1.0,1.0,1.0,2.0,0.0,0.0,0.0,3.0,1.0,3.0,393.10598369254626,0.0
1.0,1.0,1.0,1.0,1.0,3.0,1.0,1.0,0.0,1.0,2.0,3.0,475.213607681091,1.0
1.0,1.0,1.0,1.0,1.0,3.0,1.0,1.0,1.0,1.0,2.0,3.0,95.27425233240871,0.0
0.0,0.0,1.0,1.0,1.0,3.0,1.0,1.0,1.0,1.0,2.0,3.0,378.7646293284362,1.0
1.0,0.0,1.0,2.0,3.0,2.0,1.0,1.0,1.0,1.0,2.0,3.0,297.0323411677198,1.0
0.0,0.0,1.0,1.0,1.0,2.0,1.0,1.0,1.0,1.0,2.0,3.0,300.8024050130265,0.0
1.0,0.0,1.0,1.0,1.0,1.0,1.0,0.0,0.0,3.0,1.0,3.0,10.826619583228261,1.0
0.0,0.0,1.0,1.0,1.0,2.0,1.0,0.0,0.0,2.0,2.0,3.0,294.27829852175483,0.0
0.0,0.0,1.0,1.0,1.0,1.0,1.0,1.0,0.0,2.0,2.0,2.0,0.0,1.0
1.0,1.0,1.0,1.0,1.0,3.0,1.0,1.0,1.0,2.0,2.0,2.0,107.91534657351292,1.0
1.0,0.0,1.0,1.0,1.0,1.0,1.0,1.0,1.0,1.0,2.0,3.0,574.5410209862949,1.0
0.0,0.0,1.0,1.0,1.0,1.0,1.0,1.0,0.0,1.0,2.0,3.0,692.0167126039378,1.0
1.0,0.0,1.0,1.0,1.0,1.0,1.0,0.0,0.0,1.0,1.0,3.0,205.01452520111368,1.0
0.0,0.0,1.0,1.0,1.0,1.0,1.0,0.0,1.0,1.0,1.0,3.0,285.1434012534648,0.0
0.0,0.0,1.0,1.0,1.0,2.0,1.0,1.0,0.0,1.0,5.0,3.0,306.93938489427745,0.0
0.0,0.0,1.0,1.0,1.0,1.0,1.0,0.0,0.0,3.0,1.0,3.0,69.03630065977444,0.0
0.0,0.0,1.0,1.0,3.0,3.0,0.0,0.0,0.0,3.0,3.0,3.0,87.1542876449875,0.0
0.0,0.0,1.0,1.0,1.0,2.0,0.0,0.0,0.0,3.0,4.0,3.0,99.18209913682858,0.0
1.0,0.0,1.0,1.0,1.0,1.0,1.0,1.0,0.0,1.0,3.0,3.0,182.8799504748983,0.0
0.0,0.0,1.0,1.0,1.0,2.0,0.0,0.0,0.0,3.0,2.0,2.0,303.95164318845923,0.0
1.0,1.0,1.0,1.0,3.0,2.0,0.0,0.0,0.0,3.0,1.0,3.0,226.2978427554418,1.0
0.0,0.0,1.0,1.0,1.0,1.0,1.0,0.0,0.0,1.0,3.0,3.0,568.1905717802159,0.0
1.0,0.0,1.0,3.0,1.0,3.0,1.0,1.0,0.0,1.0,2.0,3.0,101.59465820095241,1.0
0.0,0.0,1.0,1.0,3.0,3.0,1.0,0.0,0.0,1.0,2.0,2.0,297.02500831822607,0.0
1.0,0.0,1.0,1.0,1.0,1.0,1.0,0.0,0.0,1.0,2.0,2.0,183.5835190440021,1.0
0.0,0.0,1.0,2.0,1.0,1.0,1.0,0.0,0.0,1.0,2.0,3.0,181.2194047006319,1.0
0.0,0.0,1.0,2.0,1.0,2.0,0.0,0.0,0.0,3.0,2.0,3.0,56.52521797890924,0.0
0.0,0.0,1.0,1.0,1.0,2.0,1.0,0.0,0.0,1.0,3.0,3.0,489.11225967151654,1.0
0.0,1.0,1.0,3.0,1.0,1.0,0.0,0.0,0.0,3.0,3.0,2.0,349.3573449507379,1.0
1.0,1.0,1.0,1.0,1.0,3.0,0.0,0.0,0.0,3.0,2.0,3.0,0.0,1.0
1.0,0.0,1.0,1.0,1.0,2.0,0.0,0.0,0.0,3.0,2.0,3.0,46.22982925298146,1.0
1.0,0.0,1.0,1.0,1.0,1.0,0.0,0.0,0.0,2.0,3.0,3.0,0.0,1.0
0.0,0.0,1.0,1.0,1.0,1.0,0.0,0.0,0.0,3.0,3.0,3.0,187.83728223137592,0.0
1.0,1.0,1.0,2.0,1.0,2.0,1.0,1.0,1.0,3.0,3.0,3.0,134.08430077372063,1.0
0.0,0.0,1.0,1.0,3.0,3.0,1.0,0.0,0.0,3.0,1.0,3.0,99.80041141744258,1.0
0.0,0.0,1.0,1.0,1.0,2.0,0.0,0.0,0.0,3.0,2.0,3.0,300.8024050130265,0.0
0.0,0.0,1.0,1.0,1.0,3.0,0.0,0.0,0.0,3.0,1.0,3.0,253.93387837358333,1.0
1.0,0.0,1.0,1.0,1.0,1.0,1.0,0.0,0.0,2.0,1.0,3.0,0.0,1.0
0.0,0.0,1.0,2.0,1.0,1.0,0.0,0.0,0.0,3.0,1.0,3.0,285.1434012534648,0.0
0.0,0.0,1.0,2.0,1.0,1.0,1.0,0.0,0.0,3.0,2.0,3.0,109.70974511004636,0.0
1.0,0.0,1.0,1.0,3.0,2.0,1.0,0.0,1.0,1.0,3.0,3.0,382.4980552075231,1.0
1.0,1.0,1.0,1.0,1.0,3.0,1.0,1.0,1.0,1.0,3.0,2.0,264.27829852175483,0.0
1.0,0.0,1.0,1.0,3.0,2.0,1.0,0.0,0.0,2.0,2.0,3.0,179.68299420996425,1.0
0.0,0.0,1.0,1.0,1.0,1.0,1.0,0.0,0.0,3.0,1.0,3.0,29.27418814456083,0.0
0.0,1.0,1.0,2.0,1.0,3.0,1.0,1.0,0.0,1.0,2.0,3.0,0.0,0.0
0.0,0.0,1.0,1.0,1.0,3.0,1.0,1.0,1.0,1.0,2.0,3.0,0.0,0.0
1.0,1.0,1.0,1.0,1.0,1.0,1.0,0.0,0.0,3.0,2.0,3.0,73.11545862720337,0.0
0.0,0.0,1.0,1.0,1.0,2.0,0.0,0.0,0.0,2.0,2.0,3.0,308.5139565995581,1.0
1.0,0.0,1.0,1.0,3.0,3.0,1.0,0.0,0.0,1.0,2.0,3.0,366.21421366586026,1.0
0.0,0.0,1.0,1.0,3.0,3.0,0.0,0.0,0.0,3.0,1.0,3.0,307.6132950370477,1.0
0.0,0.0,1.0,2.0,1.0,1.0,1.0,0.0,0.0,3.0,1.0,3.0,466.3525592579972,0.0
1.0,0.0,1.0,1.0,1.0,1.0,1.0,0.0,0.0,3.0,2.0,3.0,115.67945526229306,1.0
1.0,1.0,1.0,1.0,1.0,3.0,1.0,0.0,1.0,3.0,2.0,3.0,0.0,0.0
1.0,0.0,1.0,1.0,1.0,1.0,1.0,0.0,0.0,2.0,2.0,3.0,97.40297301285842,0.0
0.0,0.0,1.0,1.0,1.0,1.0,0.0,0.0,0.0,3.0,3.0,3.0,0.0,0.0
1.0,1.0,1.0,1.0,1.0,2.0,0.0,0.0,1.0,3.0,1.0,3.0,64.67256778405479,1.0
0.0,0.0,1.0,1.0,1.0,3.0,0.0,0.0,0.0,3.0,1.0,3.0,243.82744307979635,1.0
0.0,0.0,1.0,1.0,1.0,1.0,0.0,0.0,0.0,3.0,4.0,3.0,245.33575677801355,1.0
0.0,0.0,1.0,1.0,1.0,2.0,0.0,0.0,0.0,2.0,2.0,3.0,494.25073974916387,0.0
0.0,0.0,1.0,2.0,3.0,2.0,1.0,0.0,1.0,2.0,3.0,3.0,257.4073745519279,0.0
1.0,1.0,1.0,1.0,1.0,2.0,1.0,0.0,0.0,3.0,2.0,3.0,41.55871410936791,1.0
1.0,0.0,1.0,1.0,3.0,3.0,1.0,1.0,0.0,2.0,3.0,3.0,0.0,1.0
1.0,1.0,1.0,1.0,3.0,3.0,1.0,1.0,1.0,1.0,2.0,3.0,185.13424986372257,1.0
1.0,0.0,1.0,2.0,1.0,3.0,1.0,0.0,0.0,1.0,1.0,3.0,358.0958449894467,1.0
0.0,0.0,1.0,1.0,3.0,2.0,1.0,0.0,0.0,1.0,1.0,2.0,316.5008471485236,0.0
0.0,0.0,1.0,1.0,3.0,2.0,1.0,1.0,0.0,1.0,1.0,3.0,573.513061169753,0.0
1.0,1.0,1.0,1.0,1.0,1.0,1.0,1.0,1.0,2.0,2.0,3.0,35.4135125019436,1.0
0.0,0.0,1.0,2.0,1.0,1.0,1.0,0.0,0.0,2.0,2.0,3.0,168.3049640619786,0.0
1.0,0.0,1.0,1.0,1.0,2.0,1.0,0.0,0.0,3.0,1.0,3.0,166.33339166283082,1.0
0.0,0.0,1.0,1.0,2.0,3.0,1.0,1.0,0.0,2.0,1.0,3.0,292.5157100045546,0.0
1.0,0.0,0.0,2.0,1.0,1.0,1.0,0.0,0.0,3.0,1.0,1.0,25.983886999747828,0.0
0.0,0.0,1.0,2.0,1.0,1.0,1.0,1.0,0.0,1.0,2.0,2.0,239.07519234140705,0.0
0.0,0.0,1.0,1.0,1.0,1.0,1.0,0.0,0.0,2.0,2.0,3.0,412.5314091107626,0.0
1.0,1.0,1.0,1.0,1.0,2.0,1.0,1.0,1.0,2.0,2.0,3.0,57.066548958070655,0.0
0.0,0.0,1.0,1.0,1.0,1.0,1.0,1.0,0.0,1.0,6.0,3.0,168.3049640619786,0.0
0.0,0.0,1.0,1.0,1.0,3.0,1.0,0.0,0.0,1.0,2.0,3.0,235.89976613270534,1.0
0.0,0.0,1.0,2.0,1.0,3.0,1.0,1.0,1.0,1.0,2.0,3.0,150.87608876344873,1.0
0.0,0.0,1.0,1.0,1.0,1.0,1.0,0.0,0.0,3.0,1.0,3.0,471.7995322654107,1.0
1.0,1.0,1.0,1.0,1.0,3.0,1.0,0.0,0.0,3.0,3.0,3.0,266.84981544931617,1.0
0.0,0.0,1.0,1.0,3.0,3.0,0.0,0.0,0.0,3.0,2.0,3.0,288.7456721716717,1.0
1.0,0.0,1.0,1.0,1.0,1.0,1.0,0.0,0.0,1.0,2.0,3.0,320.82368194047916,1.0
1.0,0.0,1.0,1.0,1.0,1.0,1.0,0.0,0.0,1.0,1.0,3.0,168.61283992719348,0.0
1.0,1.0,1.0,1.0,3.0,3.0,1.0,0.0,1.0,2.0,3.0,3.0,404.6797835643729,1.0
0.0,0.0,1.0,1.0,1.0,3.0,1.0,0.0,0.0,2.0,3.0,3.0,145.2252006651312,0.0
1.0,0.0,1.0,1.0,1.0,1.0,1.0,0.0,0.0,2.0,2.0,3.0,181.17757005411812,0.0
1.0,1.0,1.0,1.0,1.0,2.0,1.0,0.0,0.0,2.0,2.0,3.0,95.95910436648528,1.0
1.0,1.0,1.0,2.0,1.0,2.0,0.0,0.0,0.0,3.0,3.0,3.0,0.0,1.0
1.0,0.0,1.0,1.0,3.0,3.0,1.0,0.0,0.0,1.0,2.0,3.0,707.6992983981161,1.0
0.0,0.0,1.0,1.0,3.0,2.0,1.0,1.0,1.0,2.0,3.0,2.0,126.90522780809887,0.0
1.0,0.0,1.0,1.0,1.0,1.0,1.0,0.0,0.0,3.0,3.0,2.0,119.2819001027557,0.0
1.0,0.0,1.0,1.0,3.0,2.0,1.0,0.0,0.0,1.0,5.0,2.0,203.1898662292197,1.0
0.0,0.0,1.0,1.0,1.0,1.0,1.0,0.0,0.0,3.0,2.0,2.0,0.0,1.0
0.0,0.0,1.0,1.0,1.0,2.0,0.0,0.0,0.0,3.0,1.0,3.0,405.5680527285032,1.0
0.0,0.0,1.0,1.0,1.0,1.0,1.0,1.0,0.0,1.0,3.0,3.0,11.458987822765586,0.0
0.0,0.0,1.0,1.0,1.0,2.0,1.0,0.0,0.0,1.0,1.0,3.0,0.0,1.0
0.0,1.0,1.0,2.0,1.0,2.0,1.0,0.0,0.0,2.0,2.0,3.0,395.08600336106815,1.0
0.0,0.0,1.0,1.0,1.0,2.0,1.0,0.0,0.0,2.0,2.0,3.0,392.02132672330754,0.0
0.0,0.0,1.0,3.0,1.0,1.0,1.0,0.0,0.0,1.0,3.0,3.0,94.48030022963863,1.0
1.0,1.0,1.0,1.0,3.0,3.0,1.0,1.0,1.0,1.0,2.0,3.0,448.20955565214,1.0
1.0,1.0,1.0,1.0,1.0,1.0,1.0,1.0,0.0,1.0,2.0,3.0,100.90409451568738,0.0
1.0,1.0,1.0,1.0,2.0,3.0,1.0,1.0,1.0,1.0,2.0,3.0,106.118932024033,0.0
1.0,0.0,1.0,2.0,1.0,1.0,1.0,1.0,0.0,2.0,1.0,3.0,24.901225041425,0.0
1.0,1.0,1.0,1.0,1.0,3.0,1.0,1.0,1.0,2.0,1.0,3.0,0.0,0.0
0.0,0.0,1.0,1.0,1.0,2.0,1.0,1.0,0.0,2.0,3.0,3.0,596.1594387184928,0.0
0.0,1.0,1.0,1.0,1.0,1.0,1.0,1.0,0.0,2.0,3.0,3.0,234.21977611212625,1.0
0.0,0.0,1.0,1.0,1.0,1.0,1.0,0.0,1.0,3.0,3.0,2.0,151.53098374911156,1.0
0.0,0.0,0.0,1.0,1.0,2.0,1.0,0.0,0.0,1.0,5.0,1.0,189.38140729334916,1.0
0.0,0.0,1.0,1.0,1.0,2.0,1.0,1.0,0.0,1.0,3.0,2.0,30.0,0.0
0.0,0.0,1.0,1.0,3.0,1.0,1.0,1.0,0.0,1.0,2.0,2.0,402.6729259896848,1.0
1.0,1.0,1.0,1.0,1.0,1.0,1.0,1.0,1.0,1.0,2.0,2.0,141.17240981709114,1.0
0.0,0.0,1.0,1.0,3.0,3.0,1.0,1.0,1.0,1.0,5.0,2.0,319.15840227351583,0.0
0.0,0.0,1.0,1.0,3.0,3.0,0.0,0.0,0.0,3.0,1.0,3.0,75.13813958622846,1.0
1.0,0.0,1.0,1.0,1.0,1.0,1.0,0.0,0.0,2.0,2.0,3.0,0.0,0.0
1.0,1.0,1.0,2.0,1.0,3.0,0.0,1.0,1.0,2.0,2.0,2.0,0.0,1.0
0.0,0.0,1.0,1.0,1.0,1.0,1.0,0.0,0.0,1.0,2.0,3.0,360.926642183039,1.0
0.0,0.0,1.0,1.0,1.0,1.0,1.0,0.0,0.0,1.0,3.0,3.0,632.5266929997425,0.0
0.0,0.0,1.0,1.0,1.0,2.0,1.0,0.0,0.0,3.0,4.0,3.0,0.0,1.0
0.0,0.0,1.0,1.0,1.0,3.0,1.0,0.0,0.0,3.0,1.0,3.0,175.3022649209645,0.0
1.0,0.0,1.0,2.0,1.0,1.0,0.0,0.0,0.0,3.0,1.0,3.0,155.95167480615558,1.0
0.0,0.0,1.0,2.0,1.0,3.0,1.0,1.0,0.0,1.0,2.0,3.0,0.0,1.0
1.0,0.0,1.0,1.0,1.0,1.0,1.0,0.0,0.0,2.0,2.0,3.0,363.4743596572723,1.0
1.0,1.0,1.0,1.0,3.0,3.0,1.0,1.0,1.0,1.0,2.0,3.0,273.43761239219646,1.0
0.0,0.0,1.0,1.0,1.0,1.0,0.0,0.0,0.0,3.0,1.0,3.0,348.6239983634678,1.0
1.0,1.0,1.0,1.0,3.0,3.0,1.0,0.0,1.0,2.0,1.0,3.0,0.0,0.0
1.0,1.0,1.0,1.0,3.0,1.0,1.0,1.0,0.0,1.0,2.0,3.0,283.0797193592464,0.0
1.0,0.0,1.0,1.0,1.0,1.0,1.0,1.0,1.0,1.0,2.0,3.0,0.0,1.0
0.0,0.0,1.0,1.0,1.0,2.0,1.0,0.0,1.0,3.0,2.0,3.0,37.46314976603868,0.0
0.0,0.0,1.0,1.0,1.0,1.0,1.0,0.0,0.0,1.0,2.0,3.0,217.97138390661968,1.0
0.0,0.0,1.0,1.0,1.0,1.0,1.0,0.0,0.0,1.0,2.0,2.0,0.0,0.0
1.0,1.0,1.0,1.0,3.0,3.0,1.0,1.0,1.0,2.0,2.0,3.0,295.252147291694,1.0
1.0,1.0,1.0,1.0,1.0,3.0,1.0,1.0,1.0,1.0,3.0,3.0,181.17102038991766,1.0
1.0,0.0,1.0,1.0,2.0,3.0,1.0,1.0,1.0,1.0,3.0,3.0,51.534709216166526,0.0
1.0,0.0,1.0,1.0,1.0,2.0,1.0,1.0,1.0,1.0,2.0,3.0,0.0,1.0
0.0,0.0,1.0,2.0,1.0,1.0,0.0,0.0,0.0,2.0,2.0,2.0,217.34030884374715,1.0
0.0,0.0,1.0,1.0,1.0,1.0,0.0,0.0,0.0,2.0,2.0,3.0,257.79660686503826,0.0
1.0,1.0,1.0,1.0,1.0,1.0,1.0,1.0,1.0,1.0,2.0,3.0,339.6956632310956,1.0
0.0,0.0,1.0,1.0,2.0,3.0,1.0,1.0,0.0,1.0,3.0,3.0,94.19159037408588,0.0
0.0,0.0,1.0,1.0,1.0,2.0,0.0,0.0,0.0,3.0,1.0,3.0,26.577640451082438,1.0
1.0,0.0,1.0,1.0,1.0,1.0,1.0,0.0,0.0,2.0,1.0,3.0,359.38216870573274,1.0
0.0,0.0,1.0,1.0,1.0,3.0,0.0,0.0,0.0,3.0,1.0,3.0,66.43224696323823,0.0
0.0,0.0,1.0,1.0,1.0,1.0,0.0,0.0,0.0,3.0,1.0,3.0,113.11546299058303,1.0
1.0,0.0,1.0,1.0,1.0,2.0,1.0,0.0,0.0,1.0,2.0,3.0,106.01313853907091,0.0
1.0,1.0,1.0,1.0,1.0,3.0,1.0,0.0,0.0,3.0,1.0,3.0,0.0,0.0
0.0,1.0,1.0,1.0,1.0,2.0,1.0,0.0,0.0,3.0,6.0,3.0,189.8791524981087,1.0
1.0,1.0,1.0,1.0,2.0,3.0,1.0,1.0,1.0,2.0,2.0,2.0,247.44816035481546,0.0
0.0,0.0,1.0,2.0,1.0,1.0,0.0,0.0,0.0,3.0,2.0,3.0,234.21977611212625,1.0
0.0,0.0,1.0,1.0,1.0,1.0,1.0,0.0,0.0,3.0,1.0,3.0,415.1835883935612,0.0
1.0,1.0,1.0,1.0,1.0,1.0,1.0,0.0,0.0,3.0,2.0,3.0,40.197320149012974,0.0
1.0,0.0,1.0,1.0,1.0,3.0,1.0,0.0,0.0,3.0,2.0,3.0,328.2192810955321,1.0
1.0,1.0,1.0,1.0,1.0,1.0,1.0,1.0,1.0,2.0,2.0,3.0,0.0,1.0
1.0,1.0,1.0,1.0,1.0,1.0,1.0,1.0,1.0,2.0,2.0,3.0,257.68227793076517,0.0
0.0,0.0,1.0,1.0,2.0,2.0,1.0,1.0,0.0,1.0,1.0,3.0,407.4396258123285,0.0
1.0,1.0,1.0,1.0,1.0,2.0,1.0,1.0,1.0,1.0,2.0,3.0,210.24085742059518,1.0
0.0,0.0,1.0,1.0,1.0,2.0,1.0,0.0,0.0,2.0,1.0,3.0,495.0612819610502,0.0
1.0,0.0,1.0,1.0,3.0,2.0,1.0,0.0,0.0,2.0,1.0,3.0,87.74197111055071,0.0
0.0,0.0,1.0,2.0,2.0,3.0,1.0,0.0,0.0,3.0,2.0,3.0,435.2350685148412,1.0
0.0,0.0,1.0,1.0,1.0,1.0,0.0,0.0,0.0,3.0,1.0,3.0,285.1434012534648,0.0
1.0,1.0,1.0,1.0,1.0,3.0,1.0,1.0,1.0,2.0,2.0,3.0,73.01691803231037,1.0
0.0,1.0,1.0,1.0,1.0,3.0,1.0,1.0,1.0,1.0,2.0,3.0,421.6266398036545,1.0
0.0,0.0,1.0,1.0,1.0,3.0,1.0,0.0,0.0,2.0,1.0,3.0,556.5959247533078,0.0
0.0,1.0,1.0,3.0,1.0,2.0,1.0,0.0,0.0,2.0,2.0,3.0,30.0,0.0
0.0,0.0,1.0,1.0,1.0,1.0,0.0,0.0,0.0,2.0,1.0,3.0,361.88171069078,1.0
0.0,0.0,1.0,1.0,1.0,1.0,1.0,1.0,0.0,1.0,2.0,2.0,0.0,0.0
1.0,0.0,1.0,1.0,1.0,1.0,1.0,1.0,0.0,3.0,1.0,3.0,228.92493880291568,0.0
0.0,0.0,1.0,1.0,1.0,3.0,0.0,0.0,0.0,3.0,1.0,3.0,253.66565719025812,1.0
1.0,0.0,1.0,1.0,1.0,2.0,1.0,1.0,0.0,1.0,1.0,3.0,30.0,0.0
0.0,0.0,1.0,2.0,1.0,1.0,1.0,1.0,0.0,1.0,2.0,3.0,185.91037171978644,0.0
1.0,0.0,1.0,1.0,3.0,2.0,1.0,1.0,0.0,1.0,3.0,3.0,207.30978951943473,1.0
0.0,0.0,1.0,1.0,1.0,2.0,1.0,0.0,0.0,1.0,3.0,3.0,259.3376135234375,1.0
0.0,1.0,1.0,2.0,3.0,3.0,1.0,0.0,0.0,1.0,2.0,3.0,86.6507569085716,0.0
1.0,1.0,1.0,1.0,1.0,2.0,1.0,0.0,0.0,1.0,2.0,3.0,197.12239209588716,0.0
1.0,1.0,1.0,1.0,3.0,3.0,1.0,0.0,1.0,1.0,1.0,3.0,343.51723944244543,0.0
1.0,0.0,1.0,2.0,1.0,1.0,1.0,0.0,0.0,1.0,2.0,3.0,0.0,1.0
0.0,0.0,1.0,1.0,1.0,1.0,1.0,0.0,0.0,3.0,4.0,3.0,0.0,0.0
0.0,0.0,1.0,1.0,3.0,2.0,1.0,1.0,0.0,2.0,2.0,3.0,265.89976613270534,0.0
1.0,0.0,1.0,1.0,3.0,3.0,1.0,1.0,1.0,2.0,1.0,3.0,339.6956632310956,0.0
0.0,0.0,1.0,2.0,1.0,1.0,0.0,0.0,0.0,3.0,1.0,3.0,339.6956632310956,1.0
1.0,0.0,1.0,1.0,1.0,2.0,1.0,1.0,1.0,3.0,5.0,3.0,331.9517006498627,0.0
1.0,1.0,1.0,1.0,1.0,3.0,1.0,1.0,1.0,1.0,2.0,3.0,83.58574914157845,1.0
1.0,1.0,1.0,1.0,3.0,3.0,1.0,1.0,1.0,1.0,2.0,3.0,43.444953219896064,1.0
1.0,1.0,1.0,3.0,1.0,3.0,1.0,0.0,1.0,1.0,2.0,3.0,0.0,0.0
1.0,0.0,1.0,1.0,3.0,2.0,1.0,0.0,0.0,1.0,2.0,3.0,153.52464284117795,1.0
0.0,0.0,1.0,1.0,1.0,1.0,0.0,0.0,0.0,3.0,1.0,3.0,320.45937191504987,1.0
0.0,0.0,1.0,1.0,1.0,1.0,1.0,0.0,0.0,2.0,1.0,3.0,0.0,1.0
0.0,0.0,1.0,1.0,1.0,1.0,1.0,0.0,0.0,2.0,1.0,3.0,338.3896783869643,1.0
0.0,0.0,1.0,1.0,1.0,1.0,1.0,0.0,0.0,2.0,2.0,3.0,0.0,0.0
1.0,0.0,1.0,2.0,1.0,2.0,0.0,1.0,0.0,2.0,4.0,3.0,154.6415721368077,0.0
0.0,0.0,1.0,1.0,1.0,2.0,0.0,0.0,1.0,2.0,5.0,3.0,425.44506897798976,1.0
1.0,1.0,1.0,1.0,1.0,1.0,1.0,1.0,1.0,1.0,3.0,3.0,161.14012564713647,1.0
1.0,0.0,1.0,1.0,1.0,1.0,1.0,1.0,0.0,1.0,2.0,3.0,126.25407143776884,0.0
1.0,0.0,1.0,1.0,1.0,1.0,1.0,1.0,0.0,1.0,2.0,3.0,243.20696718120683,1.0
1.0,0.0,1.0,1.0,3.0,3.0,1.0,0.0,0.0,1.0,5.0,3.0,0.0,0.0
1.0,0.0,1.0,1.0,3.0,1.0,1.0,1.0,0.0,2.0,2.0,3.0,81.09587890385434,1.0
0.0,0.0,1.0,2.0,1.0,2.0,0.0,0.0,0.0,3.0,1.0,3.0,467.7851998532245,1.0
0.0,0.0,1.0,2.0,3.0,3.0,1.0,1.0,0.0,1.0,2.0,3.0,0.0,0.0
1.0,1.0,1.0,1.0,2.0,3.0,1.0,1.0,1.0,1.0,2.0,3.0,364.8866439345619,0.0
0.0,1.0,1.0,1.0,1.0,3.0,0.0,0.0,0.0,2.0,2.0,2.0,173.9047993880393,0.0
1.0,1.0,1.0,1.0,1.0,3.0,1.0,1.0,1.0,1.0,2.0,3.0,89.89414374831927,0.0
1.0,0.0,1.0,1.0,1.0,1.0,1.0,1.0,1.0,1.0,2.0,3.0,181.29138266342852,1.0
1.0,0.0,1.0,1.0,1.0,1.0,1.0,1.0,0.0,1.0,3.0,3.0,168.3049640619786,0.0
0.0,0.0,1.0,1.0,1.0,1.0,1.0,0.0,0.0,1.0,2.0,3.0,0.0,1.0
1.0,1.0,1.0,1.0,1.0,1.0,1.0,0.0,1.0,1.0,2.0,3.0,167.11017526563242,1.0
0.0,0.0,1.0,1.0,1.0,1.0,1.0,0.0,0.0,3.0,1.0,2.0,0.0,0.0
0.0,0.0,1.0,1.0,1.0,1.0,1.0,1.0,0.0,1.0,2.0,3.0,0.0,1.0
1.0,0.0,1.0,1.0,1.0,1.0,1.0,0.0,0.0,1.0,2.0,3.0,12.594967448488879,1.0
1.0,0.0,1.0,1.0,1.0,1.0,1.0,0.0,0.0,2.0,2.0,3.0,181.17757005411812,0.0
0.0,0.0,1.0,2.0,1.0,3.0,1.0,1.0,0.0,1.0,1.0,3.0,321.1434553280661,1.0
1.0,0.0,1.0,2.0,1.0,2.0,1.0,0.0,0.0,2.0,2.0,3.0,208.19286304302705,1.0
0.0,0.0,1.0,1.0,1.0,1.0,1.0,0.0,0.0,3.0,6.0,3.0,168.3049640619786,0.0
0.0,0.0,1.0,1.0,3.0,3.0,0.0,0.0,0.0,3.0,2.0,3.0,359.85242494554717,1.0
1.0,0.0,1.0,1.0,1.0,1.0,1.0,0.0,0.0,2.0,2.0,2.0,226.4637754873971,1.0
1.0,0.0,1.0,1.0,1.0,1.0,1.0,0.0,0.0,1.0,2.0,3.0,655.0304348944696,1.0
1.0,1.0,1.0,1.0,1.0,3.0,1.0,1.0,1.0,1.0,2.0,3.0,0.0,1.0
0.0,0.0,1.0,1.0,1.0,3.0,1.0,0.0,0.0,1.0,1.0,3.0,138.94161798476267,1.0
0.0,1.0,1.0,1.0,3.0,3.0,0.0,0.0,0.0,3.0,2.0,3.0,297.02500831822607,0.0
1.0,0.0,1.0,1.0,1.0,1.0,1.0,0.0,0.0,1.0,2.0,2.0,0.0,1.0
1.0,0.0,1.0,1.0,3.0,2.0,0.0,0.0,0.0,2.0,3.0,3.0,501.6108124525045,0.0
0.0,0.0,1.0,1.0,3.0,2.0,0.0,0.0,0.0,2.0,3.0,3.0,0.0,1.0
0.0,1.0,1.0,2.0,1.0,2.0,0.0,1.0,0.0,2.0,3.0,3.0,321.75102578204076,0.0
0.0,0.0,1.0,1.0,3.0,2.0,0.0,0.0,0.0,3.0,1.0,2.0,89.7774323276675,1.0
1.0,1.0,1.0,2.0,1.0,2.0,1.0,1.0,0.0,3.0,6.0,3.0,19.35989406226359,1.0
1.0,1.0,1.0,1.0,1.0,3.0,1.0,1.0,1.0,3.0,2.0,3.0,262.63426066629813,1.0
0.0,0.0,1.0,1.0,1.0,3.0,0.0,0.0,0.0,3.0,2.0,3.0,302.0752127023189,0.0
1.0,0.0,1.0,1.0,3.0,3.0,1.0,0.0,0.0,2.0,2.0,3.0,221.34079256209895,0.0
0.0,0.0,1.0,1.0,3.0,3.0,1.0,0.0,0.0,2.0,1.0,3.0,399.474011210537,1.0
1.0,0.0,1.0,1.0,3.0,2.0,1.0,0.0,0.0,3.0,1.0,3.0,210.0754034806166,1.0
0.0,0.0,1.0,1.0,1.0,3.0,1.0,0.0,0.0,1.0,3.0,3.0,501.21890263761844,1.0
0.0,0.0,1.0,1.0,1.0,3.0,1.0,1.0,0.0,1.0,2.0,3.0,869.3365711660497,1.0
0.0,0.0,1.0,1.0,1.0,1.0,1.0,1.0,1.0,1.0,2.0,3.0,0.0,1.0
0.0,0.0,1.0,1.0,1.0,2.0,0.0,0.0,0.0,3.0,1.0,3.0,294.5477292677395,1.0
1.0,0.0,1.0,1.0,1.0,1.0,1.0,0.0,0.0,2.0,3.0,3.0,265.9819344716382,1.0
0.0,0.0,1.0,1.0,1.0,3.0,1.0,0.0,0.0,3.0,1.0,3.0,239.35291020276458,1.0
1.0,0.0,1.0,1.0,1.0,2.0,1.0,1.0,0.0,3.0,1.0,3.0,350.92803255738886,1.0
0.0,0.0,1.0,1.0,1.0,2.0,1.0,1.0,0.0,1.0,2.0,3.0,355.10297131208534,0.0
0.0,0.0,1.0,1.0,1.0,1.0,1.0,0.0,0.0,1.0,2.0,3.0,166.15361387155644,0.0
0.0,0.0,1.0,1.0,1.0,1.0,1.0,0.0,0.0,1.0,1.0,3.0,12.766388925223325,1.0
0.0,0.0,1.0,1.0,1.0,3.0,1.0,1.0,0.0,1.0,2.0,3.0,326.63639329962314,1.0
1.0,1.0,1.0,1.0,3.0,3.0,1.0,0.0,1.0,2.0,1.0,3.0,408.0746010652096,1.0
0.0,0.0,1.0,1.0,1.0,1.0,0.0,0.0,0.0,3.0,1.0,3.0,320.45937191504987,1.0
0.0,0.0,1.0,2.0,1.0,2.0,1.0,1.0,0.0,1.0,2.0,3.0,323.18554175192185,1.0
0.0,0.0,1.0,2.0,3.0,3.0,1.0,1.0,0.0,1.0,1.0,3.0,0.0,0.0
1.0,1.0,1.0,1.0,3.0,3.0,1.0,1.0,1.0,1.0,2.0,3.0,55.30077104183443,0.0
0.0,0.0,1.0,1.0,1.0,1.0,1.0,1.0,0.0,1.0,2.0,3.0,0.0,1.0
1.0,1.0,1.0,1.0,1.0,2.0,1.0,1.0,0.0,1.0,2.0,3.0,30.0,0.0
1.0,1.0,1.0,1.0,3.0,3.0,1.0,1.0,1.0,1.0,2.0,3.0,91.07604315749118,1.0
0.0,0.0,1.0,1.0,1.0,1.0,1.0,0.0,0.0,1.0,2.0,3.0,171.29332340825027,1.0
1.0,0.0,1.0,1.0,1.0,1.0,1.0,0.0,0.0,1.0,3.0,3.0,439.5246029811318,0.0
1.0,0.0,1.0,1.0,1.0,1.0,1.0,1.0,0.0,1.0,2.0,3.0,55.68752790595857,1.0
0.0,0.0,1.0,2.0,1.0,2.0,1.0,1.0,0.0,1.0,1.0,3.0,281.08000245004376,0.0
0.0,0.0,1.0,1.0,3.0,2.0,1.0,0.0,1.0,3.0,1.0,3.0,506.12271010865504,0.0
1.0,0.0,1.0,1.0,1.0,1.0,1.0,1.0,0.0,1.0,3.0,3.0,299.9985109090661,1.0
1.0,0.0,1.0,1.0,3.0,3.0,1.0,0.0,0.0,1.0,5.0,3.0,188.71981290616424,1.0
0.0,0.0,1.0,1.0,3.0,3.0,1.0,1.0,1.0,1.0,5.0,3.0,99.07790177573622,1.0
0.0,0.0,1.0,1.0,1.0,1.0,1.0,1.0,0.0,1.0,2.0,2.0,166.72296245647877,0.0
1.0,1.0,1.0,1.0,1.0,2.0,1.0,1.0,0.0,1.0,2.0,3.0,139.72180012856572,1.0
1.0,1.0,1.0,1.0,1.0,3.0,1.0,1.0,1.0,1.0,2.0,3.0,363.09692003145983,1.0
1.0,1.0,1.0,1.0,1.0,3.0,1.0,1.0,1.0,1.0,2.0,3.0,226.4637754873971,0.0
1.0,1.0,1.0,1.0,1.0,2.0,1.0,1.0,1.0,1.0,2.0,3.0,7.991943499873914,1.0
1.0,0.0,1.0,2.0,1.0,1.0,1.0,1.0,0.0,1.0,3.0,3.0,171.6920652507105,1.0
1.0,0.0,1.0,1.0,1.0,1.0,0.0,0.0,0.0,3.0,1.0,3.0,126.08105972876987,1.0
0.0,0.0,1.0,1.0,1.0,2.0,0.0,0.0,0.0,3.0,1.0,3.0,432.4374552335534,1.0
0.0,0.0,1.0,3.0,1.0,1.0,0.0,0.0,0.0,3.0,2.0,3.0,0.0,0.0
0.0,0.0,1.0,1.0,1.0,1.0,1.0,1.0,0.0,2.0,1.0,3.0,80.2139320363788,1.0
0.0,0.0,1.0,1.0,1.0,1.0,1.0,1.0,0.0,1.0,2.0,3.0,88.65962808098821,1.0
1.0,0.0,1.0,1.0,1.0,2.0,1.0,1.0,0.0,1.0,2.0,3.0,112.2823088325348,0.0
0.0,0.0,1.0,3.0,2.0,2.0,1.0,1.0,1.0,1.0,2.0,3.0,355.8377437678905,1.0
1.0,0.0,1.0,1.0,3.0,2.0,0.0,0.0,0.0,3.0,4.0,3.0,319.7191544774567,1.0
0.0,0.0,1.0,1.0,2.0,3.0,0.0,0.0,0.0,3.0,1.0,3.0,0.0,0.0
0.0,0.0,1.0,1.0,1.0,3.0,0.0,0.0,0.0,3.0,2.0,3.0,128.07457313245362,1.0
1.0,0.0,1.0,1.0,1.0,1.0,0.0,0.0,0.0,3.0,2.0,3.0,286.33874780502435,1.0
1.0,1.0,1.0,1.0,1.0,1.0,0.0,0.0,0.0,3.0,2.0,3.0,0.0,0.0
0.0,0.0,1.0,1.0,1.0,1.0,1.0,1.0,0.0,1.0,2.0,3.0,283.0041188737554,0.0
0.0,0.0,1.0,1.0,1.0,2.0,1.0,1.0,0.0,1.0,3.0,3.0,313.0041188737554,0.0
0.0,0.0,1.0,1.0,1.0,2.0,1.0,0.0,0.0,3.0,1.0,3.0,141.472980380736,1.0
0.0,0.0,1.0,1.0,3.0,3.0,1.0,1.0,0.0,3.0,2.0,3.0,233.20124222696924,1.0
1.0,1.0,1.0,1.0,1.0,3.0,1.0,1.0,0.0,3.0,2.0,3.0,31.406358099151454,0.0
0.0,1.0,1.0,2.0,1.0,2.0,1.0,0.0,0.0,3.0,2.0,3.0,0.0,1.0
1.0,0.0,1.0,1.0,1.0,1.0,0.0,1.0,1.0,2.0,1.0,3.0,672.5357733555347,1.0
0.0,0.0,1.0,1.0,1.0,1.0,1.0,1.0,1.0,3.0,1.0,3.0,566.0082377475107,1.0
0.0,0.0,1.0,1.0,1.0,1.0,1.0,1.0,0.0,1.0,2.0,3.0,23.818563083102177,0.0
0.0,0.0,1.0,1.0,1.0,1.0,1.0,0.0,0.0,1.0,2.0,3.0,0.0,1.0
0.0,0.0,1.0,2.0,1.0,1.0,1.0,1.0,0.0,1.0,2.0,3.0,0.0,1.0
0.0,0.0,1.0,1.0,1.0,1.0,1.0,0.0,0.0,3.0,1.0,2.0,226.40329509900428,0.0
0.0,0.0,1.0,1.0,3.0,3.0,0.0,0.0,0.0,3.0,1.0,3.0,0.0,1.0
0.0,0.0,0.0,1.0,3.0,2.0,1.0,1.0,0.0,1.0,2.0,1.0,0.0,1.0
1.0,1.0,1.0,1.0,1.0,3.0,1.0,1.0,1.0,2.0,3.0,3.0,27.090725361904937,1.0
1.0,0.0,1.0,1.0,1.0,1.0,1.0,1.0,0.0,2.0,3.0,3.0,84.80852006862139,0.0
0.0,0.0,1.0,1.0,1.0,1.0,1.0,0.0,0.0,1.0,2.0,3.0,235.34583507262872,1.0
0.0,0.0,1.0,3.0,1.0,1.0,0.0,0.0,0.0,3.0,2.0,3.0,0.0,0.0
0.0,0.0,1.0,1.0,3.0,3.0,1.0,0.0,0.0,2.0,1.0,3.0,589.0259060825762,1.0
1.0,0.0,1.0,1.0,3.0,2.0,1.0,0.0,0.0,3.0,1.0,2.0,301.96343690071416,1.0
0.0,0.0,1.0,2.0,1.0,2.0,1.0,1.0,0.0,1.0,3.0,2.0,137.85440644119822,1.0
0.0,0.0,1.0,2.0,1.0,2.0,1.0,1.0,1.0,1.0,2.0,2.0,13.826962250470686,1.0
1.0,1.0,1.0,1.0,1.0,3.0,1.0,0.0,0.0,3.0,1.0,3.0,19.92098003314,0.0
0.0,0.0,1.0,2.0,1.0,2.0,1.0,0.0,0.0,2.0,1.0,2.0,638.1012032437586,1.0
0.0,1.0,1.0,2.0,1.0,1.0,0.0,0.0,0.0,3.0,2.0,3.0,396.2057664232574,1.0
1.0,1.0,1.0,1.0,1.0,3.0,0.0,0.0,0.0,3.0,2.0,3.0,361.7428943297358,1.0
0.0,0.0,1.0,2.0,1.0,2.0,0.0,0.0,0.0,2.0,2.0,2.0,30.0,0.0
1.0,0.0,1.0,1.0,1.0,1.0,0.0,1.0,0.0,3.0,2.0,3.0,168.3049640619786,0.0
0.0,0.0,1.0,1.0,1.0,3.0,1.0,0.0,0.0,2.0,2.0,3.0,367.23790455003933,1.0
1.0,0.0,1.0,1.0,1.0,1.0,1.0,0.0,0.0,1.0,3.0,3.0,4.32251684322031,1.0
0.0,0.0,1.0,1.0,1.0,1.0,1.0,0.0,0.0,2.0,2.0,3.0,267.09270511824116,1.0
0.0,0.0,1.0,1.0,1.0,1.0,1.0,1.0,0.0,1.0,3.0,3.0,0.0,1.0
0.0,0.0,1.0,1.0,1.0,3.0,1.0,1.0,0.0,1.0,2.0,3.0,301.8710601320056,1.0
0.0,0.0,1.0,2.0,1.0,1.0,1.0,0.0,0.0,2.0,2.0,3.0,631.5754018757848,0.0
0.0,0.0,1.0,2.0,1.0,2.0,1.0,1.0,0.0,1.0,2.0,3.0,106.35179815592666,1.0
0.0,0.0,1.0,1.0,3.0,2.0,0.0,0.0,0.0,3.0,1.0,3.0,370.2082649027297,0.0
0.0,0.0,1.0,2.0,1.0,2.0,0.0,1.0,0.0,2.0,3.0,2.0,259.3376135234375,1.0
0.0,0.0,1.0,1.0,3.0,2.0,0.0,0.0,0.0,3.0,4.0,3.0,251.33554347252766,1.0
1.0,0.0,1.0,1.0,3.0,2.0,0.0,0.0,0.0,3.0,2.0,3.0,232.5835052920176,1.0
0.0,0.0,1.0,1.0,3.0,3.0,0.0,0.0,0.0,3.0,2.0,3.0,7.578633708259783,0.0
1.0,0.0,1.0,1.0,3.0,2.0,1.0,1.0,0.0,1.0,2.0,3.0,0.0,1.0
1.0,0.0,1.0,1.0,3.0,2.0,1.0,1.0,0.0,1.0,3.0,3.0,334.6049426485064,1.0
1.0,1.0,1.0,1.0,3.0,3.0,1.0,0.0,1.0,1.0,2.0,3.0,92.15321226697381,0.0
1.0,1.0,1.0,1.0,1.0,3.0,1.0,1.0,1.0,1.0,2.0,3.0,0.0,1.0
0.0,0.0,1.0,3.0,1.0,1.0,1.0,1.0,0.0,1.0,2.0,3.0,0.0,0.0
0.0,0.0,1.0,2.0,3.0,3.0,1.0,0.0,0.0,3.0,1.0,3.0,304.0564961288925,0.0
0.0,0.0,1.0,2.0,1.0,3.0,1.0,0.0,0.0,3.0,1.0,3.0,270.95562347703304,1.0
1.0,1.0,1.0,1.0,1.0,1.0,1.0,0.0,0.0,3.0,2.0,3.0,0.0,1.0
0.0,0.0,1.0,1.0,1.0,2.0,0.0,0.0,0.0,2.0,2.0,3.0,350.738001390256,0.0
1.0,1.0,1.0,1.0,1.0,1.0,1.0,1.0,1.0,1.0,2.0,3.0,227.52044977598888,0.0
1.0,1.0,1.0,1.0,1.0,3.0,1.0,1.0,0.0,1.0,2.0,3.0,896.1797097668917,1.0
1.0,1.0,1.0,1.0,1.0,2.0,1.0,1.0,1.0,1.0,2.0,3.0,1749.402844075415,0.0
0.0,1.0,1.0,1.0,1.0,3.0,1.0,1.0,1.0,1.0,2.0,3.0,377.33882516500705,1.0
1.0,1.0,1.0,2.0,1.0,1.0,1.0,0.0,0.0,1.0,2.0,3.0,171.6920652507105,1.0
1.0,1.0,1.0,1.0,1.0,2.0,1.0,1.0,1.0,1.0,2.0,3.0,193.1028832116287,1.0
1.0,1.0,1.0,2.0,1.0,2.0,1.0,1.0,1.0,1.0,2.0,3.0,81.31768163965371,1.0
1.0,0.0,1.0,1.0,3.0,2.0,1.0,0.0,0.0,1.0,1.0,3.0,0.0,1.0
1.0,1.0,1.0,1.0,3.0,3.0,1.0,0.0,0.0,1.0,3.0,3.0,164.8352831546503,0.0
0.0,0.0,1.0,1.0,1.0,2.0,1.0,0.0,0.0,3.0,3.0,3.0,180.3712538133068,0.0
0.0,0.0,1.0,1.0,1.0,2.0,1.0,0.0,0.0,1.0,3.0,3.0,30.0,0.0
1.0,0.0,1.0,2.0,1.0,2.0,0.0,0.0,0.0,2.0,3.0,3.0,0.0,1.0
0.0,0.0,1.0,1.0,1.0,1.0,1.0,0.0,0.0,1.0,3.0,2.0,388.6700989931931,1.0
0.0,0.0,1.0,1.0,1.0,1.0,1.0,0.0,0.0,1.0,2.0,2.0,0.0,0.0
0.0,0.0,1.0,2.0,1.0,3.0,1.0,0.0,0.0,1.0,3.0,3.0,530.088399392756,1.0
1.0,0.0,1.0,1.0,1.0,1.0,0.0,1.0,0.0,2.0,3.0,3.0,0.0,1.0
0.0,0.0,1.0,1.0,1.0,1.0,0.0,1.0,0.0,2.0,3.0,3.0,0.0,0.0
0.0,1.0,1.0,1.0,1.0,3.0,1.0,1.0,0.0,1.0,2.0,3.0,301.8710601320056,1.0
0.0,0.0,1.0,2.0,3.0,3.0,0.0,0.0,0.0,3.0,1.0,3.0,817.2495212332688,1.0
0.0,0.0,1.0,2.0,1.0,1.0,0.0,0.0,0.0,3.0,3.0,3.0,133.38051973365532,1.0
0.0,0.0,1.0,1.0,2.0,2.0,0.0,1.0,0.0,2.0,1.0,3.0,294.04101894326817,1.0
1.0,0.0,1.0,1.0,1.0,1.0,1.0,0.0,0.0,1.0,2.0,3.0,0.0,1.0
1.0,0.0,1.0,1.0,3.0,2.0,1.0,1.0,0.0,2.0,2.0,3.0,203.9047993880393,0.0
0.0,0.0,1.0,1.0,1.0,1.0,0.0,0.0,0.0,3.0,2.0,3.0,241.96852163706077,1.0
0.0,0.0,1.0,1.0,1.0,1.0,0.0,0.0,1.0,2.0,2.0,3.0,375.764996301088,1.0
0.0,0.0,1.0,1.0,1.0,1.0,0.0,0.0,0.0,2.0,2.0,3.0,168.3049640619786,0.0
0.0,0.0,1.0,1.0,1.0,3.0,1.0,1.0,0.0,2.0,2.0,3.0,471.67353145625896,1.0
0.0,1.0,1.0,2.0,2.0,2.0,1.0,0.0,0.0,3.0,2.0,3.0,452.51243235941973,1.0
0.0,0.0,1.0,2.0,1.0,1.0,0.0,0.0,0.0,3.0,2.0,3.0,0.0,0.0
1.0,0.0,1.0,1.0,1.0,2.0,0.0,0.0,0.0,3.0,2.0,3.0,78.4310782689744,0.0
0.0,1.0,1.0,2.0,1.0,1.0,1.0,0.0,0.0,3.0,2.0,3.0,0.0,0.0
1.0,1.0,1.0,1.0,1.0,1.0,0.0,0.0,0.0,2.0,2.0,3.0,11.367950562389675,1.0
0.0,0.0,1.0,1.0,1.0,1.0,1.0,0.0,0.0,3.0,1.0,3.0,229.52433516443912,1.0
0.0,0.0,1.0,3.0,1.0,1.0,1.0,0.0,0.0,3.0,1.0,3.0,405.99218137986173,1.0
1.0,0.0,1.0,1.0,1.0,2.0,1.0,1.0,1.0,1.0,3.0,3.0,0.0,1.0
0.0,0.0,1.0,1.0,1.0,1.0,1.0,1.0,0.0,1.0,3.0,2.0,81.199646874212,1.0
0.0,0.0,1.0,2.0,1.0,1.0,0.0,0.0,0.0,3.0,1.0,3.0,58.671255958111146,1.0
1.0,0.0,1.0,1.0,1.0,1.0,1.0,0.0,0.0,1.0,2.0,3.0,0.0,1.0
0.0,0.0,1.0,1.0,1.0,1.0,1.0,1.0,1.0,2.0,2.0,3.0,0.0,0.0
0.0,0.0,1.0,1.0,1.0,2.0,0.0,1.0,0.0,2.0,1.0,3.0,203.9047993880393,0.0
0.0,0.0,1.0,1.0,1.0,1.0,0.0,1.0,0.0,2.0,1.0,3.0,514.7784084945292,1.0
0.0,0.0,1.0,1.0,1.0,1.0,0.0,1.0,1.0,2.0,1.0,3.0,123.15279775922151,1.0
0.0,0.0,1.0,1.0,1.0,2.0,0.0,0.0,0.0,3.0,1.0,3.0,116.39164978680404,1.0
1.0,0.0,1.0,1.0,1.0,2.0,0.0,0.0,0.0,3.0,1.0,3.0,336.2844704458022,1.0
1.0,0.0,1.0,2.0,3.0,3.0,0.0,0.0,0.0,3.0,1.0,2.0,0.0,0.0
0.0,0.0,1.0,1.0,1.0,1.0,1.0,0.0,0.0,2.0,2.0,3.0,256.8605513103599,1.0
0.0,0.0,1.0,1.0,1.0,3.0,1.0,0.0,0.0,2.0,1.0,3.0,339.6049426485064,0.0
0.0,0.0,1.0,1.0,3.0,3.0,1.0,1.0,0.0,1.0,2.0,3.0,476.7447805465196,1.0
0.0,0.0,1.0,1.0,1.0,1.0,1.0,0.0,0.0,1.0,2.0,3.0,0.0,1.0
0.0,1.0,1.0,1.0,1.0,3.0,1.0,0.0,0.0,2.0,2.0,3.0,101.49955859276494,1.0
0.0,0.0,1.0,1.0,1.0,2.0,1.0,0.0,0.0,2.0,3.0,3.0,508.8959182032215,1.0
0.0,0.0,1.0,1.0,1.0,2.0,1.0,0.0,0.0,2.0,1.0,3.0,370.2082649027297,0.0
0.0,0.0,1.0,1.0,1.0,1.0,1.0,1.0,1.0,2.0,2.0,2.0,0.0,0.0
1.0,1.0,1.0,1.0,3.0,3.0,1.0,1.0,1.0,2.0,2.0,3.0,102.62878047418579,1.0
0.0,0.0,1.0,3.0,1.0,1.0,1.0,1.0,0.0,2.0,2.0,3.0,0.0,0.0
1.0,0.0,1.0,2.0,1.0,2.0,1.0,0.0,0.0,3.0,1.0,3.0,402.52593117820766,1.0
1.0,1.0,1.0,1.0,3.0,2.0,1.0,0.0,0.0,1.0,2.0,3.0,183.80551351351616,0.0
0.0,0.0,1.0,1.0,1.0,2.0,0.0,0.0,0.0,3.0,2.0,3.0,0.0,1.0
0.0,0.0,1.0,1.0,1.0,2.0,0.0,0.0,0.0,2.0,2.0,3.0,176.52025169302243,0.0
1.0,0.0,1.0,3.0,1.0,1.0,1.0,0.0,0.0,2.0,1.0,3.0,70.7703498394758,1.0
0.0,0.0,1.0,1.0,3.0,3.0,0.0,0.0,0.0,3.0,1.0,3.0,329.838839124842,0.0
0.0,1.0,1.0,1.0,1.0,2.0,0.0,0.0,0.0,3.0,1.0,3.0,320.55931737641447,1.0
1.0,0.0,1.0,2.0,2.0,2.0,1.0,0.0,0.0,2.0,3.0,3.0,242.52834579070839,0.0
1.0,1.0,1.0,1.0,1.0,3.0,1.0,1.0,1.0,1.0,2.0,3.0,89.89716776773892,1.0
1.0,1.0,1.0,1.0,3.0,2.0,1.0,1.0,1.0,1.0,2.0,3.0,149.8254904313245,0.0
1.0,0.0,1.0,1.0,1.0,1.0,1.0,1.0,0.0,1.0,2.0,3.0,228.36042892537796,1.0
1.0,1.0,1.0,1.0,3.0,3.0,1.0,0.0,0.0,1.0,2.0,3.0,415.07270768150767,1.0
0.0,0.0,1.0,1.0,1.0,2.0,1.0,0.0,0.0,1.0,2.0,3.0,30.0,0.0
1.0,0.0,1.0,1.0,1.0,1.0,1.0,0.0,0.0,1.0,2.0,3.0,0.0,0.0
0.0,0.0,1.0,1.0,1.0,2.0,1.0,0.0,0.0,1.0,1.0,3.0,30.0,0.0
0.0,0.0,1.0,1.0,1.0,2.0,1.0,0.0,0.0,1.0,2.0,2.0,0.0,1.0
0.0,0.0,1.0,1.0,1.0,2.0,0.0,1.0,0.0,2.0,1.0,3.0,1104.3761459851205,1.0
1.0,0.0,1.0,1.0,2.0,2.0,0.0,1.0,1.0,2.0,2.0,3.0,30.522138852571928,1.0
1.0,1.0,1.0,1.0,2.0,3.0,0.0,1.0,1.0,2.0,2.0,3.0,311.30453076113076,1.0
1.0,0.0,1.0,1.0,3.0,3.0,1.0,1.0,1.0,2.0,2.0,3.0,247.79451636767635,0.0
1.0,0.0,1.0,2.0,1.0,1.0,0.0,0.0,0.0,3.0,4.0,2.0,209.81864851235323,1.0
0.0,0.0,1.0,1.0,3.0,3.0,0.0,0.0,0.0,3.0,1.0,2.0,306.5877954465682,1.0
0.0,0.0,1.0,2.0,1.0,2.0,1.0,1.0,0.0,2.0,2.0,3.0,230.66668153986922,0.0
1.0,0.0,1.0,1.0,1.0,1.0,1.0,1.0,0.0,1.0,2.0,3.0,126.76669998593701,1.0
1.0,0.0,1.0,1.0,1.0,2.0,1.0,1.0,1.0,1.0,2.0,3.0,30.0,0.0
1.0,0.0,1.0,1.0,1.0,3.0,1.0,1.0,0.0,1.0,2.0,3.0,173.9047993880393,0.0
0.0,0.0,1.0,1.0,1.0,1.0,1.0,0.0,0.0,2.0,1.0,3.0,372.15636234431247,1.0
0.0,0.0,1.0,1.0,1.0,1.0,1.0,0.0,0.0,2.0,2.0,3.0,487.51206520405253,0.0
1.0,0.0,1.0,1.0,1.0,1.0,1.0,1.0,0.0,1.0,2.0,3.0,83.1113482204982,0.0
1.0,0.0,1.0,1.0,3.0,2.0,1.0,1.0,1.0,1.0,2.0,3.0,332.43710759016443,1.0
1.0,0.0,1.0,2.0,1.0,1.0,1.0,0.0,0.0,2.0,3.0,3.0,624.6844250606691,0.0
1.0,0.0,1.0,1.0,1.0,1.0,1.0,0.0,0.0,2.0,3.0,3.0,33.43790009283795,1.0
1.0,0.0,1.0,1.0,1.0,1.0,1.0,0.0,0.0,1.0,3.0,3.0,335.8315543968564,1.0
0.0,0.0,1.0,3.0,1.0,1.0,1.0,0.0,0.0,1.0,2.0,2.0,251.21123754669492,1.0
0.0,0.0,1.0,1.0,1.0,3.0,1.0,0.0,0.0,1.0,5.0,3.0,0.0,0.0
0.0,0.0,1.0,3.0,2.0,1.0,1.0,0.0,0.0,1.0,1.0,3.0,320.45937191504987,1.0
0.0,0.0,1.0,1.0,1.0,3.0,1.0,0.0,0.0,1.0,5.0,3.0,297.02500831822607,0.0
1.0,0.0,1.0,1.0,2.0,2.0,1.0,0.0,0.0,1.0,1.0,3.0,455.58920346703684,1.0
1.0,0.0,1.0,1.0,1.0,1.0,0.0,0.0,0.0,3.0,3.0,3.0,160.1617923678901,1.0
1.0,0.0,1.0,1.0,3.0,3.0,0.0,0.0,0.0,2.0,3.0,3.0,23.58367657281294,0.0
1.0,0.0,1.0,1.0,1.0,1.0,1.0,0.0,0.0,3.0,2.0,3.0,0.0,1.0
0.0,0.0,1.0,3.0,1.0,2.0,1.0,0.0,0.0,3.0,2.0,3.0,0.0,1.0
1.0,0.0,1.0,1.0,1.0,1.0,1.0,1.0,1.0,1.0,2.0,3.0,226.40329509900428,1.0
1.0,1.0,1.0,1.0,1.0,1.0,1.0,1.0,1.0,2.0,2.0,3.0,138.5781555233582,1.0
0.0,0.0,1.0,1.0,1.0,1.0,1.0,1.0,0.0,2.0,3.0,3.0,234.21977611212625,1.0
0.0,0.0,1.0,1.0,1.0,1.0,1.0,1.0,0.0,2.0,3.0,3.0,301.8710601320056,0.0
1.0,1.0,1.0,1.0,1.0,3.0,1.0,1.0,1.0,2.0,3.0,3.0,110.57252515310958,1.0
0.0,0.0,1.0,1.0,1.0,2.0,0.0,0.0,0.0,3.0,3.0,3.0,212.62103865563603,1.0
0.0,0.0,1.0,3.0,1.0,1.0,1.0,0.0,0.0,2.0,2.0,3.0,264.13717761550487,1.0
0.0,1.0,1.0,1.0,1.0,1.0,0.0,0.0,0.0,3.0,6.0,3.0,168.3049640619786,0.0
1.0,1.0,1.0,1.0,1.0,3.0,0.0,0.0,0.0,3.0,2.0,3.0,0.0,0.0
0.0,1.0,1.0,1.0,1.0,2.0,0.0,0.0,0.0,3.0,2.0,3.0,330.06063850205305,0.0
0.0,0.0,1.0,1.0,1.0,2.0,1.0,0.0,0.0,1.0,6.0,3.0,35.4193797773855,1.0
1.0,1.0,1.0,1.0,2.0,3.0,1.0,1.0,0.0,1.0,2.0,3.0,235.87574100770044,0.0
1.0,0.0,1.0,1.0,1.0,2.0,1.0,1.0,0.0,1.0,1.0,3.0,162.96115754685155,0.0
0.0,0.0,1.0,1.0,2.0,3.0,1.0,1.0,0.0,1.0,5.0,3.0,307.3206361658017,1.0
1.0,0.0,1.0,1.0,3.0,2.0,1.0,1.0,1.0,1.0,3.0,3.0,372.33882516500705,1.0
1.0,0.0,1.0,1.0,1.0,1.0,1.0,0.0,0.0,3.0,3.0,3.0,135.1701249889334,1.0
0.0,0.0,1.0,1.0,3.0,3.0,1.0,0.0,0.0,1.0,1.0,3.0,339.2421168550786,1.0
0.0,0.0,1.0,1.0,1.0,1.0,1.0,1.0,1.0,2.0,3.0,3.0,190.60177018686653,0.0
1.0,0.0,1.0,1.0,3.0,2.0,1.0,1.0,0.0,1.0,3.0,3.0,330.92771306909316,0.0
1.0,0.0,1.0,1.0,2.0,3.0,1.0,0.0,0.0,1.0,3.0,3.0,528.2743552310097,0.0
1.0,0.0,1.0,1.0,3.0,3.0,1.0,1.0,0.0,1.0,2.0,3.0,16.600816694283335,1.0
1.0,1.0,1.0,1.0,1.0,1.0,1.0,1.0,1.0,1.0,3.0,3.0,220.92465388670755,1.0
0.0,0.0,1.0,1.0,1.0,1.0,0.0,0.0,0.0,2.0,1.0,3.0,308.6305150173773,0.0
1.0,0.0,1.0,1.0,3.0,1.0,1.0,1.0,1.0,2.0,2.0,3.0,0.0,0.0
1.0,1.0,1.0,1.0,3.0,2.0,0.0,0.0,1.0,3.0,2.0,3.0,249.26215289927336,1.0
0.0,0.0,1.0,1.0,1.0,1.0,1.0,1.0,0.0,2.0,1.0,3.0,288.88642157551936,1.0
1.0,0.0,1.0,1.0,3.0,3.0,0.0,1.0,1.0,2.0,3.0,2.0,0.0,1.0
1.0,0.0,1.0,1.0,1.0,1.0,1.0,1.0,1.0,2.0,3.0,3.0,10.0362763536526,0.0
1.0,0.0,1.0,1.0,3.0,3.0,0.0,0.0,0.0,3.0,2.0,3.0,377.33882516500705,0.0
1.0,0.0,1.0,1.0,3.0,3.0,1.0,1.0,1.0,1.0,2.0,3.0,224.8440350789277,1.0
0.0,0.0,1.0,2.0,1.0,1.0,1.0,0.0,0.0,2.0,1.0,2.0,386.7722957941323,1.0
1.0,1.0,1.0,1.0,2.0,3.0,0.0,0.0,0.0,2.0,2.0,3.0,0.0,1.0
1.0,1.0,1.0,1.0,1.0,2.0,1.0,1.0,0.0,1.0,2.0,3.0,285.2387547839818,1.0
0.0,1.0,1.0,3.0,3.0,3.0,0.0,0.0,0.0,3.0,4.0,2.0,299.149547641734,1.0
0.0,0.0,1.0,1.0,1.0,1.0,1.0,0.0,0.0,3.0,1.0,3.0,722.102500436793,1.0
0.0,0.0,1.0,3.0,1.0,2.0,1.0,0.0,0.0,3.0,1.0,3.0,30.0,0.0
1.0,0.0,1.0,2.0,1.0,1.0,1.0,1.0,0.0,3.0,3.0,3.0,269.7972599929801,0.0
1.0,1.0,1.0,1.0,3.0,3.0,1.0,1.0,1.0,3.0,3.0,3.0,301.8710601320056,0.0
1.0,0.0,1.0,1.0,1.0,1.0,1.0,0.0,0.0,3.0,1.0,2.0,279.2408211878526,0.0
1.0,1.0,1.0,1.0,3.0,1.0,1.0,1.0,0.0,1.0,3.0,3.0,0.0,0.0
1.0,0.0,1.0,1.0,1.0,2.0,1.0,0.0,0.0,1.0,3.0,3.0,48.29636759035052,0.0
1.0,0.0,1.0,1.0,1.0,1.0,1.0,0.0,0.0,2.0,2.0,3.0,19.39414964577155,1.0
0.0,0.0,1.0,2.0,1.0,1.0,1.0,0.0,0.0,1.0,3.0,3.0,212.25308915531645,0.0
0.0,0.0,1.0,2.0,1.0,2.0,1.0,1.0,0.0,1.0,2.0,3.0,79.94908352165692,0.0
1.0,1.0,1.0,3.0,1.0,2.0,1.0,1.0,1.0,1.0,2.0,3.0,159.36046389719766,0.0
1.0,0.0,1.0,1.0,3.0,2.0,0.0,0.0,0.0,3.0,1.0,3.0,210.0754034806166,1.0
1.0,0.0,1.0,1.0,1.0,1.0,0.0,0.0,0.0,3.0,2.0,3.0,0.0,0.0
0.0,0.0,1.0,2.0,1.0,1.0,0.0,0.0,0.0,2.0,1.0,3.0,105.2347423489787,1.0
0.0,0.0,1.0,1.0,1.0,1.0,0.0,0.0,0.0,2.0,1.0,3.0,226.1894381067142,0.0
1.0,0.0,1.0,1.0,1.0,1.0,0.0,1.0,0.0,3.0,3.0,3.0,122.7016886099203,1.0
0.0,1.0,1.0,1.0,3.0,3.0,1.0,0.0,0.0,1.0,2.0,3.0,395.0365163255415,0.0
1.0,1.0,1.0,1.0,3.0,3.0,1.0,0.0,0.0,1.0,1.0,3.0,574.3671314721291,1.0
1.0,1.0,1.0,1.0,3.0,3.0,1.0,1.0,1.0,1.0,3.0,3.0,411.1362323833039,1.0
1.0,0.0,1.0,1.0,1.0,1.0,1.0,0.0,0.0,3.0,3.0,3.0,512.8000842313522,0.0
0.0,0.0,1.0,1.0,3.0,3.0,1.0,1.0,1.0,2.0,4.0,3.0,79.37552264773392,0.0
0.0,0.0,1.0,1.0,3.0,1.0,0.0,0.0,0.0,2.0,4.0,3.0,781.7944386083102,0.0
1.0,1.0,1.0,1.0,1.0,3.0,0.0,0.0,0.0,3.0,3.0,3.0,0.0,1.0
0.0,0.0,1.0,1.0,3.0,3.0,1.0,0.0,0.0,2.0,1.0,3.0,47.16735314562588,1.0
1.0,0.0,1.0,1.0,1.0,1.0,1.0,1.0,0.0,1.0,2.0,3.0,176.26602936637704,1.0
1.0,1.0,1.0,1.0,1.0,3.0,1.0,1.0,1.0,1.0,2.0,3.0,224.7606225478188,0.0
0.0,0.0,1.0,2.0,1.0,1.0,1.0,1.0,1.0,1.0,1.0,3.0,369.4708620958893,1.0
1.0,0.0,1.0,1.0,1.0,2.0,1.0,1.0,0.0,1.0,3.0,3.0,240.9469894391548,0.0
0.0,0.0,1.0,1.0,1.0,2.0,0.0,0.0,0.0,3.0,1.0,2.0,171.9759074323115,1.0
0.0,0.0,1.0,1.0,1.0,2.0,1.0,1.0,0.0,1.0,3.0,3.0,30.0,0.0
0.0,1.0,1.0,1.0,1.0,1.0,0.0,0.0,0.0,3.0,1.0,2.0,735.5428785833287,1.0
1.0,1.0,1.0,1.0,1.0,3.0,0.0,0.0,0.0,3.0,4.0,3.0,425.82956481597745,0.0
0.0,0.0,1.0,2.0,1.0,1.0,1.0,0.0,0.0,1.0,3.0,2.0,511.1575232214641,0.0
0.0,0.0,1.0,1.0,1.0,2.0,1.0,0.0,0.0,1.0,2.0,2.0,199.75711103295856,0.0
0.0,0.0,1.0,1.0,3.0,3.0,1.0,1.0,0.0,1.0,5.0,2.0,220.38427169847444,1.0
1.0,0.0,1.0,1.0,3.0,2.0,1.0,0.0,0.0,2.0,2.0,2.0,16.436706774791958,1.0
1.0,0.0,1.0,1.0,1.0,2.0,0.0,0.0,0.0,3.0,1.0,3.0,210.0754034806166,1.0
1.0,0.0,1.0,1.0,1.0,2.0,1.0,1.0,0.0,1.0,1.0,3.0,155.85945265502852,0.0
1.0,0.0,1.0,2.0,1.0,1.0,1.0,1.0,0.0,1.0,3.0,3.0,0.0,0.0
1.0,0.0,1.0,1.0,2.0,3.0,1.0,0.0,0.0,1.0,2.0,3.0,0.0,0.0
0.0,0.0,1.0,2.0,1.0,3.0,1.0,0.0,0.0,1.0,2.0,3.0,0.0,0.0
0.0,0.0,1.0,1.0,1.0,2.0,1.0,0.0,0.0,3.0,2.0,3.0,223.45710305131774,1.0
1.0,0.0,1.0,2.0,3.0,3.0,0.0,0.0,0.0,3.0,1.0,3.0,85.8550932950001,1.0
0.0,0.0,1.0,2.0,1.0,1.0,1.0,0.0,0.0,2.0,3.0,3.0,203.76296558910383,1.0
1.0,1.0,1.0,1.0,3.0,3.0,1.0,1.0,1.0,1.0,2.0,3.0,212.1963887911982,1.0
1.0,0.0,1.0,2.0,1.0,2.0,1.0,0.0,0.0,1.0,3.0,3.0,428.82372819533856,1.0
0.0,0.0,1.0,2.0,1.0,2.0,1.0,0.0,0.0,2.0,1.0,3.0,221.51961484560698,1.0
1.0,0.0,1.0,1.0,1.0,2.0,1.0,0.0,0.0,1.0,3.0,3.0,167.21979591430062,0.0
1.0,0.0,1.0,1.0,3.0,2.0,1.0,0.0,1.0,1.0,2.0,3.0,432.4630515860513,1.0
0.0,1.0,1.0,2.0,1.0,3.0,1.0,1.0,0.0,1.0,2.0,3.0,0.0,1.0
1.0,1.0,1.0,1.0,3.0,2.0,1.0,1.0,1.0,1.0,2.0,3.0,0.0,1.0
1.0,0.0,1.0,1.0,3.0,2.0,1.0,1.0,1.0,3.0,2.0,3.0,539.2713330988756,0.0
1.0,1.0,1.0,1.0,3.0,2.0,1.0,1.0,1.0,1.0,2.0,3.0,195.01472536307057,0.0
1.0,1.0,1.0,2.0,2.0,3.0,1.0,1.0,1.0,1.0,2.0,3.0,388.5485397131325,1.0
0.0,0.0,0.0,1.0,3.0,2.0,0.0,0.0,0.0,3.0,2.0,1.0,0.0,1.0
0.0,0.0,1.0,2.0,1.0,1.0,1.0,0.0,0.0,3.0,2.0,3.0,102.2401020948787,0.0
0.0,0.0,1.0,1.0,1.0,3.0,1.0,1.0,0.0,1.0,2.0,3.0,396.6291291420072,1.0
1.0,0.0,1.0,1.0,1.0,1.0,1.0,0.0,0.0,1.0,2.0,2.0,147.42847392983975,1.0
0.0,0.0,1.0,1.0,3.0,3.0,1.0,1.0,0.0,1.0,3.0,2.0,191.22581150771038,0.0
0.0,1.0,1.0,1.0,1.0,3.0,1.0,0.0,1.0,2.0,3.0,3.0,291.05452061350957,1.0
0.0,0.0,1.0,1.0,1.0,1.0,0.0,0.0,0.0,3.0,1.0,3.0,509.9517374682948,0.0
1.0,1.0,1.0,1.0,1.0,3.0,1.0,1.0,1.0,2.0,3.0,3.0,263.6341193792799,0.0
0.0,0.0,1.0,1.0,1.0,2.0,0.0,0.0,0.0,3.0,1.0,3.0,390.8494991251448,1.0
0.0,0.0,1.0,1.0,1.0,1.0,1.0,1.0,0.0,3.0,1.0,3.0,350.9154053388772,0.0
0.0,0.0,1.0,1.0,1.0,1.0,0.0,0.0,0.0,3.0,2.0,3.0,37.89316854129892,0.0
0.0,0.0,1.0,1.0,1.0,1.0,1.0,0.0,0.0,2.0,2.0,3.0,0.0,1.0
1.0,0.0,1.0,2.0,3.0,3.0,1.0,0.0,1.0,1.0,1.0,2.0,82.69834775283088,1.0
1.0,0.0,1.0,2.0,1.0,1.0,1.0,0.0,0.0,3.0,2.0,3.0,238.83051215723646,0.0
1.0,0.0,1.0,1.0,1.0,1.0,1.0,1.0,0.0,1.0,2.0,3.0,0.0,0.0
1.0,0.0,1.0,1.0,3.0,2.0,1.0,1.0,1.0,1.0,2.0,3.0,388.37911580817536,0.0
1.0,0.0,1.0,1.0,1.0,2.0,0.0,0.0,0.0,3.0,1.0,3.0,345.15962097799013,1.0
0.0,0.0,1.0,1.0,1.0,3.0,1.0,1.0,0.0,1.0,2.0,3.0,405.67699859630073,0.0
1.0,1.0,1.0,1.0,3.0,3.0,1.0,1.0,1.0,1.0,2.0,3.0,32.01864328311341,0.0
0.0,0.0,1.0,2.0,1.0,1.0,1.0,1.0,0.0,1.0,1.0,3.0,321.0807235911486,1.0
1.0,0.0,1.0,1.0,1.0,1.0,0.0,0.0,0.0,2.0,2.0,3.0,217.2016659587182,1.0
1.0,0.0,1.0,1.0,3.0,2.0,1.0,0.0,1.0,3.0,2.0,3.0,288.618119016713,0.0
0.0,0.0,1.0,2.0,1.0,1.0,1.0,0.0,0.0,1.0,2.0,3.0,201.09618994256917,0.0
1.0,1.0,1.0,2.0,1.0,3.0,1.0,0.0,1.0,3.0,2.0,3.0,259.5933058491381,0.0
1.0,0.0,1.0,1.0,1.0,1.0,1.0,0.0,0.0,3.0,2.0,2.0,163.9984067713765,1.0
0.0,0.0,1.0,1.0,2.0,2.0,1.0,0.0,0.0,3.0,2.0,3.0,0.0,1.0
0.0,0.0,1.0,1.0,1.0,1.0,1.0,0.0,0.0,3.0,1.0,3.0,294.5601571434375,0.0
1.0,0.0,1.0,1.0,1.0,2.0,1.0,0.0,0.0,1.0,2.0,3.0,159.6958475066637,1.0
1.0,0.0,1.0,1.0,3.0,2.0,0.0,0.0,1.0,3.0,1.0,3.0,283.97265123203374,1.0
0.0,0.0,1.0,1.0,1.0,2.0,0.0,0.0,0.0,3.0,1.0,2.0,391.344334865377,0.0
0.0,0.0,1.0,1.0,1.0,1.0,1.0,0.0,1.0,3.0,1.0,3.0,174.48390541022283,0.0
0.0,1.0,1.0,2.0,1.0,3.0,1.0,0.0,0.0,3.0,2.0,3.0,180.28278555360262,0.0
1.0,1.0,1.0,1.0,3.0,3.0,1.0,0.0,0.0,3.0,2.0,2.0,225.89372682476437,1.0
0.0,0.0,1.0,1.0,1.0,1.0,0.0,0.0,0.0,2.0,1.0,3.0,633.759881189712,1.0
0.0,0.0,1.0,2.0,1.0,1.0,1.0,0.0,0.0,3.0,2.0,3.0,214.5541264444337,0.0
1.0,0.0,1.0,1.0,3.0,1.0,1.0,1.0,0.0,1.0,2.0,3.0,452.6856294212229,0.0
1.0,1.0,1.0,2.0,1.0,1.0,1.0,1.0,1.0,1.0,2.0,3.0,171.6920652507105,1.0
1.0,1.0,1.0,1.0,3.0,3.0,1.0,1.0,1.0,1.0,2.0,3.0,206.0907699130164,0.0
0.0,0.0,1.0,1.0,1.0,1.0,1.0,0.0,0.0,2.0,2.0,3.0,193.13593128757185,1.0
0.0,0.0,1.0,1.0,1.0,1.0,1.0,1.0,1.0,1.0,2.0,3.0,75.47333007063455,0.0
1.0,1.0,1.0,1.0,1.0,3.0,1.0,1.0,1.0,1.0,2.0,3.0,0.0,1.0
1.0,1.0,1.0,1.0,1.0,3.0,1.0,1.0,1.0,1.0,2.0,3.0,52.6935386602095,1.0
1.0,1.0,1.0,1.0,1.0,1.0,1.0,1.0,1.0,1.0,2.0,3.0,53.545461636204585,1.0
1.0,1.0,1.0,1.0,1.0,1.0,1.0,1.0,1.0,1.0,2.0,3.0,0.0,1.0
0.0,0.0,1.0,1.0,1.0,3.0,1.0,1.0,1.0,1.0,5.0,3.0,362.29870122739885,0.0
1.0,0.0,1.0,2.0,3.0,2.0,1.0,1.0,0.0,1.0,2.0,3.0,348.8246213454289,0.0
0.0,0.0,1.0,1.0,1.0,3.0,1.0,1.0,1.0,1.0,5.0,3.0,210.72889935969562,0.0
1.0,0.0,1.0,1.0,1.0,1.0,1.0,0.0,0.0,2.0,3.0,3.0,0.0,1.0
0.0,0.0,1.0,1.0,1.0,1.0,1.0,0.0,0.0,2.0,2.0,3.0,177.9896259482726,1.0
1.0,0.0,1.0,2.0,1.0,1.0,1.0,1.0,0.0,1.0,2.0,3.0,94.62054647593078,1.0
0.0,0.0,1.0,1.0,1.0,2.0,1.0,0.0,0.0,3.0,2.0,3.0,252.8529072820717,0.0
1.0,0.0,1.0,2.0,1.0,1.0,1.0,1.0,1.0,2.0,2.0,3.0,177.82163027383467,0.0
1.0,0.0,1.0,1.0,1.0,1.0,0.0,0.0,0.0,3.0,2.0,3.0,20.199189819746973,1.0
0.0,0.0,1.0,1.0,3.0,1.0,0.0,1.0,0.0,2.0,3.0,3.0,91.39939982750764,1.0
0.0,0.0,1.0,1.0,1.0,2.0,0.0,1.0,0.0,2.0,3.0,3.0,556.2470442021717,0.0
1.0,0.0,1.0,1.0,3.0,3.0,1.0,0.0,0.0,3.0,5.0,3.0,96.8855467476468,1.0
1.0,1.0,1.0,1.0,2.0,3.0,0.0,1.0,1.0,2.0,3.0,3.0,53.671162147256915,1.0
0.0,0.0,1.0,1.0,1.0,2.0,1.0,0.0,1.0,2.0,3.0,3.0,154.86578286075942,1.0
0.0,0.0,1.0,3.0,1.0,1.0,0.0,0.0,0.0,3.0,1.0,3.0,196.32270177587247,1.0
1.0,1.0,1.0,1.0,2.0,3.0,1.0,1.0,1.0,1.0,2.0,3.0,211.01751996458046,0.0
1.0,1.0,1.0,1.0,3.0,3.0,1.0,0.0,0.0,1.0,2.0,3.0,337.9123842688131,1.0
0.0,0.0,1.0,1.0,1.0,3.0,1.0,0.0,0.0,3.0,1.0,3.0,376.86078649316806,0.0
1.0,0.0,1.0,1.0,1.0,1.0,0.0,1.0,0.0,2.0,2.0,3.0,282.9285183882643,0.0
0.0,0.0,1.0,1.0,1.0,1.0,1.0,1.0,0.0,3.0,4.0,3.0,527.1271108561828,1.0
0.0,0.0,1.0,1.0,1.0,2.0,0.0,1.0,1.0,2.0,2.0,3.0,289.62289714831263,1.0
0.0,0.0,0.0,3.0,1.0,2.0,1.0,0.0,0.0,3.0,1.0,1.0,191.08738381090328,0.0
0.0,0.0,1.0,1.0,1.0,1.0,0.0,0.0,0.0,3.0,2.0,3.0,228.20573668529295,1.0
1.0,0.0,1.0,2.0,1.0,1.0,0.0,0.0,0.0,3.0,2.0,3.0,45.4718022495587,0.0
0.0,0.0,1.0,1.0,3.0,2.0,0.0,0.0,0.0,3.0,2.0,3.0,243.1394838524925,0.0
1.0,0.0,1.0,1.0,1.0,2.0,0.0,0.0,0.0,3.0,1.0,3.0,0.0,1.0
0.0,0.0,1.0,1.0,3.0,3.0,0.0,1.0,1.0,2.0,1.0,3.0,463.53211513278563,1.0
1.0,1.0,1.0,1.0,3.0,3.0,1.0,0.0,0.0,1.0,2.0,3.0,112.3396970047522,1.0
1.0,0.0,1.0,1.0,3.0,2.0,0.0,0.0,0.0,3.0,1.0,3.0,328.5727231797635,1.0
0.0,0.0,1.0,1.0,3.0,3.0,1.0,0.0,1.0,3.0,1.0,3.0,410.8136306726591,0.0
0.0,0.0,1.0,1.0,2.0,2.0,1.0,0.0,0.0,3.0,1.0,3.0,267.52459215230647,1.0
0.0,0.0,1.0,1.0,1.0,2.0,1.0,0.0,0.0,3.0,1.0,3.0,68.97583049962174,0.0
1.0,0.0,1.0,1.0,3.0,2.0,1.0,0.0,1.0,3.0,1.0,3.0,254.9137617224468,1.0
1.0,1.0,1.0,2.0,3.0,3.0,1.0,1.0,1.0,2.0,2.0,3.0,238.90485992062574,1.0
0.0,0.0,1.0,1.0,3.0,3.0,1.0,0.0,1.0,2.0,1.0,2.0,565.8570367765286,1.0
1.0,0.0,1.0,1.0,1.0,1.0,1.0,0.0,0.0,1.0,2.0,3.0,0.0,1.0
0.0,0.0,1.0,1.0,1.0,2.0,1.0,0.0,0.0,1.0,1.0,3.0,843.7855551647928,1.0
0.0,0.0,1.0,1.0,1.0,1.0,1.0,0.0,0.0,1.0,2.0,3.0,168.63507381608906,0.0
0.0,0.0,1.0,1.0,1.0,2.0,1.0,0.0,0.0,1.0,3.0,3.0,376.9534998241568,1.0
1.0,0.0,1.0,1.0,1.0,2.0,1.0,0.0,0.0,1.0,2.0,3.0,145.89520980707425,1.0
1.0,0.0,1.0,3.0,3.0,2.0,1.0,0.0,0.0,1.0,2.0,3.0,248.56228045493413,0.0
1.0,0.0,1.0,1.0,1.0,1.0,1.0,0.0,0.0,1.0,2.0,3.0,257.683258632779,1.0
0.0,0.0,1.0,1.0,3.0,3.0,1.0,0.0,0.0,1.0,1.0,3.0,304.5455323277764,1.0
0.0,0.0,1.0,1.0,1.0,2.0,1.0,0.0,0.0,1.0,2.0,3.0,211.42949099617567,1.0
0.0,0.0,1.0,1.0,1.0,1.0,1.0,1.0,0.0,2.0,3.0,3.0,0.0,1.0
1.0,1.0,1.0,1.0,1.0,2.0,1.0,0.0,0.0,1.0,3.0,3.0,154.70454497849326,0.0
1.0,0.0,1.0,1.0,3.0,2.0,1.0,0.0,0.0,2.0,3.0,3.0,180.78972707496024,1.0
0.0,0.0,1.0,1.0,1.0,1.0,1.0,0.0,0.0,1.0,2.0,3.0,11.909281541551088,1.0
0.0,1.0,1.0,1.0,2.0,3.0,1.0,0.0,0.0,1.0,2.0,3.0,240.40068306094676,1.0
0.0,1.0,1.0,2.0,1.0,2.0,1.0,0.0,0.0,1.0,3.0,3.0,2387.7376532355356,0.0
1.0,0.0,1.0,1.0,3.0,2.0,0.0,0.0,0.0,2.0,3.0,3.0,51.26133034032785,1.0
1.0,0.0,1.0,1.0,3.0,3.0,1.0,0.0,0.0,1.0,3.0,3.0,339.9383722925676,1.0
0.0,0.0,1.0,1.0,3.0,2.0,1.0,0.0,0.0,3.0,3.0,3.0,236.43233569131877,1.0
1.0,0.0,1.0,1.0,3.0,3.0,0.0,0.0,0.0,2.0,3.0,2.0,178.73441672889365,0.0
0.0,0.0,1.0,1.0,1.0,3.0,1.0,1.0,0.0,2.0,3.0,3.0,302.7546534112673,0.0
0.0,0.0,1.0,1.0,1.0,2.0,1.0,1.0,1.0,1.0,3.0,3.0,125.22914141747859,0.0
0.0,0.0,1.0,1.0,1.0,1.0,1.0,1.0,1.0,1.0,3.0,3.0,264.06661716237994,1.0
0.0,0.0,1.0,2.0,1.0,1.0,1.0,1.0,0.0,1.0,2.0,3.0,230.54341920784293,0.0
0.0,0.0,1.0,1.0,1.0,1.0,1.0,1.0,0.0,1.0,2.0,3.0,81.19964687421196,1.0
0.0,0.0,1.0,2.0,1.0,1.0,0.0,0.0,0.0,3.0,1.0,2.0,456.0954213371726,1.0
0.0,0.0,1.0,2.0,3.0,3.0,0.0,0.0,0.0,3.0,2.0,3.0,307.3206361658017,1.0
1.0,0.0,1.0,1.0,1.0,3.0,1.0,0.0,0.0,2.0,4.0,3.0,0.0,0.0
1.0,0.0,1.0,1.0,3.0,2.0,1.0,0.0,0.0,2.0,2.0,3.0,348.6095034938565,1.0
1.0,1.0,1.0,1.0,1.0,3.0,1.0,1.0,1.0,1.0,2.0,3.0,163.4437018547191,1.0
1.0,1.0,1.0,1.0,1.0,2.0,1.0,1.0,1.0,1.0,2.0,3.0,0.0,1.0
0.0,0.0,1.0,1.0,3.0,2.0,1.0,1.0,0.0,1.0,2.0,3.0,326.96946157556334,1.0
0.0,0.0,1.0,1.0,1.0,1.0,1.0,1.0,1.0,2.0,2.0,3.0,301.7904196141485,0.0
0.0,0.0,1.0,1.0,1.0,1.0,1.0,0.0,0.0,1.0,2.0,3.0,0.0,1.0
1.0,0.0,1.0,1.0,1.0,3.0,1.0,0.0,0.0,1.0,2.0,3.0,54.57509825363028,1.0
0.0,0.0,1.0,1.0,3.0,3.0,1.0,1.0,0.0,1.0,3.0,3.0,210.51236696803113,1.0
0.0,0.0,1.0,2.0,1.0,1.0,1.0,0.0,0.0,2.0,2.0,3.0,67.2333076118475,0.0
1.0,1.0,1.0,1.0,1.0,2.0,1.0,0.0,0.0,3.0,2.0,3.0,69.20920069459521,1.0
1.0,0.0,1.0,1.0,2.0,2.0,1.0,0.0,0.0,3.0,1.0,3.0,48.95564677279479,1.0
0.0,0.0,1.0,1.0,1.0,1.0,1.0,0.0,0.0,3.0,2.0,3.0,213.52124005850823,0.0
0.0,0.0,1.0,2.0,1.0,3.0,1.0,0.0,0.0,3.0,1.0,3.0,215.7061707516143,1.0
0.0,0.0,1.0,2.0,3.0,3.0,1.0,0.0,0.0,2.0,3.0,3.0,297.02500831822607,0.0
1.0,0.0,1.0,1.0,1.0,2.0,1.0,1.0,0.0,3.0,1.0,2.0,203.9047993880393,0.0
0.0,0.0,1.0,3.0,3.0,3.0,1.0,0.0,0.0,2.0,1.0,3.0,528.1332343247599,1.0
0.0,0.0,0.0,1.0,1.0,2.0,1.0,0.0,0.0,2.0,6.0,1.0,116.37605508749209,1.0
1.0,0.0,1.0,1.0,3.0,3.0,1.0,0.0,0.0,2.0,1.0,3.0,377.23802451768574,1.0
1.0,0.0,1.0,1.0,1.0,3.0,1.0,0.0,0.0,3.0,1.0,3.0,120.35592103355418,0.0
0.0,0.0,1.0,1.0,1.0,2.0,1.0,0.0,0.0,1.0,3.0,3.0,30.860880477087022,1.0
0.0,0.0,1.0,1.0,1.0,3.0,1.0,1.0,1.0,1.0,2.0,3.0,411.43398803547865,1.0
1.0,1.0,1.0,1.0,1.0,1.0,1.0,1.0,0.0,1.0,2.0,3.0,181.17757005411812,0.0
0.0,0.0,1.0,1.0,1.0,1.0,0.0,0.0,0.0,3.0,2.0,3.0,221.88185054216103,1.0
1.0,0.0,1.0,1.0,1.0,1.0,1.0,0.0,0.0,2.0,2.0,3.0,54.8261023664757,1.0
0.0,0.0,1.0,1.0,1.0,1.0,1.0,0.0,0.0,3.0,1.0,3.0,323.90057768252666,1.0
0.0,0.0,1.0,1.0,1.0,1.0,1.0,0.0,0.0,3.0,2.0,3.0,328.0156972162507,0.0
0.0,0.0,1.0,2.0,1.0,2.0,0.0,0.0,0.0,2.0,3.0,3.0,300.8024050130265,0.0
1.0,1.0,1.0,2.0,1.0,3.0,0.0,0.0,0.0,2.0,3.0,3.0,83.12620596604715,1.0
1.0,0.0,1.0,1.0,3.0,2.0,0.0,1.0,1.0,2.0,1.0,3.0,0.0,1.0
0.0,0.0,1.0,2.0,1.0,1.0,0.0,0.0,0.0,3.0,1.0,3.0,60.70774310171639,0.0
0.0,0.0,1.0,1.0,1.0,2.0,0.0,0.0,0.0,3.0,1.0,3.0,93.86673388400207,1.0
0.0,0.0,1.0,1.0,1.0,2.0,0.0,0.0,0.0,3.0,2.0,3.0,205.18077484240465,1.0
1.0,0.0,1.0,1.0,1.0,1.0,1.0,0.0,0.0,3.0,1.0,2.0,0.0,1.0
0.0,0.0,1.0,1.0,1.0,2.0,1.0,0.0,0.0,3.0,1.0,3.0,0.0,1.0
0.0,0.0,1.0,1.0,1.0,2.0,1.0,0.0,0.0,2.0,2.0,3.0,85.1288202565017,1.0
1.0,0.0,1.0,2.0,1.0,1.0,1.0,1.0,0.0,2.0,1.0,3.0,187.95705125530418,0.0
0.0,1.0,1.0,1.0,1.0,2.0,1.0,1.0,0.0,2.0,3.0,3.0,25.12506899033264,1.0
0.0,0.0,1.0,1.0,3.0,2.0,1.0,0.0,0.0,3.0,4.0,3.0,282.83261270699427,1.0
0.0,0.0,1.0,1.0,3.0,2.0,1.0,0.0,0.0,3.0,4.0,3.0,418.5551652532163,0.0
1.0,1.0,1.0,1.0,1.0,3.0,1.0,1.0,1.0,2.0,2.0,2.0,0.0,0.0
0.0,0.0,1.0,1.0,1.0,1.0,1.0,0.0,0.0,3.0,1.0,3.0,58.463745749432604,1.0
1.0,1.0,1.0,1.0,1.0,1.0,1.0,1.0,1.0,1.0,2.0,3.0,0.0,0.0
0.0,0.0,1.0,1.0,1.0,1.0,0.0,0.0,0.0,3.0,1.0,3.0,189.64029082335304,0.0
0.0,0.0,1.0,1.0,2.0,2.0,1.0,0.0,0.0,2.0,1.0,3.0,333.33186197588327,1.0
0.0,0.0,1.0,1.0,3.0,2.0,0.0,0.0,0.0,3.0,1.0,3.0,473.90337297785464,0.0
1.0,0.0,1.0,1.0,1.0,1.0,1.0,0.0,0.0,3.0,1.0,3.0,484.0777861802188,1.0
0.0,0.0,1.0,1.0,1.0,1.0,1.0,0.0,0.0,3.0,2.0,3.0,0.0,1.0
0.0,0.0,1.0,1.0,1.0,2.0,1.0,1.0,0.0,1.0,2.0,3.0,0.0,1.0
1.0,0.0,1.0,1.0,1.0,1.0,1.0,1.0,1.0,1.0,2.0,3.0,0.0,1.0
0.0,0.0,1.0,1.0,2.0,1.0,1.0,0.0,0.0,3.0,2.0,3.0,0.0,1.0
1.0,0.0,1.0,1.0,1.0,1.0,1.0,0.0,0.0,2.0,2.0,3.0,168.3049640619786,0.0
1.0,0.0,1.0,1.0,1.0,1.0,0.0,0.0,0.0,3.0,2.0,3.0,105.78063297772974,1.0
0.0,0.0,1.0,1.0,3.0,3.0,1.0,0.0,0.0,2.0,1.0,3.0,274.48650350841274,0.0
0.0,0.0,1.0,1.0,1.0,1.0,1.0,0.0,0.0,3.0,1.0,3.0,285.1434012534648,0.0
0.0,0.0,1.0,1.0,3.0,2.0,1.0,0.0,0.0,1.0,2.0,3.0,211.5323916645653,1.0
1.0,0.0,1.0,1.0,1.0,1.0,1.0,0.0,0.0,1.0,2.0,3.0,258.01917997629675,1.0
1.0,0.0,1.0,1.0,1.0,2.0,1.0,0.0,0.0,1.0,1.0,3.0,228.56072942069957,0.0
0.0,0.0,1.0,2.0,3.0,3.0,1.0,1.0,0.0,1.0,2.0,3.0,297.02500831822607,0.0
1.0,0.0,1.0,2.0,3.0,2.0,1.0,1.0,0.0,3.0,2.0,3.0,240.9469894391548,0.0
1.0,0.0,1.0,1.0,1.0,2.0,0.0,0.0,0.0,3.0,1.0,3.0,57.472547192441716,0.0
0.0,0.0,1.0,2.0,1.0,1.0,1.0,0.0,0.0,2.0,2.0,3.0,36.70708747814073,0.0
1.0,0.0,1.0,1.0,1.0,1.0,1.0,1.0,0.0,1.0,2.0,3.0,60.68615196709265,1.0
0.0,0.0,1.0,1.0,1.0,1.0,0.0,0.0,0.0,3.0,4.0,3.0,22.00248495946389,1.0
0.0,0.0,1.0,1.0,1.0,1.0,1.0,1.0,1.0,1.0,3.0,3.0,50.590522144826714,0.0
1.0,1.0,1.0,1.0,1.0,2.0,1.0,0.0,0.0,1.0,2.0,3.0,130.34121046616391,1.0
0.0,0.0,1.0,2.0,1.0,1.0,0.0,0.0,0.0,3.0,1.0,3.0,295.92600067323326,1.0
0.0,0.0,1.0,1.0,1.0,1.0,1.0,1.0,0.0,1.0,2.0,3.0,0.0,1.0
0.0,1.0,1.0,1.0,1.0,3.0,1.0,0.0,0.0,3.0,1.0,3.0,198.4444855739184,1.0
1.0,1.0,1.0,1.0,3.0,2.0,0.0,0.0,0.0,3.0,3.0,3.0,524.2784284210949,1.0
0.0,0.0,1.0,2.0,1.0,1.0,1.0,0.0,0.0,2.0,1.0,3.0,0.0,0.0
1.0,1.0,1.0,1.0,1.0,1.0,1.0,1.0,0.0,1.0,2.0,3.0,168.38611448749265,0.0
1.0,0.0,1.0,1.0,1.0,3.0,1.0,0.0,0.0,1.0,2.0,3.0,0.0,0.0
0.0,0.0,1.0,1.0,1.0,1.0,1.0,0.0,0.0,1.0,2.0,3.0,190.9022519308241,0.0
0.0,0.0,1.0,1.0,1.0,1.0,0.0,0.0,0.0,3.0,1.0,3.0,237.86414238376355,1.0
1.0,1.0,1.0,1.0,1.0,3.0,1.0,1.0,1.0,3.0,3.0,3.0,145.79275451492737,0.0
0.0,0.0,1.0,1.0,1.0,1.0,0.0,0.0,0.0,3.0,1.0,3.0,59.113342924426306,1.0
0.0,0.0,1.0,1.0,3.0,2.0,1.0,1.0,0.0,3.0,2.0,3.0,87.65772486798403,0.0
1.0,0.0,1.0,2.0,1.0,2.0,1.0,1.0,1.0,3.0,3.0,3.0,222.35901124779343,1.0
0.0,0.0,1.0,1.0,1.0,1.0,0.0,0.0,0.0,3.0,1.0,3.0,238.4178923149757,0.0
0.0,0.0,1.0,3.0,1.0,1.0,0.0,1.0,0.0,2.0,1.0,3.0,110.64805214059282,1.0
1.0,0.0,1.0,1.0,3.0,1.0,0.0,1.0,0.0,2.0,3.0,3.0,629.9875009445353,0.0
1.0,1.0,1.0,1.0,1.0,3.0,0.0,1.0,1.0,2.0,3.0,3.0,263.4458216698806,1.0
0.0,0.0,1.0,1.0,1.0,1.0,1.0,0.0,0.0,3.0,2.0,3.0,90.46993989235119,0.0
1.0,0.0,1.0,1.0,1.0,1.0,1.0,0.0,0.0,3.0,1.0,3.0,92.02626645744023,1.0
0.0,0.0,1.0,1.0,1.0,1.0,0.0,0.0,0.0,3.0,2.0,3.0,36.0887319440942,1.0
0.0,0.0,1.0,3.0,1.0,2.0,1.0,0.0,0.0,3.0,2.0,3.0,203.9047993880393,0.0
0.0,0.0,1.0,3.0,1.0,1.0,0.0,0.0,0.0,2.0,2.0,3.0,0.0,1.0
1.0,0.0,1.0,2.0,1.0,1.0,1.0,0.0,0.0,3.0,2.0,3.0,121.2581393321565,1.0
1.0,0.0,1.0,1.0,1.0,2.0,0.0,0.0,0.0,2.0,2.0,3.0,198.14839569688232,0.0
1.0,0.0,1.0,1.0,3.0,3.0,1.0,1.0,0.0,1.0,2.0,3.0,377.23802451768574,0.0
1.0,1.0,1.0,1.0,1.0,2.0,0.0,0.0,0.0,3.0,2.0,3.0,103.07968218679076,0.0
0.0,0.0,1.0,2.0,1.0,2.0,1.0,0.0,0.0,1.0,1.0,3.0,661.0947342916505,1.0
0.0,0.0,1.0,3.0,1.0,2.0,0.0,0.0,0.0,3.0,1.0,3.0,257.8749845498962,0.0
1.0,1.0,1.0,1.0,2.0,2.0,1.0,1.0,1.0,2.0,3.0,3.0,373.4451861961422,1.0
0.0,0.0,1.0,1.0,3.0,2.0,1.0,0.0,0.0,3.0,1.0,2.0,407.23802451768574,0.0
1.0,1.0,1.0,1.0,3.0,3.0,1.0,1.0,1.0,3.0,1.0,3.0,19.48791524981087,1.0
0.0,0.0,1.0,1.0,3.0,3.0,1.0,0.0,0.0,3.0,1.0,3.0,226.34281471061146,1.0
0.0,0.0,1.0,1.0,1.0,1.0,1.0,1.0,0.0,1.0,2.0,3.0,175.39542677122137,1.0
1.0,1.0,1.0,2.0,3.0,2.0,0.0,0.0,0.0,3.0,6.0,3.0,279.0491202400967,1.0
1.0,0.0,1.0,1.0,1.0,1.0,1.0,0.0,0.0,1.0,2.0,3.0,140.82165506745844,0.0
1.0,0.0,1.0,1.0,1.0,1.0,1.0,0.0,0.0,1.0,2.0,3.0,0.0,1.0
0.0,0.0,1.0,1.0,3.0,2.0,1.0,1.0,1.0,1.0,2.0,3.0,259.3376135234375,1.0
1.0,0.0,1.0,1.0,1.0,1.0,1.0,1.0,0.0,1.0,2.0,3.0,316.5970903415457,1.0
0.0,1.0,1.0,1.0,1.0,1.0,0.0,0.0,0.0,3.0,2.0,3.0,255.817579345357,0.0
0.0,0.0,1.0,3.0,1.0,1.0,1.0,0.0,0.0,1.0,3.0,2.0,140.22252121311794,1.0
0.0,0.0,1.0,1.0,1.0,3.0,1.0,0.0,0.0,1.0,5.0,2.0,0.6495971749936957,0.0
0.0,0.0,1.0,1.0,1.0,1.0,1.0,1.0,0.0,1.0,2.0,2.0,0.0,0.0
0.0,0.0,1.0,2.0,1.0,2.0,0.0,1.0,0.0,2.0,2.0,3.0,16.955641108420625,1.0
1.0,0.0,1.0,1.0,1.0,1.0,0.0,0.0,0.0,3.0,2.0,3.0,141.49958666616428,1.0
0.0,0.0,1.0,2.0,1.0,1.0,0.0,1.0,0.0,2.0,2.0,3.0,204.56861476736927,1.0
0.0,0.0,1.0,1.0,1.0,3.0,1.0,0.0,0.0,1.0,3.0,3.0,0.0,1.0
0.0,1.0,1.0,2.0,1.0,3.0,1.0,1.0,0.0,1.0,2.0,3.0,342.9436491060641,1.0
0.0,0.0,1.0,3.0,1.0,1.0,1.0,1.0,0.0,1.0,2.0,3.0,60.62906966607826,0.0
0.0,1.0,1.0,2.0,1.0,3.0,1.0,1.0,1.0,1.0,2.0,3.0,63.530603714383446,0.0
0.0,0.0,1.0,1.0,1.0,1.0,1.0,0.0,0.0,3.0,2.0,3.0,234.21977611212625,1.0
0.0,0.0,1.0,2.0,2.0,3.0,1.0,0.0,0.0,1.0,1.0,3.0,546.8489746120282,1.0
1.0,0.0,1.0,1.0,3.0,2.0,1.0,0.0,0.0,3.0,2.0,3.0,296.7097790962914,1.0
1.0,0.0,1.0,1.0,1.0,1.0,1.0,0.0,0.0,3.0,2.0,2.0,0.0,0.0
0.0,0.0,1.0,3.0,1.0,1.0,1.0,1.0,0.0,1.0,2.0,3.0,0.0,1.0
1.0,0.0,1.0,1.0,1.0,1.0,1.0,1.0,0.0,1.0,2.0,3.0,108.92140003987151,0.0
0.0,0.0,1.0,1.0,3.0,2.0,1.0,0.0,0.0,1.0,3.0,2.0,297.064596429961,0.0
1.0,1.0,1.0,1.0,1.0,2.0,1.0,1.0,1.0,1.0,3.0,3.0,30.0,0.0
1.0,1.0,1.0,1.0,3.0,3.0,1.0,1.0,1.0,1.0,3.0,3.0,117.38583518617082,1.0
1.0,0.0,1.0,1.0,3.0,2.0,0.0,0.0,0.0,3.0,1.0,3.0,197.94696859523975,1.0
1.0,1.0,1.0,1.0,1.0,2.0,1.0,0.0,0.0,1.0,2.0,3.0,210.24085742059518,1.0
0.0,0.0,1.0,1.0,1.0,3.0,0.0,0.0,0.0,3.0,1.0,3.0,150.41742322385156,1.0
0.0,0.0,1.0,1.0,1.0,2.0,1.0,1.0,0.0,1.0,2.0,3.0,259.3376135234375,1.0
0.0,0.0,1.0,3.0,1.0,1.0,1.0,0.0,0.0,1.0,2.0,3.0,2.9640115496367843,1.0
1.0,0.0,1.0,1.0,1.0,1.0,1.0,0.0,0.0,3.0,3.0,3.0,230.11519495578824,0.0
0.0,0.0,1.0,1.0,1.0,2.0,1.0,0.0,0.0,2.0,2.0,3.0,30.0,0.0
1.0,0.0,1.0,1.0,1.0,1.0,0.0,0.0,0.0,2.0,2.0,3.0,168.3049640619786,0.0
0.0,0.0,1.0,1.0,3.0,2.0,0.0,0.0,0.0,3.0,2.0,3.0,440.7074773917283,1.0
0.0,0.0,1.0,1.0,1.0,1.0,0.0,0.0,0.0,2.0,2.0,3.0,16.131663179010115,0.0
1.0,0.0,1.0,1.0,1.0,1.0,0.0,0.0,0.0,2.0,2.0,3.0,143.03901206663878,1.0
1.0,0.0,1.0,1.0,1.0,2.0,0.0,0.0,0.0,3.0,1.0,3.0,30.0,0.0
0.0,0.0,1.0,1.0,3.0,3.0,0.0,0.0,0.0,3.0,1.0,3.0,72.34908748671886,0.0
1.0,0.0,1.0,1.0,1.0,1.0,0.0,0.0,0.0,3.0,1.0,3.0,264.06661716237994,0.0
1.0,0.0,1.0,1.0,1.0,2.0,0.0,0.0,0.0,3.0,1.0,3.0,254.53976086816772,1.0
1.0,1.0,1.0,1.0,1.0,2.0,1.0,1.0,1.0,3.0,1.0,3.0,76.61235023945468,0.0
1.0,0.0,1.0,2.0,2.0,3.0,1.0,0.0,1.0,3.0,1.0,3.0,447.9701541147518,0.0
0.0,0.0,1.0,2.0,2.0,2.0,1.0,0.0,1.0,3.0,1.0,3.0,92.33667558066477,1.0
1.0,0.0,1.0,1.0,1.0,1.0,0.0,0.0,0.0,3.0,1.0,3.0,212.1963887911982,1.0
0.0,0.0,1.0,1.0,1.0,1.0,0.0,0.0,0.0,3.0,1.0,3.0,0.0,1.0
1.0,0.0,1.0,1.0,1.0,3.0,0.0,1.0,1.0,2.0,2.0,3.0,0.0,1.0
0.0,0.0,1.0,3.0,1.0,1.0,1.0,1.0,0.0,1.0,2.0,3.0,0.0,1.0
1.0,0.0,1.0,1.0,3.0,2.0,1.0,1.0,0.0,1.0,2.0,3.0,30.0,0.0
1.0,0.0,1.0,1.0,3.0,2.0,1.0,0.0,0.0,2.0,1.0,2.0,103.92747957948175,1.0
0.0,0.0,1.0,1.0,1.0,3.0,1.0,0.0,0.0,3.0,3.0,3.0,307.3206361658017,1.0
1.0,0.0,1.0,1.0,3.0,2.0,1.0,0.0,0.0,1.0,2.0,3.0,30.0,0.0
1.0,1.0,1.0,2.0,1.0,3.0,1.0,1.0,1.0,1.0,3.0,2.0,524.5317538588316,1.0
0.0,0.0,1.0,1.0,1.0,1.0,1.0,0.0,0.0,3.0,1.0,3.0,247.9710637173444,1.0
0.0,0.0,1.0,1.0,3.0,2.0,0.0,0.0,0.0,3.0,4.0,3.0,226.16377274919654,0.0
1.0,0.0,1.0,1.0,2.0,3.0,1.0,0.0,0.0,1.0,1.0,3.0,85.62700032284042,1.0
0.0,0.0,1.0,3.0,1.0,2.0,1.0,0.0,0.0,3.0,2.0,3.0,296.1661595553711,1.0
1.0,0.0,1.0,1.0,1.0,3.0,1.0,0.0,0.0,3.0,2.0,3.0,492.76716952622695,1.0
0.0,1.0,1.0,1.0,1.0,3.0,1.0,0.0,0.0,2.0,2.0,2.0,27.28308134973522,1.0
0.0,0.0,1.0,3.0,1.0,1.0,1.0,0.0,0.0,2.0,2.0,3.0,0.0,0.0
1.0,0.0,1.0,1.0,3.0,2.0,0.0,0.0,0.0,3.0,2.0,3.0,281.69153257565813,1.0
0.0,0.0,1.0,1.0,1.0,2.0,0.0,0.0,0.0,3.0,2.0,3.0,151.92846363684362,0.0
1.0,1.0,1.0,1.0,1.0,1.0,1.0,0.0,0.0,3.0,2.0,3.0,627.9562395196845,1.0
0.0,0.0,1.0,1.0,1.0,1.0,0.0,0.0,0.0,2.0,2.0,3.0,267.55956961236984,1.0
1.0,0.0,1.0,1.0,1.0,1.0,0.0,0.0,0.0,2.0,2.0,3.0,168.3049640619786,0.0
1.0,0.0,1.0,1.0,1.0,1.0,0.0,0.0,0.0,3.0,1.0,3.0,27.170105871670515,1.0
1.0,0.0,1.0,1.0,2.0,2.0,1.0,0.0,0.0,1.0,3.0,3.0,31.81050658297609,1.0
1.0,0.0,1.0,1.0,1.0,1.0,1.0,1.0,1.0,1.0,2.0,2.0,235.7107649189778,0.0
1.0,1.0,1.0,1.0,3.0,3.0,1.0,1.0,1.0,1.0,2.0,2.0,238.90485992062574,1.0
1.0,0.0,1.0,1.0,1.0,3.0,1.0,1.0,1.0,1.0,3.0,3.0,257.3961552915236,1.0
1.0,1.0,1.0,1.0,3.0,2.0,1.0,0.0,1.0,1.0,3.0,3.0,227.99704253194125,0.0
1.0,0.0,1.0,1.0,3.0,2.0,1.0,1.0,1.0,1.0,3.0,3.0,133.27585500546792,0.0
0.0,0.0,1.0,1.0,1.0,1.0,0.0,0.0,0.0,3.0,1.0,3.0,400.7083003622621,1.0
0.0,0.0,1.0,1.0,1.0,1.0,0.0,0.0,0.0,3.0,2.0,3.0,110.61570511921101,0.0
0.0,1.0,1.0,2.0,1.0,2.0,1.0,0.0,0.0,2.0,2.0,3.0,166.06058941500652,1.0
1.0,1.0,1.0,1.0,1.0,1.0,1.0,1.0,0.0,1.0,2.0,3.0,204.5026596437051,1.0
0.0,0.0,1.0,1.0,1.0,3.0,1.0,0.0,0.0,3.0,1.0,3.0,356.84307144002855,0.0
1.0,0.0,1.0,1.0,3.0,3.0,1.0,1.0,0.0,1.0,2.0,3.0,204.7718162711509,1.0
1.0,0.0,1.0,1.0,1.0,2.0,1.0,1.0,0.0,1.0,2.0,3.0,131.60934299371635,1.0
0.0,0.0,0.0,1.0,1.0,3.0,1.0,0.0,0.0,1.0,3.0,1.0,355.03038179096177,0.0
1.0,0.0,1.0,1.0,1.0,1.0,1.0,1.0,0.0,1.0,2.0,3.0,135.9181366739107,0.0
0.0,0.0,1.0,1.0,1.0,1.0,1.0,0.0,0.0,1.0,2.0,3.0,181.71374787672022,1.0
0.0,0.0,1.0,1.0,1.0,1.0,1.0,0.0,0.0,2.0,2.0,3.0,235.19058947453556,0.0
1.0,0.0,1.0,1.0,1.0,2.0,1.0,1.0,0.0,1.0,2.0,3.0,0.0,1.0
0.0,0.0,1.0,1.0,1.0,1.0,0.0,0.0,0.0,3.0,1.0,3.0,837.8421958307483,1.0
1.0,0.0,1.0,1.0,3.0,2.0,1.0,1.0,0.0,1.0,2.0,3.0,133.44835011774603,0.0
1.0,0.0,1.0,1.0,1.0,1.0,1.0,0.0,0.0,2.0,2.0,3.0,189.50110193102668,1.0
1.0,1.0,1.0,1.0,1.0,3.0,0.0,1.0,1.0,3.0,2.0,3.0,0.0,1.0
0.0,0.0,1.0,1.0,3.0,3.0,1.0,1.0,0.0,1.0,2.0,3.0,0.0,0.0
0.0,0.0,1.0,2.0,1.0,1.0,1.0,0.0,0.0,3.0,1.0,3.0,285.1434012534648,0.0
0.0,0.0,1.0,2.0,1.0,1.0,1.0,0.0,0.0,3.0,1.0,3.0,115.68828927827781,1.0
1.0,0.0,1.0,1.0,1.0,3.0,0.0,0.0,0.0,2.0,2.0,3.0,0.0,1.0
1.0,1.0,1.0,1.0,1.0,1.0,1.0,0.0,0.0,3.0,2.0,3.0,65.61747322618717,0.0
0.0,0.0,1.0,1.0,1.0,1.0,1.0,0.0,0.0,3.0,2.0,3.0,237.13224320290533,0.0
0.0,0.0,1.0,1.0,1.0,1.0,1.0,0.0,0.0,3.0,1.0,3.0,0.0,1.0
0.0,0.0,1.0,2.0,1.0,1.0,0.0,0.0,0.0,2.0,1.0,3.0,320.45937191504987,1.0
1.0,0.0,1.0,1.0,3.0,3.0,1.0,1.0,1.0,1.0,3.0,2.0,0.0,1.0
1.0,0.0,1.0,1.0,1.0,1.0,1.0,1.0,1.0,1.0,3.0,3.0,204.98057440993367,0.0
1.0,0.0,1.0,1.0,3.0,1.0,1.0,0.0,0.0,3.0,1.0,2.0,205.01452520111368,1.0
1.0,1.0,1.0,1.0,3.0,3.0,1.0,1.0,1.0,2.0,2.0,3.0,238.90485992062574,1.0
1.0,0.0,1.0,1.0,3.0,3.0,0.0,1.0,0.0,2.0,1.0,3.0,288.7456870257476,1.0
0.0,0.0,1.0,1.0,2.0,3.0,0.0,0.0,0.0,3.0,1.0,3.0,543.0776023733247,1.0
0.0,0.0,1.0,1.0,1.0,1.0,1.0,0.0,0.0,2.0,2.0,3.0,0.0,0.0
0.0,0.0,1.0,1.0,1.0,2.0,1.0,0.0,0.0,3.0,2.0,3.0,264.79650399267456,1.0
1.0,1.0,1.0,1.0,3.0,2.0,1.0,1.0,1.0,1.0,2.0,3.0,351.89972844552767,1.0
0.0,0.0,1.0,1.0,1.0,1.0,1.0,1.0,0.0,1.0,2.0,3.0,178.79042409424838,1.0
0.0,0.0,1.0,2.0,1.0,1.0,1.0,0.0,0.0,1.0,1.0,3.0,340.6670664772122,1.0
0.0,0.0,1.0,1.0,1.0,2.0,0.0,0.0,0.0,3.0,2.0,3.0,249.66983282357208,0.0
0.0,0.0,1.0,1.0,3.0,2.0,0.0,0.0,0.0,2.0,2.0,3.0,258.99605670925496,1.0
1.0,0.0,1.0,2.0,1.0,3.0,1.0,1.0,1.0,1.0,5.0,3.0,455.0764029137403,0.0
0.0,1.0,1.0,1.0,1.0,2.0,0.0,0.0,0.0,3.0,2.0,2.0,221.85992990713146,1.0
0.0,0.0,1.0,1.0,1.0,1.0,1.0,0.0,0.0,2.0,3.0,3.0,246.74050830757378,0.0
0.0,0.0,1.0,1.0,1.0,3.0,1.0,0.0,0.0,2.0,2.0,3.0,297.02500831822607,0.0
0.0,0.0,1.0,1.0,1.0,1.0,1.0,0.0,0.0,2.0,1.0,3.0,685.1465260533973,1.0
0.0,0.0,1.0,2.0,1.0,3.0,1.0,0.0,0.0,2.0,1.0,3.0,321.0380618196476,1.0
0.0,0.0,1.0,1.0,1.0,1.0,0.0,0.0,0.0,2.0,2.0,3.0,229.18797599644722,1.0
0.0,0.0,1.0,1.0,2.0,3.0,0.0,0.0,0.0,3.0,1.0,3.0,109.62700457112109,1.0
0.0,0.0,1.0,1.0,1.0,1.0,1.0,0.0,0.0,3.0,2.0,3.0,684.5040613247115,1.0
0.0,0.0,1.0,2.0,3.0,2.0,1.0,1.0,1.0,2.0,2.0,3.0,636.5104178034896,1.0
1.0,1.0,1.0,1.0,1.0,1.0,1.0,0.0,0.0,3.0,2.0,3.0,0.0,1.0
0.0,1.0,1.0,2.0,1.0,2.0,1.0,1.0,0.0,2.0,2.0,3.0,193.66846935223862,1.0
0.0,0.0,1.0,1.0,1.0,3.0,1.0,0.0,0.0,3.0,2.0,3.0,341.14122867624013,0.0
0.0,0.0,1.0,1.0,3.0,2.0,1.0,0.0,0.0,3.0,1.0,3.0,657.4880332776524,1.0
0.0,0.0,1.0,2.0,3.0,3.0,1.0,0.0,0.0,2.0,2.0,3.0,149.35813834135354,1.0
1.0,0.0,1.0,1.0,1.0,1.0,1.0,0.0,0.0,2.0,1.0,3.0,21.955641108420625,0.0
0.0,0.0,1.0,1.0,1.0,2.0,1.0,0.0,0.0,3.0,2.0,3.0,30.0,0.0
1.0,0.0,1.0,1.0,3.0,2.0,1.0,1.0,0.0,1.0,2.0,3.0,240.9469894391548,0.0
0.0,1.0,1.0,1.0,1.0,2.0,0.0,1.0,0.0,2.0,6.0,3.0,150.38053623459012,1.0
1.0,0.0,1.0,1.0,1.0,1.0,0.0,0.0,0.0,3.0,2.0,3.0,83.67556540839567,1.0
0.0,0.0,1.0,2.0,1.0,2.0,1.0,0.0,0.0,3.0,1.0,3.0,742.7893531149884,0.0
0.0,0.0,1.0,1.0,1.0,1.0,1.0,0.0,0.0,2.0,3.0,3.0,356.55961161894857,0.0
1.0,0.0,1.0,1.0,1.0,1.0,1.0,0.0,0.0,1.0,3.0,3.0,113.83078219418142,1.0
0.0,0.0,1.0,1.0,1.0,1.0,1.0,0.0,0.0,1.0,2.0,3.0,0.0,1.0
1.0,1.0,1.0,1.0,1.0,3.0,1.0,1.0,1.0,2.0,3.0,3.0,271.53880118666234,1.0
0.0,0.0,1.0,1.0,1.0,2.0,1.0,0.0,0.0,3.0,2.0,3.0,72.34991955726683,0.0
0.0,0.0,1.0,2.0,1.0,3.0,0.0,0.0,0.0,3.0,1.0,3.0,701.1557537783992,1.0
1.0,0.0,1.0,1.0,1.0,2.0,0.0,0.0,0.0,3.0,1.0,3.0,249.81710509391195,1.0
0.0,0.0,1.0,1.0,1.0,1.0,0.0,0.0,0.0,3.0,1.0,3.0,754.2744477407286,0.0
0.0,0.0,1.0,1.0,1.0,3.0,0.0,0.0,0.0,3.0,1.0,3.0,467.6501575992519,1.0
0.0,0.0,1.0,1.0,2.0,3.0,1.0,1.0,0.0,1.0,2.0,3.0,0.0,0.0
0.0,0.0,1.0,3.0,3.0,2.0,1.0,1.0,0.0,1.0,2.0,3.0,1266.5431556605797,1.0
0.0,0.0,1.0,1.0,1.0,1.0,0.0,0.0,0.0,2.0,2.0,3.0,14.490723131557612,1.0
0.0,0.0,1.0,1.0,1.0,2.0,1.0,0.0,0.0,3.0,2.0,3.0,254.91070095516062,1.0
1.0,0.0,1.0,1.0,1.0,1.0,1.0,0.0,0.0,3.0,2.0,3.0,0.0,1.0
1.0,0.0,1.0,1.0,1.0,1.0,1.0,1.0,0.0,1.0,1.0,3.0,0.0,1.0
1.0,0.0,1.0,1.0,3.0,2.0,1.0,0.0,0.0,1.0,2.0,3.0,218.67162116795643,1.0
1.0,0.0,1.0,1.0,1.0,1.0,1.0,1.0,0.0,1.0,3.0,3.0,210.2408247255686,1.0
0.0,0.0,1.0,1.0,1.0,1.0,1.0,0.0,0.0,3.0,1.0,3.0,362.6319460291965,0.0
0.0,0.0,1.0,1.0,1.0,1.0,0.0,0.0,0.0,3.0,6.0,3.0,5.4133097916141315,1.0
1.0,0.0,1.0,1.0,1.0,1.0,1.0,1.0,0.0,1.0,2.0,3.0,223.5114757164967,0.0
0.0,0.0,1.0,1.0,1.0,2.0,1.0,1.0,0.0,1.0,2.0,3.0,103.26619583228262,1.0
0.0,1.0,1.0,2.0,1.0,3.0,1.0,0.0,0.0,1.0,2.0,3.0,162.4977175628169,0.0
0.0,0.0,1.0,1.0,1.0,3.0,1.0,0.0,0.0,1.0,2.0,3.0,608.1337734909627,1.0
1.0,1.0,1.0,1.0,1.0,1.0,0.0,1.0,1.0,2.0,2.0,3.0,213.15530745391888,1.0
1.0,0.0,1.0,1.0,1.0,1.0,1.0,1.0,1.0,2.0,2.0,3.0,0.0,0.0
1.0,0.0,1.0,1.0,1.0,2.0,1.0,1.0,1.0,2.0,4.0,3.0,178.19615433862344,0.0
1.0,0.0,1.0,1.0,1.0,2.0,1.0,1.0,1.0,2.0,1.0,3.0,98.83925618335968,0.0
1.0,1.0,1.0,1.0,3.0,3.0,0.0,1.0,1.0,2.0,2.0,3.0,386.5656544671234,1.0
0.0,0.0,1.0,2.0,3.0,3.0,0.0,1.0,1.0,2.0,1.0,2.0,492.1640771508254,1.0
1.0,0.0,1.0,1.0,3.0,1.0,1.0,1.0,1.0,1.0,2.0,3.0,96.93490362959466,0.0
0.0,0.0,1.0,1.0,3.0,2.0,1.0,1.0,0.0,1.0,3.0,3.0,52.962892526230455,1.0
1.0,1.0,1.0,1.0,1.0,3.0,1.0,1.0,1.0,1.0,2.0,3.0,416.62223834710363,1.0
1.0,1.0,1.0,1.0,1.0,2.0,1.0,1.0,1.0,1.0,3.0,3.0,129.44949223309527,1.0
0.0,0.0,1.0,1.0,1.0,3.0,1.0,1.0,0.0,1.0,3.0,3.0,36.94583932776644,0.0
1.0,0.0,1.0,1.0,3.0,2.0,1.0,0.0,0.0,2.0,1.0,2.0,0.0,1.0
0.0,0.0,1.0,1.0,1.0,3.0,1.0,0.0,0.0,2.0,1.0,3.0,407.3082017799935,0.0
1.0,0.0,1.0,2.0,3.0,1.0,1.0,0.0,0.0,2.0,2.0,3.0,55.39869729782957,0.0
0.0,0.0,1.0,1.0,1.0,1.0,1.0,1.0,0.0,2.0,1.0,3.0,115.22255616208327,0.0
0.0,0.0,1.0,1.0,1.0,1.0,1.0,0.0,0.0,1.0,2.0,3.0,75.42744477407285,0.0
0.0,0.0,1.0,2.0,1.0,2.0,1.0,0.0,0.0,1.0,2.0,3.0,534.8733757427087,0.0
0.0,0.0,1.0,2.0,1.0,1.0,0.0,0.0,1.0,3.0,2.0,3.0,0.0,1.0
0.0,0.0,1.0,1.0,1.0,1.0,1.0,1.0,0.0,1.0,2.0,3.0,0.0,1.0
0.0,0.0,1.0,1.0,1.0,1.0,1.0,1.0,0.0,1.0,2.0,3.0,0.0,1.0
1.0,1.0,1.0,1.0,1.0,1.0,1.0,1.0,1.0,1.0,2.0,3.0,106.15500501355314,1.0
0.0,0.0,1.0,2.0,1.0,2.0,0.0,1.0,0.0,2.0,1.0,3.0,590.3016873165225,0.0
0.0,0.0,1.0,1.0,1.0,2.0,1.0,0.0,1.0,2.0,1.0,3.0,370.2082649027297,0.0
1.0,0.0,1.0,1.0,1.0,1.0,0.0,1.0,0.0,2.0,2.0,3.0,144.427105240265,1.0
0.0,0.0,1.0,1.0,1.0,1.0,1.0,1.0,1.0,2.0,3.0,3.0,132.95088848204307,0.0
0.0,0.0,1.0,1.0,1.0,2.0,0.0,1.0,1.0,2.0,3.0,3.0,267.5484876767305,1.0
0.0,0.0,1.0,1.0,1.0,1.0,1.0,0.0,0.0,1.0,2.0,3.0,164.1992153094308,1.0
0.0,0.0,1.0,1.0,1.0,3.0,1.0,0.0,0.0,1.0,2.0,3.0,232.8922318056591,0.0
0.0,0.0,1.0,1.0,1.0,1.0,1.0,0.0,0.0,2.0,2.0,3.0,170.51925843584507,1.0
1.0,0.0,1.0,1.0,1.0,1.0,1.0,1.0,0.0,1.0,2.0,3.0,40.50815784503605,0.0
1.0,1.0,1.0,1.0,1.0,1.0,0.0,1.0,1.0,2.0,1.0,3.0,3.17580841108029,1.0
1.0,0.0,1.0,1.0,3.0,3.0,0.0,1.0,0.0,2.0,3.0,3.0,335.65806057249506,1.0
0.0,1.0,1.0,1.0,3.0,3.0,0.0,0.0,0.0,3.0,3.0,2.0,220.6691242402886,1.0
1.0,0.0,1.0,1.0,3.0,2.0,0.0,1.0,1.0,3.0,2.0,3.0,88.39569575637711,1.0
1.0,0.0,1.0,1.0,1.0,3.0,1.0,0.0,0.0,1.0,1.0,3.0,287.5313279693233,1.0
0.0,0.0,1.0,2.0,1.0,1.0,1.0,0.0,0.0,3.0,2.0,3.0,47.095795187042945,0.0
0.0,0.0,1.0,1.0,1.0,1.0,1.0,0.0,0.0,2.0,2.0,3.0,261.63894906006516,1.0
1.0,0.0,1.0,1.0,1.0,1.0,0.0,0.0,0.0,3.0,2.0,3.0,135.76940059333117,0.0
0.0,0.0,1.0,1.0,2.0,2.0,1.0,1.0,0.0,1.0,2.0,3.0,342.8630357258035,1.0
0.0,0.0,1.0,2.0,1.0,1.0,1.0,0.0,0.0,2.0,3.0,3.0,234.21977611212625,1.0
0.0,0.0,1.0,1.0,1.0,1.0,1.0,0.0,0.0,2.0,3.0,3.0,104.75203324229437,0.0
0.0,0.0,1.0,1.0,1.0,1.0,1.0,0.0,0.0,1.0,2.0,3.0,375.81811719303477,1.0
0.0,0.0,1.0,1.0,3.0,3.0,1.0,1.0,0.0,1.0,2.0,3.0,377.1372238703643,0.0
0.0,0.0,1.0,2.0,2.0,2.0,1.0,0.0,0.0,3.0,2.0,3.0,19.540337721984063,1.0
1.0,0.0,1.0,1.0,1.0,1.0,1.0,0.0,0.0,3.0,2.0,3.0,34.71736013021862,1.0
1.0,1.0,1.0,1.0,1.0,1.0,0.0,1.0,1.0,2.0,3.0,3.0,260.53684097853153,1.0
1.0,0.0,1.0,1.0,1.0,1.0,1.0,0.0,1.0,1.0,3.0,3.0,183.40293573988677,1.0
1.0,0.0,1.0,1.0,1.0,2.0,1.0,0.0,1.0,1.0,2.0,3.0,265.64776451440196,0.0
0.0,0.0,1.0,1.0,1.0,3.0,1.0,1.0,0.0,1.0,2.0,3.0,61.510104077220305,0.0
0.0,0.0,1.0,1.0,1.0,1.0,1.0,0.0,0.0,2.0,2.0,3.0,77.95166099924349,1.0
0.0,0.0,1.0,1.0,3.0,3.0,0.0,0.0,0.0,3.0,2.0,3.0,391.0011979797203,1.0
0.0,0.0,1.0,1.0,1.0,3.0,1.0,1.0,1.0,1.0,2.0,3.0,0.0,0.0
1.0,0.0,1.0,1.0,3.0,2.0,0.0,0.0,0.0,3.0,1.0,3.0,45.590332199848696,0.0
0.0,0.0,1.0,2.0,1.0,3.0,1.0,0.0,0.0,3.0,1.0,3.0,45.55795529997279,1.0
0.0,0.0,1.0,1.0,1.0,1.0,1.0,0.0,0.0,1.0,2.0,3.0,333.3872226892372,0.0
1.0,1.0,1.0,1.0,1.0,3.0,0.0,0.0,0.0,2.0,2.0,3.0,59.407617812152886,1.0
0.0,0.0,1.0,1.0,1.0,3.0,0.0,0.0,0.0,2.0,1.0,3.0,79.76087512618074,1.0
0.0,1.0,1.0,3.0,3.0,3.0,1.0,0.0,0.0,2.0,2.0,3.0,53.3662123623293,0.0
0.0,0.0,1.0,2.0,3.0,3.0,1.0,0.0,0.0,1.0,2.0,3.0,320.48095973958647,1.0
1.0,0.0,1.0,1.0,3.0,2.0,1.0,0.0,0.0,3.0,2.0,3.0,462.60760293537635,1.0
1.0,1.0,1.0,2.0,2.0,3.0,1.0,0.0,0.0,3.0,2.0,3.0,43.63683670298599,1.0
0.0,1.0,1.0,1.0,1.0,3.0,1.0,1.0,1.0,3.0,2.0,3.0,0.0,0.0
0.0,0.0,1.0,2.0,1.0,2.0,1.0,1.0,1.0,1.0,3.0,3.0,304.27024674110135,0.0
0.0,0.0,1.0,1.0,1.0,2.0,0.0,0.0,0.0,3.0,2.0,3.0,215.41193139319762,1.0
1.0,0.0,1.0,1.0,1.0,1.0,1.0,0.0,0.0,2.0,2.0,3.0,0.0,1.0
0.0,0.0,1.0,2.0,1.0,1.0,0.0,0.0,0.0,3.0,2.0,3.0,0.0,0.0
0.0,1.0,1.0,1.0,1.0,2.0,0.0,0.0,0.0,3.0,2.0,3.0,324.90687032016257,1.0
1.0,0.0,1.0,2.0,1.0,1.0,0.0,0.0,0.0,3.0,2.0,3.0,97.66939647443948,0.0
0.0,0.0,1.0,1.0,1.0,1.0,1.0,1.0,1.0,1.0,1.0,3.0,177.42459500107384,1.0
0.0,0.0,1.0,1.0,3.0,3.0,1.0,1.0,0.0,1.0,6.0,3.0,543.8025334947733,0.0
1.0,0.0,1.0,1.0,1.0,1.0,1.0,0.0,0.0,1.0,2.0,3.0,113.67950562389673,0.0
1.0,0.0,1.0,1.0,1.0,2.0,1.0,0.0,0.0,1.0,2.0,2.0,354.72592702265456,0.0
0.0,0.0,1.0,1.0,1.0,1.0,1.0,0.0,0.0,1.0,3.0,2.0,0.0,1.0
1.0,0.0,1.0,1.0,1.0,1.0,1.0,0.0,0.0,3.0,3.0,2.0,100.68756212402283,1.0
1.0,1.0,1.0,1.0,1.0,3.0,1.0,1.0,1.0,1.0,2.0,3.0,377.036423223043,1.0
0.0,0.0,1.0,1.0,3.0,3.0,1.0,0.0,0.0,2.0,6.0,3.0,0.0,1.0
0.0,0.0,1.0,1.0,1.0,3.0,1.0,0.0,0.0,2.0,1.0,3.0,322.40274509189766,0.0
1.0,0.0,1.0,1.0,3.0,2.0,1.0,1.0,0.0,1.0,3.0,3.0,466.0900627614124,0.0
1.0,0.0,1.0,1.0,1.0,1.0,1.0,0.0,0.0,3.0,2.0,3.0,90.96855265478001,1.0
1.0,0.0,1.0,1.0,3.0,2.0,1.0,1.0,1.0,2.0,2.0,3.0,299.8468212585744,1.0
0.0,0.0,1.0,2.0,3.0,3.0,1.0,1.0,1.0,2.0,2.0,3.0,38.971262967446606,0.0
0.0,0.0,1.0,2.0,1.0,2.0,1.0,0.0,0.0,2.0,2.0,3.0,0.0,1.0
0.0,0.0,1.0,1.0,1.0,1.0,1.0,0.0,0.0,3.0,2.0,3.0,384.14328889980834,0.0
1.0,0.0,1.0,1.0,1.0,2.0,0.0,0.0,1.0,3.0,1.0,3.0,351.08773858640063,1.0
0.0,0.0,1.0,1.0,1.0,1.0,0.0,0.0,0.0,3.0,2.0,3.0,0.0,0.0
1.0,0.0,1.0,1.0,1.0,1.0,0.0,0.0,0.0,3.0,1.0,3.0,185.339316184029,1.0
0.0,0.0,1.0,1.0,1.0,2.0,0.0,0.0,0.0,3.0,1.0,3.0,352.9779922342881,1.0
1.0,1.0,1.0,1.0,1.0,3.0,1.0,1.0,0.0,1.0,2.0,3.0,373.1948895333976,1.0
1.0,0.0,1.0,1.0,1.0,1.0,1.0,0.0,0.0,2.0,3.0,3.0,0.0,1.0
0.0,0.0,1.0,1.0,1.0,2.0,0.0,1.0,1.0,2.0,1.0,3.0,185.14700729001697,1.0
0.0,0.0,1.0,1.0,1.0,1.0,1.0,0.0,0.0,1.0,3.0,3.0,12.991943499873916,1.0
1.0,0.0,1.0,1.0,3.0,3.0,0.0,1.0,0.0,2.0,3.0,3.0,233.6035641261747,1.0
0.0,0.0,1.0,2.0,1.0,2.0,1.0,1.0,0.0,3.0,1.0,3.0,338.2471211156911,0.0
0.0,0.0,1.0,1.0,1.0,2.0,1.0,0.0,0.0,3.0,2.0,3.0,300.8024050130265,0.0
0.0,0.0,1.0,1.0,1.0,1.0,1.0,1.0,0.0,1.0,3.0,3.0,92.94559986405676,1.0
0.0,0.0,1.0,1.0,1.0,1.0,1.0,1.0,1.0,1.0,2.0,3.0,0.0,1.0
0.0,0.0,1.0,1.0,1.0,2.0,1.0,1.0,1.0,1.0,5.0,3.0,36.57421919959653,1.0
0.0,0.0,1.0,1.0,1.0,1.0,0.0,0.0,0.0,3.0,1.0,3.0,774.3385541943246,0.0
0.0,0.0,1.0,2.0,3.0,3.0,0.0,0.0,0.0,3.0,1.0,3.0,44.65980578081657,1.0
0.0,0.0,1.0,3.0,1.0,2.0,1.0,1.0,0.0,1.0,2.0,3.0,259.3376135234375,1.0
0.0,0.0,1.0,1.0,2.0,3.0,1.0,1.0,0.0,1.0,2.0,3.0,7.145568924930653,0.0
1.0,0.0,1.0,1.0,1.0,3.0,1.0,1.0,1.0,1.0,2.0,3.0,0.0,1.0
1.0,1.0,1.0,1.0,3.0,3.0,1.0,0.0,0.0,3.0,2.0,3.0,226.22185393382583,1.0
1.0,0.0,1.0,1.0,1.0,1.0,0.0,1.0,1.0,2.0,3.0,3.0,83.36497079085758,1.0
0.0,0.0,1.0,1.0,3.0,3.0,0.0,0.0,0.0,2.0,6.0,2.0,377.036423223043,1.0
0.0,0.0,1.0,1.0,1.0,1.0,1.0,0.0,0.0,3.0,1.0,3.0,659.8137406403251,0.0
0.0,0.0,1.0,2.0,1.0,1.0,1.0,1.0,0.0,2.0,3.0,3.0,416.91527567932644,0.0
0.0,0.0,1.0,2.0,1.0,3.0,1.0,1.0,0.0,2.0,3.0,3.0,0.0,1.0
1.0,0.0,1.0,1.0,1.0,2.0,0.0,0.0,0.0,2.0,3.0,3.0,268.1684431608026,1.0
0.0,0.0,1.0,1.0,1.0,1.0,1.0,0.0,0.0,1.0,3.0,3.0,551.4157689637003,0.0
0.0,1.0,1.0,1.0,1.0,3.0,1.0,0.0,0.0,1.0,5.0,3.0,277.07901557996917,1.0
0.0,0.0,1.0,1.0,3.0,2.0,0.0,0.0,0.0,3.0,1.0,3.0,458.75480056434276,1.0
0.0,0.0,1.0,1.0,3.0,2.0,1.0,0.0,0.0,3.0,2.0,3.0,666.5961288660452,1.0
1.0,0.0,1.0,1.0,3.0,3.0,1.0,0.0,0.0,1.0,5.0,3.0,458.5705497450262,1.0
0.0,0.0,1.0,1.0,2.0,1.0,0.0,0.0,0.0,3.0,1.0,3.0,199.64187600371417,1.0
1.0,0.0,1.0,1.0,1.0,1.0,1.0,0.0,0.0,1.0,2.0,3.0,171.6920652507105,1.0
1.0,1.0,1.0,1.0,1.0,3.0,0.0,0.0,0.0,3.0,2.0,3.0,96.42950519001207,0.0
1.0,1.0,1.0,3.0,1.0,1.0,0.0,0.0,0.0,3.0,2.0,3.0,137.51251679371575,1.0
1.0,1.0,1.0,1.0,1.0,1.0,1.0,1.0,1.0,1.0,2.0,3.0,108.26619583228265,0.0
0.0,0.0,1.0,1.0,1.0,1.0,1.0,1.0,1.0,1.0,2.0,3.0,147.27985282150115,1.0
0.0,0.0,1.0,1.0,1.0,1.0,1.0,1.0,1.0,1.0,2.0,3.0,234.21977611212625,1.0
1.0,0.0,1.0,2.0,1.0,1.0,1.0,1.0,0.0,1.0,1.0,3.0,192.97294571139446,0.0
1.0,0.0,1.0,2.0,1.0,2.0,1.0,1.0,0.0,1.0,2.0,3.0,211.7671236628414,0.0
1.0,1.0,1.0,1.0,3.0,3.0,1.0,1.0,1.0,1.0,2.0,3.0,226.22185393382583,0.0
1.0,1.0,1.0,1.0,1.0,2.0,1.0,1.0,1.0,1.0,2.0,3.0,515.3716012436962,1.0
0.0,0.0,1.0,1.0,1.0,1.0,1.0,0.0,0.0,3.0,2.0,3.0,77.08553143258523,1.0
0.0,1.0,1.0,1.0,3.0,3.0,0.0,0.0,0.0,3.0,2.0,3.0,377.036423223043,1.0
0.0,0.0,1.0,1.0,3.0,3.0,1.0,0.0,0.0,1.0,2.0,3.0,383.26705826638744,0.0
1.0,0.0,1.0,1.0,1.0,1.0,1.0,0.0,0.0,3.0,1.0,2.0,247.1190882453721,1.0
0.0,0.0,1.0,2.0,1.0,2.0,1.0,0.0,0.0,1.0,2.0,3.0,52.55545746505888,0.0
1.0,0.0,1.0,1.0,1.0,2.0,1.0,0.0,0.0,3.0,2.0,3.0,383.35853584463587,0.0
0.0,0.0,1.0,1.0,1.0,1.0,0.0,0.0,0.0,2.0,3.0,3.0,414.7400655453472,1.0
0.0,0.0,1.0,2.0,1.0,1.0,0.0,0.0,0.0,2.0,2.0,3.0,49.26111910368859,0.0
1.0,0.0,1.0,2.0,1.0,1.0,0.0,0.0,0.0,2.0,2.0,3.0,0.0,1.0
0.0,0.0,1.0,1.0,1.0,2.0,0.0,0.0,0.0,2.0,2.0,3.0,317.3661418557017,1.0
1.0,0.0,1.0,1.0,1.0,1.0,0.0,0.0,0.0,2.0,2.0,3.0,48.28672334119805,0.0
0.0,0.0,1.0,1.0,3.0,3.0,0.0,0.0,0.0,2.0,2.0,3.0,173.9047993880393,0.0
1.0,0.0,1.0,3.0,1.0,1.0,1.0,0.0,0.0,1.0,2.0,3.0,144.45362840262996,1.0
1.0,0.0,1.0,1.0,3.0,3.0,0.0,0.0,1.0,3.0,1.0,3.0,240.33032210891335,1.0
0.0,0.0,1.0,1.0,1.0,1.0,1.0,0.0,0.0,2.0,1.0,3.0,248.2662206139197,0.0
0.0,0.0,1.0,1.0,1.0,1.0,0.0,0.0,0.0,3.0,1.0,3.0,168.3049640619786,0.0
1.0,0.0,1.0,1.0,3.0,2.0,0.0,0.0,0.0,3.0,1.0,3.0,232.95370438915916,0.0
1.0,0.0,1.0,1.0,3.0,2.0,0.0,1.0,1.0,2.0,2.0,3.0,216.83072571214169,1.0
1.0,0.0,1.0,1.0,3.0,2.0,1.0,0.0,0.0,3.0,1.0,3.0,8.7137181387558,1.0
0.0,0.0,1.0,2.0,1.0,1.0,1.0,0.0,0.0,3.0,2.0,3.0,0.0,0.0
0.0,0.0,1.0,1.0,2.0,2.0,1.0,0.0,0.0,1.0,1.0,3.0,222.3590112477935,1.0
0.0,0.0,1.0,1.0,1.0,3.0,1.0,1.0,1.0,1.0,2.0,3.0,471.29552902880386,1.0
0.0,0.0,1.0,1.0,1.0,2.0,1.0,0.0,1.0,1.0,1.0,3.0,218.62382749157973,1.0
0.0,0.0,1.0,1.0,3.0,3.0,1.0,0.0,0.0,1.0,1.0,3.0,142.53736609298994,1.0
1.0,0.0,1.0,1.0,3.0,2.0,1.0,0.0,0.0,1.0,3.0,3.0,408.047632225201,0.0
1.0,0.0,1.0,1.0,1.0,1.0,1.0,1.0,0.0,1.0,2.0,3.0,0.0,0.0
0.0,0.0,1.0,1.0,1.0,1.0,1.0,0.0,0.0,3.0,1.0,3.0,244.16465101246882,1.0
0.0,0.0,1.0,3.0,1.0,3.0,1.0,1.0,1.0,3.0,1.0,3.0,640.9619194791729,0.0
0.0,0.0,1.0,1.0,3.0,3.0,1.0,1.0,0.0,3.0,1.0,3.0,58.46374574943262,0.0
0.0,1.0,1.0,1.0,2.0,3.0,1.0,1.0,0.0,3.0,2.0,3.0,122.62446061265084,1.0
0.0,0.0,1.0,1.0,1.0,2.0,1.0,0.0,0.0,3.0,1.0,3.0,131.23239056769646,1.0
1.0,0.0,1.0,1.0,1.0,2.0,0.0,0.0,0.0,3.0,3.0,3.0,30.0,0.0
1.0,0.0,1.0,2.0,1.0,2.0,0.0,0.0,0.0,3.0,1.0,3.0,302.4210472023951,1.0
0.0,0.0,1.0,3.0,3.0,3.0,0.0,0.0,0.0,3.0,3.0,3.0,67.5600823858014,1.0
0.0,0.0,1.0,2.0,1.0,2.0,1.0,0.0,0.0,1.0,2.0,2.0,255.15513202389963,1.0
0.0,0.0,1.0,1.0,1.0,3.0,1.0,1.0,0.0,1.0,2.0,3.0,306.9558228194434,1.0
0.0,0.0,1.0,3.0,2.0,1.0,0.0,0.0,0.0,3.0,1.0,3.0,448.28357413055517,0.0
0.0,0.0,1.0,1.0,1.0,2.0,1.0,0.0,0.0,2.0,2.0,3.0,162.06402127557732,0.0
0.0,1.0,1.0,2.0,1.0,3.0,0.0,0.0,0.0,3.0,3.0,3.0,221.25089963433663,0.0
1.0,0.0,1.0,1.0,1.0,1.0,1.0,1.0,0.0,1.0,2.0,3.0,17.430857528997503,1.0
1.0,0.0,1.0,1.0,1.0,1.0,1.0,1.0,1.0,1.0,2.0,3.0,102.87995258962655,1.0
1.0,0.0,1.0,1.0,3.0,2.0,1.0,1.0,1.0,1.0,2.0,3.0,30.0,0.0
0.0,0.0,1.0,1.0,1.0,1.0,1.0,1.0,0.0,1.0,2.0,3.0,435.7211920496309,1.0
0.0,0.0,1.0,1.0,1.0,2.0,1.0,0.0,0.0,1.0,2.0,3.0,135.61613514696865,1.0
1.0,0.0,1.0,2.0,3.0,2.0,0.0,0.0,0.0,2.0,4.0,3.0,113.52983119718301,1.0
0.0,1.0,1.0,1.0,1.0,3.0,0.0,0.0,0.0,2.0,4.0,3.0,307.3206361658017,1.0
1.0,0.0,1.0,1.0,1.0,2.0,0.0,0.0,0.0,3.0,4.0,3.0,30.0,0.0
0.0,0.0,1.0,1.0,1.0,2.0,0.0,0.0,0.0,2.0,6.0,3.0,30.0,0.0
0.0,0.0,1.0,1.0,1.0,1.0,1.0,1.0,0.0,1.0,2.0,3.0,0.0,1.0
1.0,0.0,1.0,1.0,1.0,2.0,1.0,1.0,1.0,1.0,2.0,3.0,398.7416219121361,0.0
0.0,0.0,1.0,1.0,1.0,2.0,0.0,0.0,0.0,3.0,1.0,3.0,55.983886999747824,0.0
0.0,0.0,1.0,1.0,2.0,3.0,1.0,0.0,0.0,2.0,1.0,3.0,339.33278090073867,1.0
0.0,1.0,1.0,3.0,1.0,3.0,1.0,0.0,0.0,2.0,6.0,3.0,472.8145365642689,1.0
1.0,0.0,1.0,1.0,3.0,3.0,1.0,0.0,0.0,2.0,1.0,3.0,105.38707732041897,1.0
0.0,0.0,1.0,1.0,1.0,1.0,1.0,0.0,0.0,2.0,1.0,3.0,379.22567679514185,1.0
0.0,0.0,1.0,1.0,3.0,2.0,0.0,0.0,0.0,3.0,1.0,3.0,370.2082649027297,0.0
0.0,0.0,1.0,1.0,1.0,1.0,1.0,1.0,0.0,1.0,2.0,3.0,0.0,1.0
0.0,1.0,1.0,2.0,1.0,1.0,1.0,1.0,0.0,1.0,2.0,3.0,0.0,0.0
1.0,1.0,1.0,1.0,1.0,3.0,1.0,1.0,1.0,1.0,2.0,3.0,200.14838823453255,0.0
0.0,0.0,1.0,2.0,1.0,1.0,0.0,0.0,0.0,3.0,1.0,3.0,42.28246056399938,1.0
1.0,0.0,1.0,1.0,1.0,1.0,0.0,0.0,0.0,3.0,2.0,3.0,375.8658730757654,0.0
0.0,0.0,1.0,1.0,1.0,1.0,1.0,0.0,0.0,3.0,1.0,3.0,1696.6639045036932,1.0
0.0,0.0,1.0,1.0,1.0,2.0,1.0,0.0,0.0,3.0,2.0,3.0,383.66016498321443,0.0
1.0,1.0,1.0,1.0,1.0,3.0,1.0,0.0,0.0,3.0,2.0,3.0,0.0,1.0
0.0,0.0,1.0,1.0,3.0,3.0,0.0,0.0,0.0,3.0,3.0,3.0,136.0031933420408,1.0
0.0,0.0,1.0,1.0,1.0,1.0,1.0,0.0,0.0,2.0,1.0,3.0,320.45937191504987,1.0
1.0,0.0,1.0,2.0,3.0,2.0,0.0,0.0,0.0,3.0,1.0,3.0,267.9496943101983,0.0
0.0,0.0,1.0,1.0,1.0,1.0,1.0,1.0,1.0,2.0,1.0,3.0,378.8898688845,1.0
0.0,1.0,1.0,1.0,1.0,3.0,1.0,0.0,0.0,2.0,2.0,3.0,0.0,0.0
1.0,0.0,1.0,1.0,1.0,1.0,1.0,1.0,0.0,1.0,2.0,3.0,121.79419402203227,1.0
0.0,0.0,1.0,1.0,1.0,1.0,1.0,1.0,0.0,1.0,2.0,3.0,0.0,0.0
0.0,0.0,1.0,1.0,1.0,1.0,1.0,1.0,0.0,1.0,2.0,3.0,52.32761130840248,0.0
0.0,0.0,1.0,1.0,1.0,1.0,1.0,0.0,0.0,2.0,6.0,3.0,278.53026062325995,1.0
1.0,1.0,1.0,1.0,3.0,3.0,1.0,1.0,1.0,1.0,2.0,3.0,399.31693484518246,1.0
1.0,0.0,1.0,1.0,1.0,1.0,1.0,1.0,0.0,1.0,3.0,3.0,203.6291212312885,1.0
1.0,0.0,1.0,1.0,1.0,1.0,1.0,1.0,0.0,2.0,2.0,3.0,586.7118889935881,1.0
0.0,0.0,1.0,1.0,1.0,1.0,1.0,1.0,1.0,2.0,2.0,3.0,579.3721986420917,1.0
0.0,0.0,1.0,1.0,3.0,3.0,1.0,1.0,1.0,2.0,2.0,3.0,216.34137801095875,0.0
0.0,0.0,1.0,2.0,1.0,1.0,0.0,0.0,0.0,3.0,1.0,3.0,469.8816424417173,1.0
0.0,0.0,1.0,1.0,1.0,3.0,0.0,0.0,0.0,3.0,2.0,3.0,197.45166902587175,1.0
1.0,0.0,1.0,1.0,1.0,1.0,1.0,0.0,0.0,3.0,4.0,3.0,480.0972108059205,1.0
1.0,0.0,1.0,1.0,1.0,1.0,1.0,0.0,0.0,1.0,3.0,3.0,0.0,0.0
0.0,0.0,1.0,1.0,1.0,3.0,1.0,1.0,0.0,1.0,2.0,3.0,245.073675094978,1.0
0.0,0.0,1.0,2.0,1.0,1.0,1.0,1.0,1.0,2.0,2.0,3.0,0.0,0.0
0.0,0.0,1.0,1.0,1.0,1.0,1.0,1.0,0.0,1.0,1.0,3.0,403.1833132794206,1.0
1.0,0.0,1.0,1.0,2.0,2.0,0.0,1.0,0.0,2.0,1.0,3.0,176.97857438466684,0.0
1.0,1.0,1.0,1.0,1.0,3.0,0.0,1.0,1.0,3.0,1.0,3.0,301.62913857843427,1.0
1.0,0.0,1.0,1.0,2.0,3.0,1.0,1.0,0.0,1.0,3.0,3.0,40.2832027354112,1.0
0.0,0.0,1.0,2.0,1.0,1.0,1.0,1.0,0.0,1.0,2.0,3.0,0.0,1.0
0.0,0.0,1.0,1.0,1.0,1.0,1.0,1.0,0.0,1.0,2.0,3.0,207.5990392421695,0.0
1.0,0.0,1.0,2.0,1.0,1.0,1.0,1.0,0.0,1.0,1.0,3.0,601.3626431772916,1.0
0.0,0.0,1.0,1.0,1.0,1.0,0.0,0.0,1.0,3.0,1.0,3.0,241.83729179546663,1.0
1.0,0.0,1.0,1.0,1.0,3.0,1.0,1.0,1.0,1.0,2.0,3.0,0.0,1.0
1.0,0.0,1.0,1.0,1.0,1.0,1.0,1.0,1.0,1.0,2.0,3.0,0.0,0.0
1.0,0.0,1.0,1.0,1.0,1.0,1.0,0.0,0.0,1.0,2.0,3.0,130.46375849427451,1.0
0.0,0.0,1.0,1.0,1.0,1.0,0.0,0.0,0.0,3.0,3.0,3.0,279.92911110999637,1.0
1.0,0.0,1.0,1.0,3.0,2.0,1.0,0.0,0.0,3.0,1.0,3.0,351.2994199457755,1.0
0.0,0.0,1.0,1.0,1.0,3.0,0.0,0.0,0.0,3.0,2.0,3.0,32.47985874968479,0.0
0.0,1.0,1.0,1.0,1.0,1.0,1.0,1.0,1.0,2.0,3.0,3.0,44.60567268290043,0.0
1.0,0.0,1.0,1.0,1.0,1.0,1.0,1.0,0.0,2.0,3.0,3.0,165.4247306891101,1.0
1.0,0.0,1.0,1.0,1.0,1.0,1.0,1.0,0.0,2.0,3.0,3.0,0.0,0.0
1.0,1.0,1.0,1.0,3.0,3.0,0.0,1.0,1.0,3.0,2.0,3.0,329.2390529031148,1.0
1.0,0.0,1.0,1.0,1.0,2.0,1.0,0.0,0.0,3.0,1.0,3.0,0.0,1.0
0.0,0.0,1.0,1.0,1.0,2.0,1.0,0.0,0.0,3.0,3.0,3.0,0.0,1.0
0.0,0.0,1.0,1.0,3.0,2.0,1.0,1.0,1.0,1.0,6.0,3.0,240.8317799709564,1.0
0.0,0.0,1.0,3.0,1.0,2.0,1.0,1.0,1.0,1.0,3.0,3.0,523.3946393138201,0.0
1.0,0.0,1.0,1.0,1.0,1.0,0.0,0.0,0.0,2.0,1.0,3.0,208.98518598168187,1.0
0.0,0.0,1.0,1.0,1.0,1.0,0.0,0.0,1.0,2.0,1.0,3.0,229.79948942858076,1.0
0.0,0.0,1.0,1.0,1.0,1.0,1.0,0.0,0.0,2.0,2.0,3.0,0.0,0.0
0.0,0.0,1.0,1.0,1.0,1.0,1.0,0.0,0.0,3.0,1.0,3.0,320.45937191504987,1.0
1.0,0.0,1.0,1.0,3.0,2.0,1.0,0.0,0.0,2.0,1.0,3.0,115.69743477834083,0.0
0.0,0.0,1.0,2.0,1.0,1.0,0.0,0.0,0.0,3.0,1.0,2.0,340.3878539323649,1.0
1.0,1.0,1.0,2.0,3.0,3.0,1.0,1.0,1.0,2.0,1.0,3.0,310.4022949608364,0.0
1.0,0.0,1.0,2.0,1.0,3.0,0.0,0.0,0.0,3.0,2.0,3.0,208.95651736833915,1.0
0.0,0.0,1.0,3.0,1.0,2.0,0.0,0.0,0.0,3.0,3.0,3.0,206.32162816797575,1.0
1.0,1.0,1.0,1.0,1.0,2.0,0.0,1.0,1.0,2.0,2.0,3.0,187.6679012808405,1.0
0.0,0.0,1.0,2.0,1.0,1.0,1.0,0.0,0.0,2.0,3.0,3.0,570.5032378893667,0.0
0.0,0.0,1.0,2.0,1.0,3.0,1.0,1.0,0.0,1.0,2.0,3.0,411.8644329494649,0.0
1.0,0.0,1.0,1.0,1.0,1.0,1.0,1.0,0.0,1.0,2.0,3.0,105.85147431253955,0.0
1.0,0.0,1.0,1.0,1.0,2.0,1.0,1.0,1.0,1.0,2.0,3.0,5.420621348857203,1.0
1.0,0.0,1.0,1.0,1.0,1.0,1.0,1.0,0.0,1.0,2.0,3.0,349.3982760464158,1.0
0.0,0.0,1.0,2.0,1.0,3.0,1.0,1.0,0.0,1.0,2.0,3.0,245.073675094978,0.0
0.0,0.0,1.0,1.0,3.0,2.0,1.0,1.0,0.0,1.0,2.0,3.0,0.0,1.0
0.0,0.0,1.0,2.0,1.0,2.0,1.0,0.0,0.0,1.0,2.0,3.0,0.0,1.0
0.0,0.0,1.0,1.0,1.0,2.0,1.0,0.0,0.0,1.0,2.0,3.0,57.980218891409876,0.0
1.0,0.0,1.0,1.0,1.0,1.0,1.0,1.0,0.0,1.0,2.0,3.0,61.580139525078195,1.0
1.0,0.0,1.0,1.0,1.0,1.0,1.0,0.0,0.0,3.0,2.0,3.0,45.4745238637608,1.0
1.0,1.0,1.0,1.0,1.0,1.0,1.0,1.0,1.0,1.0,3.0,3.0,212.46158270127137,0.0
1.0,1.0,1.0,2.0,1.0,2.0,0.0,0.0,1.0,2.0,1.0,3.0,390.8882443841951,1.0
0.0,0.0,1.0,1.0,1.0,2.0,1.0,0.0,0.0,3.0,1.0,3.0,553.2274432789668,0.0
0.0,0.0,1.0,1.0,1.0,2.0,1.0,1.0,0.0,1.0,2.0,3.0,88.46981573520398,1.0
0.0,0.0,1.0,1.0,3.0,2.0,0.0,0.0,0.0,3.0,1.0,3.0,289.0884101139735,1.0
1.0,1.0,1.0,2.0,2.0,2.0,0.0,1.0,1.0,2.0,3.0,3.0,95.52711636718462,1.0
1.0,0.0,1.0,1.0,3.0,2.0,0.0,0.0,0.0,2.0,4.0,3.0,30.0,0.0
1.0,0.0,1.0,1.0,1.0,1.0,1.0,1.0,0.0,1.0,2.0,3.0,123.33383760944572,1.0
1.0,0.0,1.0,1.0,2.0,3.0,1.0,1.0,0.0,1.0,2.0,3.0,225.77975202503092,0.0
1.0,0.0,1.0,1.0,3.0,3.0,1.0,0.0,0.0,3.0,1.0,3.0,64.95971749936956,1.0
1.0,0.0,1.0,1.0,1.0,1.0,1.0,0.0,0.0,3.0,2.0,3.0,114.86161371686183,1.0
1.0,1.0,1.0,2.0,1.0,1.0,1.0,0.0,0.0,3.0,2.0,3.0,44.533495219012245,1.0
0.0,0.0,1.0,1.0,2.0,2.0,1.0,0.0,0.0,1.0,2.0,3.0,45.64151310055019,1.0
0.0,0.0,1.0,1.0,1.0,1.0,1.0,0.0,1.0,1.0,3.0,3.0,122.80747678453162,1.0
0.0,0.0,1.0,1.0,1.0,3.0,0.0,0.0,0.0,2.0,2.0,3.0,288.9285719554107,0.0
1.0,0.0,1.0,1.0,1.0,1.0,1.0,1.0,1.0,1.0,2.0,2.0,0.0,1.0
1.0,0.0,1.0,1.0,1.0,2.0,0.0,0.0,0.0,2.0,2.0,3.0,145.321990124457,1.0
1.0,1.0,1.0,1.0,3.0,2.0,1.0,1.0,1.0,1.0,2.0,3.0,159.91943499873912,0.0
1.0,0.0,1.0,1.0,1.0,1.0,1.0,1.0,0.0,1.0,2.0,3.0,39.95022626211229,1.0
0.0,1.0,1.0,2.0,1.0,2.0,1.0,1.0,0.0,1.0,2.0,3.0,193.611224661175,0.0
0.0,0.0,1.0,1.0,1.0,2.0,0.0,0.0,0.0,3.0,3.0,3.0,277.7017169317912,1.0
1.0,0.0,1.0,1.0,1.0,2.0,0.0,0.0,0.0,2.0,2.0,3.0,0.0,1.0
0.0,0.0,1.0,1.0,1.0,1.0,1.0,1.0,0.0,2.0,1.0,3.0,63.90639902679294,1.0
0.0,0.0,1.0,1.0,1.0,1.0,1.0,1.0,0.0,2.0,1.0,3.0,382.1894669963132,0.0
0.0,1.0,1.0,1.0,3.0,3.0,0.0,0.0,0.0,2.0,2.0,3.0,0.0,1.0
0.0,0.0,1.0,1.0,1.0,1.0,1.0,0.0,0.0,3.0,2.0,3.0,19.365431962300185,1.0
1.0,0.0,1.0,1.0,1.0,2.0,0.0,0.0,0.0,2.0,1.0,3.0,178.39006401172765,0.0
1.0,0.0,1.0,1.0,3.0,3.0,1.0,1.0,1.0,1.0,2.0,3.0,32.47985874968479,1.0
1.0,1.0,1.0,1.0,1.0,3.0,1.0,1.0,0.0,1.0,2.0,3.0,200.26406597134482,1.0
0.0,1.0,1.0,1.0,1.0,3.0,0.0,0.0,0.0,3.0,2.0,3.0,90.9436044991174,1.0
1.0,0.0,1.0,1.0,1.0,1.0,1.0,1.0,0.0,1.0,2.0,3.0,43.91128221684126,0.0
1.0,0.0,1.0,1.0,1.0,1.0,1.0,1.0,0.0,1.0,2.0,3.0,271.46622472059096,1.0
1.0,0.0,1.0,1.0,2.0,2.0,1.0,0.0,0.0,2.0,3.0,3.0,273.0113541809755,1.0
0.0,0.0,1.0,2.0,1.0,2.0,1.0,0.0,0.0,1.0,2.0,3.0,203.9047993880393,0.0
1.0,1.0,1.0,2.0,3.0,2.0,1.0,1.0,1.0,1.0,2.0,3.0,397.5588887950644,1.0
0.0,0.0,1.0,1.0,1.0,2.0,1.0,1.0,0.0,1.0,2.0,3.0,352.465872444459,1.0
0.0,0.0,1.0,1.0,1.0,1.0,0.0,1.0,0.0,3.0,3.0,3.0,0.0,1.0
0.0,0.0,1.0,1.0,3.0,3.0,1.0,0.0,0.0,2.0,2.0,3.0,64.95971749936956,0.0
1.0,1.0,1.0,1.0,1.0,1.0,0.0,1.0,0.0,3.0,2.0,3.0,97.90555086403222,0.0
0.0,0.0,1.0,1.0,1.0,3.0,1.0,1.0,1.0,1.0,3.0,3.0,79.15648074090154,1.0
1.0,1.0,1.0,1.0,1.0,3.0,1.0,0.0,0.0,3.0,4.0,3.0,408.0309621141033,1.0
0.0,0.0,1.0,2.0,1.0,1.0,0.0,0.0,0.0,3.0,1.0,3.0,276.4643618483248,1.0
0.0,1.0,1.0,2.0,1.0,2.0,1.0,1.0,0.0,1.0,2.0,3.0,0.0,1.0
1.0,1.0,1.0,1.0,3.0,3.0,1.0,1.0,1.0,1.0,2.0,3.0,425.86476589083924,0.0
0.0,1.0,1.0,3.0,1.0,3.0,1.0,0.0,0.0,1.0,2.0,3.0,0.0,0.0
0.0,0.0,1.0,1.0,1.0,1.0,0.0,0.0,0.0,3.0,2.0,3.0,0.0,1.0
1.0,1.0,1.0,1.0,1.0,2.0,1.0,1.0,1.0,1.0,2.0,3.0,552.9725036617925,0.0
1.0,0.0,1.0,1.0,1.0,1.0,1.0,0.0,0.0,1.0,1.0,3.0,260.25726249281564,1.0
0.0,0.0,1.0,1.0,3.0,2.0,1.0,0.0,0.0,1.0,2.0,3.0,210.26179689000912,1.0
0.0,0.0,1.0,1.0,1.0,1.0,1.0,0.0,0.0,1.0,2.0,3.0,237.21298857429468,0.0
0.0,0.0,1.0,1.0,1.0,2.0,1.0,0.0,0.0,1.0,3.0,3.0,298.8539453780149,1.0
1.0,0.0,1.0,1.0,1.0,3.0,1.0,0.0,0.0,1.0,3.0,3.0,0.0,0.0
0.0,0.0,1.0,1.0,1.0,1.0,1.0,1.0,0.0,1.0,2.0,3.0,182.3085767060686,0.0
0.0,0.0,1.0,1.0,1.0,1.0,1.0,1.0,0.0,1.0,3.0,3.0,415.90651803948134,1.0
0.0,0.0,1.0,1.0,1.0,1.0,1.0,1.0,0.0,1.0,3.0,3.0,138.03131463234416,1.0
0.0,0.0,1.0,3.0,2.0,3.0,1.0,1.0,0.0,1.0,1.0,3.0,514.6872161203615,1.0
1.0,0.0,1.0,1.0,3.0,2.0,1.0,1.0,0.0,1.0,4.0,3.0,240.9469894391548,0.0
1.0,0.0,1.0,1.0,1.0,3.0,0.0,0.0,0.0,3.0,3.0,3.0,0.0,1.0
0.0,0.0,1.0,3.0,1.0,2.0,1.0,0.0,0.0,1.0,2.0,3.0,30.0,0.0
0.0,0.0,1.0,1.0,1.0,2.0,1.0,0.0,0.0,1.0,2.0,3.0,239.209729539312,1.0
0.0,0.0,1.0,1.0,1.0,1.0,0.0,1.0,0.0,2.0,3.0,3.0,52.039951463383844,1.0
1.0,0.0,1.0,1.0,1.0,1.0,0.0,1.0,0.0,2.0,3.0,3.0,41.14115441626739,1.0
1.0,0.0,1.0,1.0,3.0,1.0,0.0,1.0,0.0,2.0,3.0,3.0,0.0,0.0
0.0,0.0,1.0,1.0,1.0,1.0,0.0,1.0,0.0,2.0,3.0,3.0,1.8845258618061036,0.0
0.0,0.0,1.0,2.0,1.0,2.0,1.0,1.0,0.0,1.0,2.0,3.0,32.526211236086596,0.0
1.0,0.0,1.0,1.0,1.0,1.0,1.0,1.0,0.0,1.0,1.0,3.0,277.88962000445656,1.0
1.0,0.0,1.0,1.0,1.0,2.0,0.0,0.0,0.0,3.0,2.0,3.0,175.6956613387745,1.0
1.0,0.0,1.0,1.0,3.0,3.0,1.0,0.0,0.0,2.0,1.0,3.0,181.587768069599,1.0
1.0,1.0,1.0,1.0,1.0,2.0,1.0,0.0,0.0,1.0,3.0,2.0,526.3245460881483,1.0
1.0,0.0,1.0,1.0,3.0,2.0,1.0,0.0,0.0,2.0,2.0,2.0,0.0,1.0
1.0,0.0,1.0,1.0,1.0,1.0,1.0,0.0,0.0,2.0,3.0,3.0,149.21430463646522,0.0
1.0,1.0,1.0,1.0,3.0,3.0,1.0,1.0,1.0,2.0,3.0,3.0,255.56235210633932,1.0
0.0,0.0,1.0,2.0,1.0,2.0,1.0,0.0,0.0,1.0,3.0,3.0,0.0,1.0
0.0,0.0,1.0,1.0,1.0,1.0,0.0,0.0,0.0,3.0,1.0,3.0,348.20842732168273,0.0
1.0,1.0,1.0,2.0,1.0,3.0,0.0,1.0,1.0,2.0,2.0,3.0,0.0,1.0
0.0,0.0,1.0,1.0,1.0,2.0,0.0,1.0,0.0,2.0,2.0,3.0,0.0,1.0
0.0,1.0,1.0,2.0,1.0,2.0,0.0,1.0,0.0,2.0,2.0,3.0,30.0,0.0
0.0,0.0,1.0,2.0,1.0,2.0,1.0,0.0,0.0,2.0,3.0,3.0,22.90606085322694,1.0
0.0,0.0,1.0,2.0,1.0,1.0,1.0,1.0,0.0,1.0,2.0,3.0,161.14865170719668,1.0
1.0,1.0,1.0,3.0,1.0,2.0,1.0,1.0,1.0,1.0,2.0,3.0,349.611646507966,0.0
1.0,0.0,1.0,2.0,1.0,2.0,1.0,1.0,1.0,1.0,3.0,3.0,0.0,1.0
1.0,1.0,1.0,1.0,1.0,1.0,1.0,1.0,1.0,1.0,3.0,3.0,51.606886680054714,1.0
1.0,1.0,1.0,1.0,1.0,1.0,1.0,0.0,0.0,3.0,1.0,3.0,329.8186697537564,0.0
1.0,0.0,1.0,1.0,1.0,2.0,1.0,0.0,0.0,1.0,2.0,3.0,289.3221416217741,1.0
0.0,0.0,1.0,3.0,2.0,3.0,1.0,0.0,0.0,1.0,2.0,3.0,183.37316253603285,1.0
1.0,1.0,1.0,1.0,1.0,3.0,1.0,0.0,1.0,3.0,1.0,3.0,280.0631675737611,1.0
0.0,0.0,1.0,1.0,1.0,1.0,0.0,0.0,0.0,2.0,1.0,3.0,10.393554799899132,1.0
0.0,0.0,1.0,1.0,3.0,3.0,0.0,0.0,0.0,2.0,2.0,3.0,105.53016438596697,1.0
1.0,0.0,1.0,1.0,1.0,3.0,0.0,0.0,0.0,2.0,2.0,3.0,0.0,1.0
1.0,1.0,1.0,1.0,1.0,2.0,0.0,0.0,0.0,3.0,2.0,3.0,240.0081546742191,1.0
0.0,0.0,1.0,3.0,1.0,2.0,1.0,1.0,1.0,1.0,2.0,3.0,32.89316854129891,1.0
0.0,0.0,1.0,1.0,1.0,1.0,1.0,0.0,0.0,2.0,1.0,3.0,301.9174704338344,0.0
1.0,0.0,1.0,1.0,3.0,2.0,1.0,0.0,0.0,3.0,1.0,3.0,148.59133817501674,1.0
1.0,0.0,1.0,1.0,1.0,2.0,1.0,1.0,0.0,1.0,2.0,3.0,100.3730272909837,0.0
1.0,1.0,1.0,1.0,1.0,3.0,1.0,1.0,1.0,1.0,2.0,3.0,629.4028555106366,0.0
0.0,0.0,1.0,1.0,1.0,1.0,1.0,1.0,0.0,1.0,2.0,3.0,299.34836641756016,1.0
0.0,0.0,1.0,1.0,3.0,3.0,1.0,0.0,0.0,2.0,3.0,3.0,652.7338128887297,1.0
1.0,1.0,1.0,1.0,1.0,3.0,1.0,0.0,0.0,2.0,3.0,3.0,415.02989365893427,1.0
1.0,0.0,1.0,1.0,1.0,2.0,1.0,0.0,0.0,2.0,3.0,3.0,59.23187287471631,0.0
1.0,0.0,1.0,1.0,1.0,1.0,1.0,1.0,0.0,1.0,3.0,3.0,258.78452671134477,1.0
0.0,0.0,1.0,1.0,1.0,3.0,1.0,0.0,0.0,2.0,2.0,3.0,192.94392180594753,1.0
0.0,0.0,1.0,2.0,1.0,3.0,0.0,0.0,0.0,3.0,2.0,3.0,296.0558119577839,0.0
1.0,0.0,1.0,2.0,2.0,3.0,0.0,0.0,1.0,3.0,1.0,3.0,200.09180599546195,1.0
1.0,0.0,1.0,1.0,3.0,2.0,1.0,0.0,0.0,2.0,2.0,3.0,0.0,1.0
0.0,0.0,1.0,1.0,1.0,1.0,1.0,1.0,1.0,2.0,1.0,3.0,424.02384868093384,1.0
1.0,0.0,1.0,1.0,1.0,2.0,1.0,0.0,0.0,3.0,1.0,3.0,450.23519347275885,0.0
0.0,0.0,1.0,2.0,1.0,2.0,1.0,0.0,0.0,1.0,2.0,3.0,0.0,1.0
0.0,0.0,1.0,2.0,1.0,1.0,1.0,1.0,0.0,3.0,2.0,3.0,0.0,0.0
0.0,0.0,1.0,1.0,1.0,3.0,0.0,0.0,0.0,3.0,4.0,3.0,693.026777727273,0.0
1.0,0.0,1.0,1.0,1.0,2.0,1.0,1.0,1.0,1.0,3.0,3.0,115.63871934526787,1.0
0.0,0.0,1.0,1.0,1.0,1.0,1.0,1.0,0.0,1.0,3.0,3.0,234.21977611212625,1.0
1.0,1.0,1.0,1.0,1.0,1.0,0.0,0.0,0.0,3.0,3.0,3.0,140.66255804273658,1.0
0.0,0.0,1.0,2.0,2.0,2.0,1.0,0.0,0.0,1.0,2.0,3.0,235.2893919007932,0.0
0.0,0.0,1.0,1.0,3.0,3.0,1.0,0.0,0.0,1.0,1.0,3.0,411.94401561187124,1.0
1.0,0.0,1.0,1.0,1.0,1.0,1.0,1.0,1.0,2.0,2.0,3.0,189.46584270649458,1.0
1.0,1.0,1.0,3.0,1.0,2.0,1.0,0.0,0.0,3.0,2.0,3.0,0.0,1.0
0.0,0.0,1.0,1.0,1.0,1.0,0.0,0.0,0.0,3.0,2.0,3.0,109.89018876976687,0.0
1.0,1.0,1.0,1.0,1.0,3.0,1.0,1.0,1.0,1.0,2.0,3.0,169.62103015907473,1.0
1.0,0.0,1.0,2.0,1.0,1.0,1.0,0.0,0.0,3.0,4.0,3.0,70.32972081265079,1.0
1.0,1.0,1.0,1.0,3.0,3.0,1.0,1.0,1.0,2.0,4.0,3.0,67.67396394131211,0.0
1.0,0.0,1.0,2.0,3.0,3.0,0.0,0.0,0.0,3.0,1.0,3.0,266.8956414812328,1.0
1.0,0.0,1.0,1.0,3.0,2.0,0.0,1.0,1.0,2.0,4.0,3.0,267.45910060479,1.0
0.0,1.0,1.0,2.0,1.0,2.0,1.0,1.0,1.0,1.0,2.0,3.0,609.389934200313,1.0
1.0,1.0,1.0,1.0,1.0,1.0,1.0,1.0,1.0,1.0,2.0,3.0,1748.9620519820226,1.0
1.0,1.0,1.0,1.0,2.0,2.0,1.0,1.0,1.0,1.0,3.0,3.0,0.0,1.0
1.0,1.0,1.0,2.0,1.0,1.0,1.0,1.0,1.0,1.0,2.0,3.0,24.146324998882065,0.0
1.0,1.0,1.0,1.0,1.0,2.0,1.0,1.0,1.0,1.0,2.0,3.0,30.0,0.0
0.0,0.0,1.0,2.0,1.0,3.0,0.0,0.0,0.0,3.0,1.0,3.0,279.96703735582577,1.0
0.0,0.0,1.0,2.0,1.0,1.0,1.0,1.0,0.0,1.0,2.0,3.0,226.16137354543298,0.0
0.0,0.0,1.0,1.0,1.0,1.0,1.0,1.0,0.0,1.0,3.0,3.0,376.9356225757216,1.0
0.0,0.0,1.0,1.0,1.0,2.0,0.0,0.0,0.0,2.0,6.0,2.0,0.0,1.0
0.0,0.0,1.0,2.0,1.0,1.0,0.0,0.0,0.0,3.0,2.0,3.0,0.0,1.0
0.0,0.0,1.0,1.0,1.0,2.0,0.0,0.0,0.0,3.0,1.0,2.0,312.47413658994685,1.0
0.0,0.0,1.0,1.0,3.0,3.0,1.0,0.0,0.0,1.0,3.0,3.0,211.08394864240415,1.0
0.0,0.0,1.0,1.0,1.0,2.0,1.0,0.0,0.0,1.0,2.0,3.0,42.93106505419955,1.0
1.0,0.0,1.0,1.0,1.0,1.0,0.0,1.0,0.0,2.0,2.0,3.0,75.44660739807915,1.0
0.0,0.0,1.0,1.0,1.0,1.0,0.0,0.0,0.0,2.0,2.0,3.0,167.73848356121115,1.0
0.0,0.0,1.0,1.0,1.0,1.0,1.0,0.0,0.0,3.0,1.0,3.0,376.9356225757216,0.0
0.0,0.0,1.0,1.0,1.0,1.0,0.0,0.0,0.0,2.0,1.0,3.0,549.5721377154019,1.0
0.0,0.0,1.0,1.0,1.0,1.0,1.0,0.0,0.0,3.0,4.0,3.0,8.336497079085762,0.0
1.0,1.0,1.0,1.0,1.0,1.0,1.0,0.0,1.0,1.0,2.0,3.0,126.51036495934484,0.0
1.0,0.0,1.0,1.0,3.0,2.0,0.0,1.0,0.0,2.0,2.0,3.0,345.23682703742634,0.0
1.0,1.0,1.0,1.0,3.0,2.0,0.0,0.0,0.0,3.0,2.0,3.0,347.00285858618184,0.0
0.0,0.0,1.0,1.0,1.0,1.0,1.0,1.0,0.0,1.0,1.0,3.0,463.6149291657153,1.0
0.0,0.0,1.0,1.0,1.0,2.0,0.0,0.0,0.0,2.0,2.0,3.0,100.60110843926505,0.0
0.0,0.0,1.0,1.0,2.0,2.0,0.0,0.0,0.0,3.0,1.0,3.0,447.32274709086596,1.0
1.0,1.0,1.0,1.0,1.0,1.0,0.0,0.0,0.0,2.0,2.0,3.0,18.585696951208515,0.0
1.0,0.0,1.0,1.0,1.0,2.0,0.0,0.0,0.0,3.0,3.0,3.0,283.355751270427,1.0
0.0,0.0,1.0,1.0,1.0,2.0,1.0,0.0,0.0,1.0,3.0,3.0,73.54535486503424,0.0
1.0,1.0,1.0,1.0,1.0,1.0,1.0,0.0,0.0,2.0,6.0,3.0,0.0,1.0
0.0,0.0,1.0,1.0,1.0,1.0,0.0,0.0,0.0,3.0,3.0,3.0,458.5088176454707,1.0
1.0,0.0,1.0,1.0,3.0,2.0,0.0,0.0,0.0,3.0,3.0,3.0,369.24206031814947,0.0
0.0,0.0,1.0,1.0,1.0,1.0,1.0,0.0,1.0,3.0,3.0,3.0,41.57421919959652,0.0
0.0,1.0,1.0,1.0,1.0,3.0,1.0,0.0,0.0,3.0,2.0,3.0,153.97877775236879,0.0
1.0,0.0,1.0,1.0,3.0,2.0,0.0,1.0,0.0,3.0,2.0,3.0,0.0,1.0
1.0,0.0,1.0,3.0,1.0,1.0,0.0,1.0,1.0,3.0,2.0,3.0,0.0,1.0
0.0,0.0,1.0,3.0,1.0,3.0,0.0,1.0,0.0,3.0,1.0,3.0,61.06213444940739,0.0
0.0,0.0,1.0,1.0,1.0,2.0,0.0,1.0,1.0,2.0,1.0,3.0,301.26019334277373,1.0
1.0,0.0,1.0,1.0,1.0,1.0,1.0,1.0,1.0,1.0,2.0,3.0,251.00331783026854,0.0
0.0,0.0,1.0,2.0,1.0,1.0,1.0,0.0,0.0,1.0,1.0,3.0,115.3347362610354,0.0
0.0,0.0,1.0,3.0,1.0,2.0,1.0,0.0,0.0,1.0,2.0,3.0,122.54710224684834,1.0
0.0,0.0,1.0,1.0,1.0,1.0,1.0,0.0,0.0,1.0,2.0,3.0,0.0,0.0
1.0,0.0,1.0,1.0,1.0,3.0,1.0,0.0,0.0,1.0,2.0,3.0,0.0,1.0
1.0,0.0,1.0,2.0,1.0,2.0,1.0,0.0,0.0,1.0,2.0,3.0,240.9469894391548,0.0
0.0,0.0,1.0,1.0,1.0,3.0,1.0,1.0,1.0,1.0,2.0,3.0,78.62832472319525,1.0
1.0,0.0,1.0,1.0,3.0,2.0,1.0,1.0,0.0,3.0,1.0,3.0,89.2339056439304,1.0
1.0,0.0,1.0,1.0,1.0,1.0,0.0,0.0,0.0,3.0,2.0,3.0,176.39212257718367,1.0
0.0,0.0,1.0,1.0,1.0,2.0,1.0,1.0,0.0,1.0,2.0,3.0,0.0,1.0
0.0,0.0,1.0,1.0,3.0,3.0,1.0,1.0,0.0,1.0,2.0,3.0,193.36797438134516,0.0
1.0,0.0,1.0,1.0,3.0,2.0,1.0,1.0,1.0,2.0,2.0,3.0,253.39124574485908,0.0
0.0,1.0,1.0,1.0,3.0,2.0,0.0,1.0,1.0,2.0,2.0,3.0,287.9105453548109,1.0
1.0,0.0,1.0,1.0,1.0,1.0,1.0,1.0,0.0,1.0,2.0,3.0,0.0,0.0
1.0,0.0,1.0,2.0,1.0,2.0,1.0,1.0,1.0,1.0,2.0,3.0,0.0,1.0
1.0,0.0,1.0,1.0,3.0,3.0,1.0,0.0,0.0,2.0,1.0,3.0,356.6600566190083,1.0
0.0,0.0,1.0,1.0,1.0,3.0,1.0,0.0,0.0,2.0,6.0,2.0,11.20194239544684,1.0
1.0,0.0,1.0,1.0,3.0,3.0,1.0,0.0,0.0,2.0,3.0,3.0,615.5284460178607,0.0
0.0,0.0,1.0,2.0,3.0,3.0,0.0,0.0,0.0,3.0,1.0,3.0,452.32274709086596,1.0
0.0,0.0,1.0,2.0,3.0,2.0,1.0,0.0,0.0,2.0,1.0,3.0,30.0,0.0
0.0,0.0,1.0,1.0,3.0,3.0,1.0,0.0,0.0,2.0,1.0,3.0,471.16952821965214,0.0
0.0,0.0,1.0,1.0,2.0,3.0,1.0,0.0,0.0,3.0,1.0,3.0,157.16818112229376,1.0
0.0,0.0,1.0,1.0,1.0,2.0,1.0,1.0,0.0,1.0,6.0,3.0,510.5929187840451,0.0
0.0,0.0,1.0,1.0,3.0,3.0,1.0,0.0,0.0,2.0,2.0,3.0,214.32327196231205,1.0
0.0,0.0,1.0,1.0,1.0,1.0,0.0,0.0,0.0,3.0,2.0,3.0,241.61990049536718,0.0
1.0,0.0,1.0,1.0,3.0,2.0,0.0,0.0,0.0,3.0,1.0,3.0,87.46365211920866,0.0
1.0,1.0,1.0,1.0,1.0,1.0,1.0,1.0,1.0,2.0,2.0,3.0,151.93356148463658,0.0
0.0,0.0,1.0,1.0,3.0,3.0,1.0,0.0,0.0,2.0,1.0,3.0,126.764893055989,1.0
0.0,0.0,1.0,2.0,1.0,3.0,1.0,0.0,0.0,3.0,2.0,3.0,0.0,0.0
1.0,1.0,1.0,1.0,2.0,3.0,1.0,1.0,1.0,1.0,2.0,3.0,1027.2422094487165,0.0
1.0,0.0,1.0,1.0,1.0,1.0,1.0,1.0,0.0,1.0,2.0,3.0,114.73333242354552,0.0
1.0,1.0,1.0,1.0,3.0,3.0,0.0,0.0,0.0,3.0,4.0,3.0,238.90485992062574,1.0
0.0,0.0,1.0,2.0,1.0,1.0,1.0,0.0,0.0,2.0,1.0,3.0,318.03943154826504,0.0
0.0,1.0,1.0,2.0,3.0,2.0,1.0,0.0,0.0,1.0,2.0,3.0,324.8186697537564,1.0
1.0,0.0,1.0,2.0,3.0,3.0,1.0,0.0,0.0,1.0,1.0,3.0,0.0,0.0
0.0,0.0,1.0,1.0,3.0,2.0,1.0,1.0,0.0,3.0,2.0,3.0,346.6259229636062,0.0
1.0,0.0,1.0,1.0,1.0,2.0,0.0,0.0,0.0,3.0,4.0,3.0,26.12653130178125,1.0
0.0,0.0,1.0,1.0,3.0,2.0,1.0,1.0,0.0,2.0,3.0,3.0,170.25764394264968,0.0
0.0,0.0,1.0,3.0,1.0,1.0,1.0,0.0,1.0,3.0,4.0,3.0,0.0,0.0
0.0,1.0,1.0,2.0,1.0,3.0,1.0,1.0,0.0,1.0,1.0,3.0,330.35787562619015,0.0
0.0,0.0,1.0,1.0,1.0,1.0,1.0,0.0,0.0,1.0,1.0,3.0,203.450672582484,1.0
1.0,0.0,1.0,1.0,1.0,2.0,1.0,0.0,0.0,1.0,2.0,3.0,257.72596855300577,1.0
0.0,0.0,1.0,2.0,3.0,3.0,0.0,0.0,0.0,3.0,1.0,3.0,337.91842180663724,1.0
1.0,0.0,1.0,1.0,3.0,2.0,1.0,1.0,1.0,2.0,2.0,3.0,349.4819833205709,0.0
0.0,0.0,1.0,1.0,1.0,2.0,1.0,0.0,0.0,1.0,2.0,3.0,322.1251074961843,0.0
0.0,0.0,1.0,1.0,3.0,3.0,1.0,0.0,0.0,1.0,2.0,3.0,211.21273281985302,1.0
0.0,0.0,1.0,1.0,1.0,1.0,0.0,0.0,0.0,2.0,1.0,3.0,232.9980908598485,1.0
1.0,1.0,1.0,1.0,1.0,2.0,0.0,0.0,0.0,2.0,2.0,3.0,210.52758700406198,0.0
0.0,0.0,1.0,1.0,1.0,1.0,0.0,0.0,0.0,2.0,2.0,3.0,192.04453681847275,1.0
0.0,0.0,1.0,1.0,1.0,1.0,0.0,0.0,0.0,2.0,2.0,3.0,607.5122744941349,1.0
1.0,0.0,1.0,1.0,1.0,1.0,0.0,0.0,0.0,2.0,6.0,3.0,166.76693079217364,1.0
0.0,0.0,1.0,2.0,1.0,1.0,0.0,0.0,0.0,2.0,1.0,3.0,0.0,1.0
0.0,0.0,1.0,2.0,1.0,2.0,0.0,0.0,0.0,2.0,1.0,3.0,255.79233386957748,1.0
0.0,0.0,1.0,1.0,1.0,1.0,1.0,0.0,0.0,3.0,1.0,3.0,0.0,0.0
0.0,0.0,1.0,1.0,1.0,1.0,1.0,0.0,0.0,2.0,2.0,3.0,506.50724283612595,1.0
1.0,1.0,1.0,2.0,1.0,3.0,1.0,0.0,1.0,3.0,3.0,3.0,678.1923249067561,1.0
1.0,0.0,1.0,1.0,1.0,1.0,1.0,1.0,0.0,1.0,2.0,3.0,171.6920652507105,1.0
0.0,0.0,1.0,1.0,1.0,3.0,0.0,1.0,1.0,3.0,3.0,3.0,0.0,1.0
1.0,1.0,1.0,1.0,1.0,1.0,1.0,1.0,0.0,1.0,3.0,3.0,150.7742490302886,1.0
0.0,0.0,1.0,3.0,1.0,1.0,1.0,0.0,0.0,2.0,2.0,3.0,168.3049640619786,0.0
0.0,0.0,1.0,2.0,1.0,3.0,1.0,1.0,0.0,2.0,5.0,3.0,219.13556839073837,1.0
0.0,0.0,1.0,1.0,1.0,1.0,1.0,1.0,0.0,2.0,1.0,3.0,440.7594427737644,0.0
1.0,0.0,1.0,1.0,1.0,3.0,0.0,0.0,0.0,3.0,3.0,3.0,180.0927374131118,1.0
0.0,0.0,1.0,1.0,1.0,1.0,1.0,1.0,1.0,2.0,5.0,3.0,141.48108030101653,0.0
0.0,0.0,1.0,2.0,3.0,3.0,0.0,0.0,0.0,3.0,1.0,3.0,232.84257961109194,0.0
0.0,0.0,1.0,3.0,1.0,2.0,1.0,0.0,0.0,3.0,1.0,3.0,0.0,1.0
0.0,0.0,1.0,3.0,1.0,1.0,1.0,1.0,1.0,1.0,2.0,3.0,127.03233644321156,0.0
0.0,0.0,1.0,1.0,1.0,1.0,1.0,1.0,1.0,1.0,2.0,3.0,124.21120455609586,1.0
1.0,1.0,1.0,1.0,1.0,3.0,1.0,1.0,1.0,1.0,2.0,3.0,238.90485992062574,1.0
0.0,1.0,1.0,1.0,1.0,1.0,1.0,1.0,1.0,1.0,2.0,3.0,40.59982343710599,1.0
0.0,0.0,1.0,1.0,1.0,1.0,1.0,1.0,1.0,1.0,2.0,3.0,116.11453426911956,0.0
0.0,0.0,1.0,1.0,3.0,3.0,0.0,0.0,0.0,2.0,4.0,3.0,90.59983228769066,1.0
1.0,0.0,1.0,2.0,1.0,2.0,0.0,0.0,0.0,3.0,1.0,3.0,0.0,1.0
1.0,1.0,1.0,1.0,1.0,2.0,0.0,0.0,0.0,2.0,1.0,3.0,30.0,0.0
0.0,0.0,1.0,1.0,1.0,3.0,1.0,0.0,0.0,1.0,1.0,3.0,97.43957624905434,1.0
1.0,0.0,1.0,1.0,3.0,1.0,1.0,0.0,0.0,2.0,2.0,3.0,0.0,1.0
1.0,0.0,1.0,1.0,1.0,2.0,1.0,1.0,0.0,1.0,5.0,3.0,157.41414083732397,1.0
1.0,0.0,1.0,1.0,3.0,2.0,1.0,0.0,0.0,1.0,2.0,3.0,277.31023147512997,0.0
0.0,0.0,1.0,1.0,1.0,2.0,1.0,0.0,0.0,2.0,1.0,3.0,605.9942008270895,1.0
0.0,0.0,1.0,1.0,1.0,1.0,0.0,0.0,0.0,3.0,4.0,3.0,396.14257701860527,0.0
0.0,0.0,1.0,1.0,1.0,1.0,1.0,0.0,0.0,3.0,1.0,2.0,357.2533358004811,1.0
0.0,0.0,1.0,2.0,2.0,2.0,1.0,1.0,0.0,3.0,1.0,3.0,35.419379777385515,1.0
0.0,0.0,1.0,1.0,1.0,3.0,1.0,0.0,0.0,2.0,3.0,3.0,297.02500831822607,0.0
0.0,0.0,1.0,1.0,1.0,2.0,0.0,0.0,0.0,3.0,3.0,3.0,192.0942510349709,0.0
1.0,0.0,1.0,1.0,1.0,1.0,0.0,0.0,0.0,3.0,2.0,3.0,97.43957624905435,1.0
1.0,0.0,1.0,1.0,1.0,2.0,1.0,1.0,0.0,1.0,2.0,3.0,70.48703958664618,0.0
0.0,0.0,1.0,1.0,1.0,2.0,1.0,0.0,0.0,3.0,1.0,2.0,0.0,1.0
0.0,0.0,1.0,3.0,1.0,1.0,1.0,0.0,0.0,3.0,1.0,2.0,285.1434012534648,0.0
0.0,0.0,1.0,3.0,1.0,2.0,1.0,0.0,0.0,2.0,1.0,2.0,0.0,1.0
1.0,0.0,1.0,1.0,1.0,1.0,1.0,1.0,0.0,1.0,2.0,3.0,95.93828500018004,0.0
1.0,1.0,1.0,2.0,1.0,1.0,1.0,1.0,0.0,1.0,2.0,3.0,195.4234759936441,1.0
0.0,0.0,1.0,2.0,1.0,1.0,1.0,0.0,0.0,3.0,3.0,3.0,371.36202925385123,1.0
0.0,0.0,1.0,1.0,3.0,2.0,0.0,1.0,1.0,2.0,2.0,3.0,259.3376135234375,1.0
1.0,0.0,1.0,2.0,2.0,3.0,1.0,1.0,1.0,2.0,1.0,3.0,291.9213064390263,0.0
1.0,1.0,1.0,2.0,2.0,3.0,0.0,1.0,1.0,2.0,1.0,3.0,341.3792388020605,1.0
1.0,1.0,1.0,1.0,1.0,3.0,0.0,1.0,0.0,2.0,2.0,3.0,0.0,1.0
1.0,0.0,1.0,1.0,1.0,2.0,1.0,0.0,1.0,1.0,6.0,3.0,0.0,1.0
0.0,0.0,1.0,2.0,1.0,1.0,1.0,1.0,0.0,1.0,2.0,3.0,183.10725646216093,0.0
1.0,1.0,1.0,1.0,1.0,2.0,1.0,1.0,0.0,1.0,2.0,3.0,0.0,1.0
0.0,0.0,1.0,1.0,1.0,1.0,1.0,1.0,0.0,1.0,2.0,3.0,33.29543836572631,0.0
1.0,1.0,1.0,1.0,1.0,2.0,1.0,1.0,1.0,1.0,2.0,3.0,122.97226310636302,1.0
1.0,0.0,1.0,1.0,1.0,1.0,1.0,1.0,0.0,1.0,2.0,3.0,162.55423536487345,0.0
0.0,0.0,1.0,1.0,3.0,1.0,1.0,1.0,0.0,1.0,2.0,3.0,282.8436885143882,1.0
0.0,0.0,1.0,1.0,1.0,2.0,1.0,1.0,0.0,3.0,1.0,3.0,312.47413658994685,1.0
0.0,0.0,1.0,1.0,1.0,1.0,0.0,0.0,0.0,3.0,1.0,3.0,267.4949548245593,1.0
1.0,0.0,1.0,1.0,3.0,2.0,1.0,1.0,1.0,1.0,2.0,3.0,113.27118512968951,1.0
0.0,0.0,1.0,1.0,1.0,1.0,0.0,0.0,0.0,2.0,2.0,3.0,0.0,1.0
0.0,0.0,1.0,1.0,3.0,3.0,1.0,1.0,1.0,1.0,2.0,3.0,288.9872263788511,0.0
0.0,0.0,1.0,1.0,3.0,3.0,1.0,0.0,0.0,1.0,2.0,3.0,0.0,0.0
1.0,0.0,1.0,1.0,1.0,1.0,1.0,0.0,0.0,1.0,2.0,3.0,33.390870852389696,1.0
1.0,0.0,1.0,1.0,1.0,1.0,0.0,1.0,0.0,3.0,2.0,3.0,20.462311012301413,1.0
0.0,0.0,1.0,1.0,3.0,2.0,0.0,0.0,0.0,3.0,2.0,3.0,442.68931206676245,0.0
0.0,0.0,1.0,1.0,1.0,1.0,0.0,1.0,0.0,3.0,1.0,3.0,168.3049640619786,0.0
0.0,0.0,1.0,1.0,1.0,1.0,0.0,0.0,0.0,3.0,2.0,3.0,297.3127808184223,1.0
1.0,1.0,1.0,1.0,1.0,2.0,1.0,0.0,0.0,2.0,1.0,3.0,203.9047993880393,0.0
1.0,0.0,1.0,1.0,1.0,1.0,1.0,0.0,0.0,2.0,1.0,3.0,7.318547036140208,1.0
1.0,0.0,1.0,1.0,1.0,3.0,1.0,1.0,0.0,1.0,1.0,3.0,382.0782931302931,0.0
0.0,0.0,1.0,1.0,1.0,1.0,1.0,1.0,0.0,1.0,2.0,3.0,933.796688738576,1.0
1.0,1.0,1.0,1.0,1.0,2.0,1.0,1.0,1.0,1.0,1.0,3.0,326.3459045708274,1.0
0.0,0.0,1.0,3.0,1.0,1.0,0.0,0.0,0.0,2.0,1.0,3.0,68.20770337433805,0.0
0.0,0.0,1.0,1.0,3.0,3.0,0.0,1.0,0.0,2.0,1.0,3.0,393.03871927132144,0.0
1.0,1.0,1.0,1.0,1.0,1.0,1.0,1.0,0.0,1.0,2.0,3.0,91.78006087180837,1.0
1.0,1.0,1.0,1.0,1.0,1.0,1.0,1.0,1.0,1.0,3.0,3.0,0.0,1.0
0.0,0.0,1.0,1.0,1.0,1.0,0.0,0.0,0.0,3.0,1.0,3.0,269.6589951081039,1.0
0.0,0.0,1.0,1.0,1.0,1.0,1.0,0.0,0.0,2.0,2.0,2.0,83.36497079085764,1.0
0.0,0.0,1.0,1.0,1.0,1.0,1.0,0.0,0.0,3.0,1.0,3.0,0.0,1.0
0.0,0.0,1.0,2.0,1.0,1.0,1.0,0.0,0.0,2.0,2.0,3.0,146.84144140732494,0.0
0.0,0.0,1.0,1.0,1.0,1.0,0.0,0.0,1.0,3.0,2.0,3.0,0.0,1.0
0.0,0.0,1.0,1.0,3.0,2.0,1.0,1.0,0.0,2.0,2.0,3.0,274.9426342534602,0.0
0.0,0.0,1.0,1.0,1.0,1.0,1.0,0.0,0.0,3.0,2.0,3.0,0.0,1.0
0.0,0.0,1.0,1.0,3.0,2.0,1.0,0.0,0.0,3.0,2.0,3.0,126.88714764257404,1.0
0.0,0.0,1.0,1.0,1.0,1.0,1.0,0.0,0.0,3.0,2.0,3.0,351.4235036074682,1.0
1.0,1.0,1.0,1.0,3.0,2.0,0.0,0.0,1.0,3.0,2.0,3.0,0.0,1.0
0.0,0.0,1.0,2.0,1.0,1.0,1.0,0.0,0.0,1.0,2.0,3.0,0.0,0.0
1.0,0.0,1.0,1.0,1.0,1.0,1.0,0.0,0.0,2.0,2.0,3.0,171.6920652507105,1.0
1.0,0.0,1.0,1.0,1.0,1.0,1.0,0.0,0.0,1.0,1.0,3.0,0.0,0.0
0.0,0.0,1.0,1.0,3.0,2.0,1.0,0.0,0.0,1.0,2.0,3.0,370.4971858925289,0.0
1.0,0.0,1.0,1.0,1.0,2.0,1.0,0.0,0.0,1.0,2.0,3.0,354.45478168035254,0.0
0.0,0.0,1.0,1.0,3.0,2.0,0.0,0.0,0.0,3.0,1.0,3.0,176.46233331577474,0.0
0.0,0.0,1.0,2.0,1.0,1.0,1.0,0.0,0.0,2.0,3.0,3.0,263.7719642690414,1.0
1.0,0.0,1.0,1.0,1.0,3.0,0.0,1.0,1.0,2.0,2.0,3.0,0.0,1.0
0.0,1.0,1.0,1.0,1.0,2.0,1.0,1.0,1.0,1.0,2.0,3.0,335.39770730084035,0.0
0.0,1.0,1.0,1.0,1.0,2.0,1.0,1.0,1.0,1.0,2.0,3.0,409.64423062286414,1.0
0.0,0.0,1.0,1.0,1.0,2.0,1.0,1.0,1.0,2.0,3.0,3.0,371.78722085472793,0.0
0.0,1.0,1.0,1.0,3.0,3.0,0.0,1.0,0.0,2.0,3.0,3.0,301.4678575427201,1.0
1.0,0.0,1.0,1.0,1.0,1.0,1.0,1.0,0.0,1.0,2.0,3.0,373.0664737091163,1.0
1.0,0.0,1.0,1.0,1.0,3.0,1.0,1.0,0.0,1.0,3.0,3.0,0.0,0.0
1.0,0.0,1.0,1.0,3.0,2.0,1.0,0.0,0.0,2.0,3.0,3.0,370.92487264037095,1.0
1.0,1.0,1.0,1.0,1.0,1.0,1.0,1.0,1.0,1.0,3.0,3.0,18.675918781068752,0.0
1.0,1.0,1.0,1.0,3.0,3.0,1.0,1.0,1.0,1.0,3.0,3.0,146.92392678249888,1.0
0.0,0.0,1.0,1.0,1.0,3.0,1.0,1.0,0.0,1.0,2.0,3.0,517.6361856037042,1.0
1.0,1.0,1.0,1.0,3.0,3.0,1.0,1.0,1.0,1.0,2.0,3.0,6.495971749936957,1.0
1.0,1.0,1.0,2.0,1.0,3.0,1.0,1.0,1.0,1.0,2.0,3.0,149.81102533802644,1.0
1.0,0.0,1.0,1.0,3.0,2.0,1.0,1.0,0.0,3.0,3.0,3.0,33.287257494128426,1.0
0.0,0.0,1.0,2.0,1.0,1.0,0.0,0.0,0.0,2.0,3.0,3.0,374.24700494279386,1.0
0.0,1.0,1.0,2.0,1.0,1.0,0.0,0.0,0.0,3.0,2.0,3.0,53.12364347667232,0.0
1.0,0.0,1.0,1.0,2.0,2.0,0.0,0.0,0.0,2.0,3.0,3.0,175.88071452563213,1.0
1.0,1.0,1.0,1.0,1.0,2.0,0.0,0.0,0.0,3.0,3.0,3.0,240.9469894391548,0.0
1.0,0.0,1.0,1.0,3.0,2.0,0.0,0.0,0.0,2.0,3.0,3.0,47.32259133316522,0.0
1.0,0.0,1.0,1.0,3.0,2.0,0.0,0.0,0.0,2.0,3.0,3.0,41.98507197202013,1.0
1.0,0.0,1.0,1.0,3.0,3.0,0.0,0.0,0.0,2.0,3.0,3.0,226.1008931570402,1.0
0.0,0.0,1.0,1.0,1.0,2.0,0.0,0.0,0.0,3.0,3.0,3.0,358.69617054681,0.0
1.0,0.0,1.0,1.0,1.0,1.0,1.0,1.0,0.0,1.0,2.0,3.0,2.7066548958070658,1.0
0.0,0.0,1.0,1.0,3.0,3.0,1.0,0.0,0.0,2.0,2.0,3.0,0.0,1.0
1.0,0.0,1.0,1.0,3.0,3.0,1.0,1.0,0.0,1.0,2.0,3.0,0.0,0.0
0.0,0.0,1.0,1.0,1.0,1.0,1.0,0.0,0.0,1.0,2.0,3.0,773.1266330814681,1.0
0.0,0.0,1.0,1.0,1.0,2.0,0.0,0.0,0.0,2.0,2.0,3.0,259.3376135234375,1.0
1.0,1.0,1.0,1.0,1.0,3.0,1.0,1.0,1.0,2.0,2.0,3.0,239.05459016082884,1.0
1.0,1.0,1.0,1.0,1.0,3.0,1.0,1.0,1.0,2.0,2.0,3.0,259.23919013584026,0.0
0.0,0.0,1.0,1.0,3.0,3.0,1.0,1.0,0.0,1.0,2.0,3.0,3.717139390241703,0.0
1.0,1.0,1.0,1.0,1.0,1.0,0.0,0.0,0.0,3.0,2.0,3.0,266.6499823625862,1.0
0.0,0.0,1.0,2.0,1.0,2.0,0.0,0.0,0.0,3.0,2.0,3.0,0.0,1.0
1.0,0.0,1.0,1.0,1.0,1.0,1.0,0.0,0.0,1.0,2.0,3.0,173.8307172155804,0.0
1.0,0.0,1.0,1.0,3.0,3.0,1.0,0.0,0.0,3.0,3.0,3.0,0.0,1.0
0.0,0.0,1.0,1.0,3.0,3.0,1.0,1.0,1.0,1.0,5.0,3.0,448.43343809479643,1.0
1.0,0.0,1.0,1.0,3.0,2.0,0.0,1.0,1.0,2.0,2.0,3.0,111.44195997587568,1.0
1.0,0.0,1.0,1.0,1.0,1.0,0.0,0.0,0.0,3.0,1.0,3.0,413.0076629102878,1.0
0.0,0.0,1.0,2.0,1.0,1.0,1.0,0.0,0.0,2.0,2.0,3.0,417.2861651453391,1.0
0.0,0.0,1.0,3.0,1.0,1.0,1.0,1.0,0.0,2.0,1.0,3.0,285.1434012534648,0.0
1.0,0.0,1.0,3.0,1.0,1.0,1.0,0.0,0.0,2.0,2.0,3.0,2.5262112360865947,1.0
0.0,0.0,1.0,1.0,1.0,1.0,1.0,0.0,0.0,2.0,3.0,3.0,200.07920591454678,1.0
1.0,0.0,1.0,1.0,1.0,1.0,1.0,0.0,0.0,2.0,3.0,3.0,97.69157786735776,1.0
0.0,0.0,1.0,2.0,1.0,1.0,0.0,0.0,0.0,3.0,2.0,3.0,361.30922726495,1.0
0.0,0.0,1.0,3.0,1.0,1.0,1.0,1.0,0.0,3.0,1.0,3.0,456.1786868813649,1.0
1.0,1.0,1.0,3.0,1.0,2.0,1.0,0.0,0.0,2.0,2.0,3.0,191.7732962662601,1.0
0.0,0.0,1.0,1.0,1.0,3.0,0.0,0.0,0.0,3.0,4.0,3.0,0.0,1.0
0.0,0.0,1.0,2.0,1.0,1.0,0.0,0.0,0.0,3.0,4.0,3.0,117.3855464419179,1.0
0.0,0.0,1.0,2.0,1.0,1.0,0.0,0.0,0.0,3.0,4.0,3.0,98.63774944859831,0.0
0.0,0.0,1.0,1.0,1.0,2.0,1.0,0.0,0.0,3.0,1.0,3.0,0.0,1.0
0.0,0.0,1.0,1.0,2.0,3.0,0.0,0.0,0.0,3.0,1.0,3.0,273.0918451698536,0.0
0.0,0.0,1.0,1.0,1.0,1.0,1.0,0.0,0.0,1.0,3.0,3.0,227.73701367524865,1.0
0.0,0.0,1.0,1.0,1.0,1.0,0.0,1.0,0.0,2.0,1.0,3.0,55.73668921900879,1.0
0.0,0.0,1.0,1.0,2.0,2.0,1.0,1.0,0.0,3.0,2.0,3.0,75.52298315026022,1.0
0.0,0.0,1.0,1.0,1.0,1.0,1.0,0.0,0.0,1.0,2.0,3.0,30.368667930955272,1.0
0.0,0.0,1.0,1.0,1.0,1.0,0.0,0.0,0.0,3.0,1.0,3.0,847.8783493389004,1.0
0.0,1.0,1.0,1.0,1.0,2.0,1.0,1.0,1.0,2.0,2.0,3.0,203.9047993880393,0.0
0.0,0.0,1.0,1.0,1.0,1.0,1.0,1.0,1.0,2.0,2.0,3.0,133.29734030870634,1.0
1.0,1.0,1.0,1.0,1.0,2.0,1.0,0.0,1.0,1.0,3.0,3.0,78.12210658916923,1.0
1.0,0.0,1.0,1.0,1.0,1.0,1.0,1.0,1.0,1.0,2.0,3.0,232.1685881498463,1.0
1.0,0.0,1.0,1.0,3.0,2.0,1.0,0.0,1.0,1.0,1.0,3.0,505.0324652479585,0.0
0.0,1.0,1.0,1.0,1.0,1.0,0.0,0.0,0.0,3.0,1.0,3.0,1055.3259188104846,1.0
0.0,0.0,1.0,1.0,1.0,2.0,0.0,0.0,0.0,3.0,1.0,3.0,30.0,0.0
0.0,0.0,1.0,1.0,2.0,3.0,0.0,0.0,0.0,2.0,4.0,3.0,235.5217637052502,0.0
0.0,0.0,1.0,1.0,1.0,2.0,1.0,1.0,0.0,3.0,2.0,3.0,260.5222615729207,0.0
0.0,0.0,1.0,1.0,3.0,2.0,0.0,0.0,0.0,3.0,1.0,3.0,301.0182918463313,0.0
0.0,0.0,1.0,1.0,1.0,1.0,1.0,1.0,0.0,1.0,1.0,3.0,700.409521550523,1.0
0.0,0.0,1.0,2.0,1.0,1.0,1.0,1.0,0.0,3.0,1.0,3.0,21.955641108420625,0.0
0.0,0.0,1.0,1.0,1.0,2.0,0.0,0.0,0.0,3.0,2.0,2.0,230.55956394799568,1.0
0.0,0.0,1.0,2.0,1.0,1.0,0.0,0.0,0.0,3.0,1.0,3.0,76.64041257108902,1.0
0.0,1.0,1.0,1.0,1.0,1.0,1.0,1.0,0.0,1.0,2.0,3.0,0.0,1.0
1.0,0.0,1.0,1.0,1.0,1.0,1.0,0.0,0.0,3.0,4.0,3.0,168.3049640619786,0.0
0.0,0.0,1.0,2.0,1.0,1.0,1.0,0.0,0.0,3.0,4.0,3.0,31.616123196125695,1.0
1.0,0.0,1.0,1.0,1.0,1.0,0.0,0.0,0.0,3.0,2.0,3.0,0.0,1.0
0.0,0.0,1.0,1.0,1.0,1.0,0.0,1.0,0.0,2.0,2.0,3.0,0.0,1.0
0.0,0.0,1.0,2.0,1.0,3.0,0.0,0.0,0.0,3.0,4.0,3.0,150.94503262039183,0.0
0.0,0.0,1.0,2.0,1.0,1.0,1.0,0.0,0.0,3.0,1.0,3.0,268.7580735665969,1.0
0.0,0.0,1.0,1.0,1.0,1.0,1.0,0.0,0.0,2.0,3.0,3.0,457.0767576429068,1.0
1.0,0.0,1.0,1.0,1.0,2.0,1.0,0.0,0.0,2.0,3.0,3.0,81.61295666582609,1.0
0.0,0.0,1.0,2.0,3.0,3.0,0.0,0.0,0.0,3.0,2.0,3.0,787.4264565590069,1.0
0.0,0.0,1.0,1.0,1.0,1.0,0.0,1.0,0.0,2.0,1.0,3.0,562.8571107917684,1.0
0.0,0.0,1.0,1.0,1.0,1.0,0.0,1.0,0.0,2.0,2.0,3.0,141.3130582231501,1.0
0.0,0.0,1.0,2.0,1.0,1.0,1.0,0.0,0.0,3.0,1.0,3.0,354.48131518274914,1.0
1.0,0.0,1.0,1.0,1.0,1.0,1.0,0.0,1.0,3.0,1.0,3.0,301.4678575427201,0.0
0.0,0.0,1.0,1.0,3.0,3.0,1.0,0.0,0.0,2.0,1.0,3.0,205.61312210780335,1.0
1.0,1.0,1.0,3.0,1.0,2.0,1.0,0.0,1.0,1.0,2.0,3.0,0.0,1.0
1.0,0.0,1.0,1.0,1.0,2.0,1.0,1.0,0.0,1.0,2.0,3.0,0.0,1.0
1.0,0.0,1.0,1.0,3.0,1.0,1.0,0.0,0.0,1.0,1.0,3.0,418.2866523405242,0.0
1.0,0.0,1.0,1.0,3.0,2.0,1.0,1.0,0.0,1.0,2.0,3.0,0.0,1.0
1.0,1.0,1.0,1.0,1.0,1.0,1.0,1.0,0.0,1.0,2.0,3.0,93.54199319909218,1.0
1.0,0.0,1.0,1.0,1.0,3.0,0.0,0.0,0.0,3.0,4.0,3.0,282.6261164463002,1.0
1.0,1.0,1.0,1.0,1.0,3.0,0.0,1.0,1.0,2.0,3.0,3.0,175.51319027548448,1.0
1.0,1.0,1.0,1.0,2.0,3.0,0.0,1.0,1.0,2.0,1.0,3.0,406.9816076826723,1.0
0.0,1.0,1.0,1.0,1.0,2.0,0.0,0.0,0.0,2.0,2.0,3.0,35.419379777385515,1.0
0.0,0.0,1.0,2.0,1.0,2.0,1.0,0.0,0.0,2.0,2.0,3.0,135.31298979863828,1.0
1.0,0.0,1.0,1.0,1.0,2.0,1.0,0.0,0.0,3.0,2.0,3.0,30.0,0.0
1.0,1.0,1.0,1.0,1.0,2.0,1.0,0.0,0.0,2.0,2.0,3.0,539.7189974760861,1.0
1.0,0.0,1.0,1.0,1.0,1.0,1.0,0.0,0.0,2.0,2.0,3.0,0.0,1.0
0.0,0.0,1.0,1.0,1.0,1.0,1.0,0.0,0.0,2.0,1.0,3.0,226.1008931570402,1.0
0.0,0.0,1.0,1.0,3.0,2.0,1.0,0.0,0.0,2.0,2.0,3.0,55.61491462649073,0.0
0.0,0.0,1.0,1.0,1.0,1.0,0.0,1.0,0.0,2.0,2.0,3.0,339.1513397355602,0.0
1.0,0.0,1.0,1.0,1.0,2.0,1.0,0.0,0.0,3.0,4.0,3.0,0.0,1.0
1.0,0.0,1.0,2.0,3.0,2.0,1.0,0.0,0.0,3.0,6.0,3.0,266.40522363253706,0.0
0.0,0.0,1.0,1.0,2.0,3.0,0.0,0.0,0.0,3.0,1.0,3.0,1646.029849080442,1.0
1.0,1.0,1.0,1.0,1.0,2.0,0.0,0.0,0.0,3.0,3.0,3.0,223.50532366504257,0.0
1.0,0.0,1.0,1.0,1.0,1.0,1.0,0.0,0.0,3.0,2.0,3.0,23.986591342229126,0.0
1.0,0.0,1.0,1.0,1.0,3.0,1.0,1.0,0.0,2.0,3.0,3.0,8.92113453658009,1.0
0.0,0.0,1.0,2.0,1.0,2.0,1.0,0.0,0.0,2.0,2.0,3.0,259.3376135234375,1.0
1.0,0.0,1.0,1.0,1.0,1.0,0.0,0.0,0.0,3.0,1.0,3.0,8.94189946992829,0.0
0.0,0.0,1.0,2.0,1.0,1.0,1.0,0.0,0.0,2.0,2.0,3.0,340.1749703159328,0.0
1.0,0.0,1.0,1.0,3.0,3.0,1.0,1.0,0.0,1.0,2.0,3.0,177.6702516939037,0.0
1.0,1.0,1.0,1.0,2.0,3.0,1.0,1.0,0.0,1.0,2.0,3.0,0.0,1.0
1.0,0.0,1.0,1.0,1.0,3.0,0.0,0.0,0.0,3.0,2.0,3.0,218.32867495476685,0.0
0.0,0.0,1.0,1.0,1.0,2.0,1.0,0.0,1.0,3.0,2.0,3.0,191.25457638590711,0.0
1.0,1.0,1.0,1.0,1.0,3.0,0.0,0.0,0.0,2.0,2.0,3.0,87.70824810244741,1.0
0.0,0.0,1.0,2.0,1.0,1.0,0.0,0.0,0.0,2.0,2.0,3.0,0.0,1.0
0.0,0.0,1.0,1.0,1.0,2.0,1.0,0.0,0.0,3.0,2.0,3.0,378.5722102837703,0.0
0.0,0.0,1.0,1.0,3.0,3.0,0.0,0.0,0.0,3.0,2.0,3.0,0.0,0.0
1.0,0.0,1.0,2.0,1.0,2.0,1.0,0.0,0.0,3.0,3.0,3.0,0.0,1.0
0.0,0.0,1.0,2.0,1.0,1.0,1.0,0.0,0.0,3.0,1.0,2.0,332.88546816303096,0.0
1.0,0.0,1.0,1.0,1.0,2.0,1.0,0.0,0.0,2.0,2.0,3.0,328.94275703008,1.0
1.0,0.0,1.0,1.0,3.0,3.0,1.0,0.0,0.0,1.0,1.0,3.0,683.2203738972861,0.0
0.0,0.0,1.0,1.0,1.0,1.0,1.0,1.0,0.0,1.0,2.0,3.0,399.0680764221759,1.0
1.0,1.0,1.0,1.0,1.0,3.0,1.0,0.0,0.0,1.0,2.0,3.0,377.0318570046322,1.0
0.0,0.0,1.0,1.0,1.0,1.0,1.0,0.0,0.0,2.0,2.0,3.0,171.52726490905883,1.0
1.0,0.0,1.0,1.0,1.0,1.0,1.0,1.0,1.0,2.0,3.0,3.0,17.564512886736498,1.0
1.0,1.0,1.0,1.0,1.0,1.0,1.0,1.0,1.0,1.0,2.0,3.0,31.541126464417076,1.0
0.0,0.0,1.0,3.0,2.0,2.0,0.0,0.0,0.0,3.0,1.0,3.0,306.05105471455585,0.0
0.0,0.0,1.0,1.0,1.0,1.0,0.0,0.0,0.0,3.0,1.0,3.0,433.234065410539,0.0
1.0,0.0,1.0,3.0,1.0,1.0,1.0,1.0,0.0,1.0,3.0,3.0,65.50104847853098,1.0
1.0,0.0,1.0,1.0,1.0,2.0,1.0,0.0,0.0,1.0,3.0,3.0,130.33274479035333,1.0
0.0,0.0,1.0,1.0,1.0,1.0,1.0,1.0,1.0,1.0,1.0,3.0,1145.8624272868974,1.0
1.0,1.0,1.0,1.0,1.0,1.0,1.0,1.0,1.0,1.0,3.0,3.0,348.5722102837703,0.0
1.0,0.0,1.0,1.0,3.0,3.0,0.0,0.0,0.0,3.0,1.0,3.0,0.0,1.0
1.0,1.0,1.0,1.0,1.0,2.0,1.0,0.0,0.0,1.0,2.0,3.0,101.35583360236703,0.0
0.0,0.0,1.0,2.0,1.0,2.0,1.0,0.0,0.0,1.0,2.0,3.0,275.3416368188068,0.0
0.0,0.0,1.0,1.0,1.0,1.0,1.0,0.0,0.0,3.0,1.0,3.0,329.7304691873502,0.0
0.0,0.0,1.0,1.0,3.0,3.0,1.0,1.0,0.0,1.0,3.0,3.0,354.32057721757553,1.0
1.0,0.0,1.0,1.0,1.0,2.0,1.0,0.0,0.0,1.0,3.0,3.0,30.0,0.0
1.0,0.0,1.0,1.0,3.0,2.0,1.0,0.0,0.0,2.0,2.0,3.0,182.58540399067505,1.0
0.0,0.0,1.0,1.0,1.0,3.0,0.0,0.0,0.0,2.0,3.0,3.0,0.0,1.0
0.0,0.0,1.0,1.0,1.0,3.0,1.0,0.0,0.0,3.0,3.0,3.0,349.19287977318567,0.0
0.0,0.0,1.0,1.0,3.0,2.0,1.0,0.0,0.0,1.0,5.0,3.0,319.4244901382013,0.0
0.0,1.0,1.0,2.0,1.0,2.0,1.0,0.0,0.0,3.0,2.0,3.0,385.43941192051375,0.0
0.0,0.0,1.0,1.0,1.0,1.0,1.0,1.0,1.0,1.0,1.0,3.0,179.50513218225308,1.0
0.0,0.0,1.0,2.0,1.0,1.0,0.0,0.0,0.0,3.0,2.0,3.0,168.3049640619786,0.0
1.0,0.0,1.0,1.0,1.0,2.0,1.0,0.0,0.0,1.0,3.0,3.0,0.0,1.0
1.0,1.0,1.0,2.0,1.0,2.0,1.0,0.0,0.0,1.0,5.0,3.0,206.59407247550578,0.0
1.0,0.0,1.0,1.0,1.0,1.0,1.0,0.0,1.0,1.0,3.0,2.0,244.14159460688137,1.0
0.0,0.0,1.0,1.0,1.0,2.0,1.0,0.0,0.0,1.0,1.0,2.0,0.0,1.0
0.0,0.0,1.0,1.0,1.0,2.0,1.0,0.0,0.0,1.0,6.0,2.0,81.60688668005471,0.0
0.0,0.0,1.0,1.0,1.0,3.0,1.0,0.0,0.0,3.0,3.0,3.0,175.39123724829784,1.0
0.0,0.0,1.0,2.0,1.0,1.0,0.0,0.0,0.0,3.0,3.0,2.0,113.02020638432367,1.0
0.0,0.0,1.0,1.0,1.0,1.0,1.0,0.0,0.0,1.0,1.0,3.0,285.1434012534648,0.0
1.0,0.0,1.0,1.0,3.0,2.0,0.0,0.0,0.0,3.0,3.0,3.0,0.0,1.0
1.0,1.0,1.0,3.0,1.0,3.0,1.0,1.0,1.0,1.0,2.0,3.0,146.50298957989398,1.0
0.0,0.0,1.0,1.0,1.0,1.0,1.0,1.0,0.0,1.0,2.0,3.0,0.0,1.0
1.0,1.0,1.0,3.0,1.0,1.0,1.0,1.0,1.0,1.0,2.0,3.0,124.50612520712501,0.0
0.0,0.0,1.0,2.0,1.0,2.0,1.0,0.0,0.0,2.0,2.0,3.0,419.39584254154215,0.0
0.0,0.0,1.0,2.0,1.0,2.0,1.0,1.0,0.0,1.0,3.0,3.0,204.19845057822698,0.0
1.0,0.0,1.0,1.0,1.0,2.0,0.0,0.0,0.0,3.0,1.0,3.0,197.07767325910464,1.0
1.0,1.0,1.0,1.0,2.0,2.0,0.0,0.0,0.0,3.0,1.0,3.0,220.79646375621275,0.0
0.0,1.0,1.0,1.0,1.0,1.0,1.0,0.0,0.0,2.0,2.0,3.0,335.37746501926466,1.0
1.0,1.0,1.0,1.0,1.0,3.0,1.0,1.0,1.0,3.0,2.0,3.0,199.7224556220521,0.0
0.0,0.0,1.0,1.0,1.0,2.0,1.0,1.0,0.0,3.0,2.0,3.0,19.314783147333472,1.0
0.0,0.0,1.0,1.0,3.0,2.0,1.0,0.0,0.0,1.0,2.0,3.0,30.0,0.0
1.0,1.0,1.0,1.0,1.0,2.0,1.0,1.0,1.0,1.0,2.0,3.0,174.15878650921493,0.0
0.0,0.0,1.0,1.0,1.0,2.0,1.0,1.0,1.0,1.0,2.0,3.0,259.3376135234375,1.0
0.0,0.0,1.0,2.0,1.0,2.0,1.0,1.0,0.0,1.0,2.0,3.0,0.0,1.0
0.0,0.0,1.0,1.0,3.0,3.0,1.0,1.0,0.0,1.0,2.0,3.0,282.6261164463002,0.0
1.0,0.0,1.0,1.0,3.0,3.0,0.0,1.0,1.0,2.0,1.0,3.0,30.40926775439238,1.0
1.0,0.0,1.0,2.0,1.0,1.0,1.0,1.0,1.0,2.0,2.0,3.0,113.0504465785201,0.0
1.0,1.0,1.0,1.0,1.0,2.0,1.0,1.0,0.0,1.0,2.0,3.0,0.0,1.0
0.0,0.0,1.0,2.0,1.0,1.0,1.0,1.0,0.0,1.0,3.0,3.0,0.0,1.0
0.0,0.0,1.0,1.0,1.0,1.0,1.0,0.0,0.0,1.0,3.0,3.0,0.0,0.0
1.0,0.0,1.0,1.0,1.0,2.0,1.0,0.0,0.0,2.0,2.0,3.0,60.89317349762631,1.0
1.0,1.0,1.0,1.0,1.0,3.0,0.0,1.0,1.0,2.0,2.0,3.0,26.164330659468302,1.0
1.0,0.0,1.0,1.0,1.0,1.0,1.0,0.0,0.0,1.0,2.0,3.0,307.03822734407925,1.0
0.0,0.0,1.0,1.0,1.0,2.0,1.0,0.0,0.0,2.0,3.0,3.0,321.9688664928362,0.0
1.0,1.0,1.0,1.0,1.0,2.0,0.0,1.0,1.0,2.0,3.0,3.0,312.6104701458646,1.0
1.0,0.0,1.0,1.0,1.0,1.0,0.0,1.0,1.0,2.0,3.0,3.0,214.56297222628697,1.0
0.0,0.0,1.0,1.0,1.0,2.0,0.0,1.0,1.0,3.0,2.0,3.0,101.38958177118974,1.0
1.0,0.0,1.0,1.0,1.0,1.0,1.0,1.0,0.0,1.0,1.0,3.0,508.8522229091409,0.0
0.0,0.0,1.0,3.0,1.0,1.0,0.0,0.0,0.0,3.0,1.0,3.0,407.33966782335193,0.0
1.0,1.0,1.0,1.0,1.0,1.0,1.0,1.0,1.0,1.0,2.0,3.0,0.0,1.0
1.0,0.0,1.0,1.0,3.0,2.0,0.0,0.0,0.0,3.0,2.0,3.0,67.32181881596479,1.0
0.0,0.0,1.0,1.0,1.0,1.0,0.0,0.0,0.0,2.0,2.0,3.0,271.8236732669062,1.0
0.0,0.0,1.0,1.0,3.0,3.0,0.0,1.0,0.0,3.0,2.0,3.0,0.0,0.0
1.0,0.0,1.0,1.0,1.0,1.0,0.0,0.0,0.0,3.0,1.0,3.0,100.85255099385385,0.0
0.0,0.0,1.0,1.0,1.0,2.0,0.0,0.0,0.0,3.0,2.0,3.0,383.5556241093665,1.0
0.0,0.0,1.0,1.0,3.0,2.0,1.0,1.0,1.0,2.0,3.0,3.0,243.9920053317623,0.0
1.0,0.0,1.0,2.0,1.0,1.0,0.0,1.0,0.0,2.0,3.0,3.0,306.0963922908765,0.0
1.0,1.0,1.0,1.0,1.0,3.0,1.0,1.0,1.0,2.0,2.0,3.0,0.0,1.0
0.0,0.0,1.0,2.0,1.0,1.0,1.0,1.0,0.0,1.0,2.0,3.0,289.71063798260894,1.0
1.0,0.0,1.0,1.0,3.0,2.0,0.0,0.0,0.0,3.0,3.0,3.0,72.53811489314128,0.0
0.0,0.0,1.0,1.0,1.0,1.0,1.0,0.0,0.0,3.0,1.0,2.0,6.35161682216058,0.0
1.0,0.0,1.0,1.0,1.0,1.0,1.0,0.0,0.0,3.0,1.0,2.0,197.7853611725664,1.0
1.0,0.0,1.0,1.0,1.0,2.0,0.0,0.0,0.0,3.0,1.0,3.0,312.5505159608092,0.0
1.0,0.0,1.0,1.0,3.0,3.0,0.0,1.0,1.0,2.0,1.0,3.0,0.0,1.0
0.0,0.0,1.0,1.0,1.0,1.0,0.0,0.0,1.0,2.0,2.0,3.0,0.0,1.0
0.0,0.0,1.0,1.0,1.0,3.0,1.0,0.0,0.0,2.0,2.0,3.0,205.32004159818794,0.0
0.0,0.0,1.0,2.0,1.0,1.0,0.0,0.0,0.0,2.0,2.0,3.0,210.37139831285367,1.0
0.0,0.0,1.0,1.0,1.0,1.0,0.0,0.0,0.0,2.0,6.0,3.0,168.3049640619786,0.0
0.0,0.0,1.0,1.0,1.0,1.0,0.0,0.0,0.0,3.0,2.0,3.0,13.300502157995918,1.0
1.0,1.0,1.0,3.0,1.0,1.0,0.0,0.0,0.0,3.0,3.0,3.0,25.69235262586703,0.0
0.0,0.0,1.0,3.0,1.0,2.0,1.0,0.0,0.0,1.0,2.0,3.0,415.95835775990247,1.0
0.0,0.0,1.0,1.0,3.0,2.0,0.0,0.0,0.0,3.0,1.0,3.0,604.038833479804,1.0
0.0,1.0,1.0,1.0,1.0,2.0,1.0,0.0,0.0,2.0,2.0,3.0,461.00139720874927,0.0
1.0,0.0,1.0,1.0,1.0,1.0,1.0,0.0,0.0,2.0,2.0,3.0,0.0,1.0
1.0,1.0,1.0,2.0,1.0,2.0,1.0,0.0,0.0,2.0,3.0,3.0,136.11127107691578,1.0
1.0,1.0,1.0,1.0,3.0,3.0,0.0,1.0,1.0,2.0,2.0,3.0,87.69561862414892,1.0
1.0,1.0,1.0,1.0,2.0,2.0,1.0,1.0,1.0,2.0,2.0,3.0,30.0,0.0
1.0,0.0,1.0,2.0,1.0,1.0,0.0,1.0,1.0,2.0,2.0,3.0,252.74797419910595,1.0
1.0,0.0,1.0,2.0,1.0,1.0,0.0,0.0,0.0,3.0,1.0,3.0,122.61806790776355,0.0
0.0,0.0,1.0,2.0,1.0,3.0,0.0,0.0,0.0,3.0,1.0,3.0,275.01583553518753,1.0
0.0,0.0,1.0,1.0,1.0,1.0,0.0,0.0,0.0,3.0,2.0,3.0,234.21977611212625,1.0
1.0,1.0,1.0,1.0,1.0,3.0,0.0,1.0,1.0,2.0,3.0,3.0,95.45469599212916,1.0
0.0,0.0,1.0,1.0,1.0,1.0,0.0,1.0,0.0,2.0,3.0,3.0,164.0992126710252,0.0
1.0,1.0,1.0,1.0,3.0,3.0,1.0,1.0,1.0,2.0,3.0,3.0,0.0,0.0
1.0,0.0,1.0,1.0,3.0,3.0,1.0,1.0,0.0,1.0,3.0,3.0,386.4860639598005,0.0
0.0,0.0,1.0,1.0,1.0,3.0,1.0,0.0,1.0,1.0,5.0,3.0,326.27080364989513,1.0
0.0,0.0,1.0,2.0,1.0,2.0,1.0,0.0,0.0,1.0,2.0,2.0,129.58720754734264,0.0
1.0,1.0,1.0,1.0,3.0,3.0,0.0,0.0,1.0,2.0,5.0,3.0,315.62562353495696,1.0
0.0,0.0,1.0,1.0,2.0,3.0,1.0,0.0,0.0,3.0,3.0,3.0,250.67973724862205,1.0
1.0,0.0,1.0,1.0,3.0,2.0,1.0,0.0,0.0,3.0,3.0,3.0,545.385869843641,1.0
0.0,0.0,1.0,1.0,1.0,1.0,1.0,0.0,0.0,1.0,2.0,3.0,395.5707223451328,0.0
0.0,0.0,1.0,1.0,1.0,2.0,0.0,0.0,0.0,3.0,1.0,3.0,203.9047993880393,0.0
0.0,0.0,1.0,1.0,1.0,1.0,1.0,0.0,0.0,3.0,1.0,3.0,320.45937191504987,1.0
0.0,0.0,1.0,1.0,1.0,1.0,1.0,0.0,0.0,3.0,1.0,3.0,355.371612618355,1.0
0.0,0.0,1.0,1.0,1.0,2.0,0.0,0.0,0.0,3.0,2.0,3.0,154.50612520712502,0.0
0.0,1.0,1.0,1.0,1.0,2.0,1.0,1.0,0.0,3.0,3.0,3.0,274.51266793246003,1.0
0.0,0.0,1.0,1.0,1.0,1.0,1.0,0.0,0.0,2.0,1.0,3.0,951.4066522216983,1.0
0.0,0.0,1.0,1.0,1.0,2.0,1.0,0.0,0.0,2.0,4.0,3.0,186.52124965483313,0.0
0.0,0.0,1.0,2.0,1.0,1.0,0.0,0.0,0.0,3.0,3.0,3.0,456.1816006401248,1.0
0.0,0.0,1.0,1.0,1.0,1.0,1.0,0.0,0.0,3.0,1.0,3.0,230.96788444220292,0.0
1.0,0.0,1.0,1.0,1.0,1.0,1.0,0.0,0.0,3.0,1.0,3.0,202.21857891046545,0.0
1.0,0.0,1.0,1.0,1.0,1.0,0.0,0.0,0.0,3.0,1.0,3.0,197.65524957497482,1.0
1.0,0.0,1.0,1.0,3.0,3.0,1.0,0.0,0.0,2.0,6.0,3.0,0.0,1.0
1.0,0.0,1.0,1.0,3.0,2.0,0.0,1.0,0.0,2.0,2.0,3.0,208.331912896313,1.0
0.0,0.0,1.0,1.0,1.0,1.0,0.0,0.0,0.0,2.0,2.0,3.0,68.56859069377899,1.0
0.0,0.0,1.0,1.0,1.0,1.0,0.0,0.0,0.0,2.0,2.0,3.0,0.0,0.0
0.0,0.0,1.0,1.0,1.0,1.0,0.0,0.0,0.0,3.0,2.0,3.0,131.85690744837757,0.0
0.0,0.0,1.0,1.0,1.0,1.0,0.0,0.0,0.0,3.0,1.0,3.0,329.642268620944,1.0
0.0,0.0,1.0,1.0,1.0,2.0,1.0,0.0,0.0,3.0,2.0,3.0,259.3376135234375,1.0
1.0,0.0,1.0,1.0,1.0,3.0,1.0,1.0,0.0,2.0,2.0,3.0,31.39719679136196,0.0
1.0,1.0,1.0,1.0,1.0,3.0,1.0,0.0,0.0,3.0,2.0,3.0,155.60417507280067,1.0
1.0,0.0,1.0,2.0,1.0,1.0,0.0,0.0,0.0,3.0,1.0,3.0,14.778335731106576,0.0
0.0,0.0,1.0,1.0,1.0,1.0,1.0,0.0,0.0,3.0,2.0,3.0,246.06015643413184,1.0
1.0,1.0,1.0,1.0,1.0,1.0,1.0,0.0,0.0,2.0,3.0,3.0,285.76322160921507,1.0
0.0,0.0,1.0,2.0,1.0,1.0,1.0,0.0,0.0,2.0,1.0,3.0,319.5935412844144,1.0
0.0,0.0,1.0,1.0,1.0,1.0,1.0,0.0,0.0,3.0,1.0,3.0,179.6994663366333,0.0
1.0,0.0,1.0,1.0,3.0,3.0,1.0,1.0,1.0,1.0,2.0,3.0,466.0397899708936,1.0
1.0,1.0,1.0,1.0,1.0,2.0,1.0,0.0,0.0,3.0,2.0,3.0,170.22383372173616,0.0
0.0,0.0,1.0,1.0,1.0,2.0,1.0,1.0,1.0,2.0,3.0,3.0,302.5122213906269,1.0
1.0,0.0,1.0,1.0,1.0,1.0,1.0,1.0,0.0,2.0,3.0,3.0,142.45255179690795,1.0
0.0,0.0,1.0,1.0,1.0,1.0,1.0,0.0,0.0,3.0,1.0,3.0,282.1674735009879,0.0
1.0,1.0,1.0,2.0,1.0,3.0,1.0,1.0,1.0,1.0,2.0,3.0,0.0,1.0
0.0,0.0,1.0,1.0,1.0,2.0,1.0,0.0,0.0,3.0,2.0,3.0,30.0,0.0
0.0,0.0,1.0,1.0,1.0,2.0,1.0,1.0,0.0,1.0,2.0,3.0,124.91943499873915,1.0
0.0,0.0,1.0,3.0,1.0,1.0,1.0,0.0,0.0,2.0,2.0,3.0,0.0,1.0
0.0,0.0,1.0,2.0,1.0,3.0,1.0,1.0,0.0,1.0,2.0,3.0,0.0,0.0
1.0,0.0,1.0,1.0,1.0,3.0,1.0,0.0,0.0,3.0,1.0,3.0,0.0,0.0
0.0,0.0,1.0,1.0,1.0,3.0,1.0,0.0,0.0,3.0,1.0,2.0,405.488691286518,1.0
0.0,0.0,1.0,2.0,3.0,3.0,0.0,0.0,0.0,3.0,1.0,3.0,302.8864119283982,0.0
1.0,0.0,1.0,1.0,1.0,3.0,1.0,1.0,0.0,1.0,3.0,3.0,182.79441482412713,1.0
0.0,0.0,1.0,1.0,1.0,3.0,1.0,0.0,0.0,3.0,1.0,3.0,482.6904647663822,1.0
0.0,0.0,1.0,1.0,1.0,2.0,1.0,1.0,0.0,1.0,2.0,3.0,0.0,1.0
1.0,0.0,1.0,3.0,1.0,1.0,0.0,0.0,0.0,3.0,1.0,3.0,0.0,1.0
0.0,0.0,1.0,1.0,1.0,1.0,1.0,1.0,0.0,1.0,2.0,4.0,336.97457578716256,0.0
0.0,0.0,1.0,1.0,1.0,1.0,0.0,0.0,0.0,3.0,3.0,3.0,130.82165329734156,1.0
0.0,0.0,1.0,1.0,3.0,3.0,0.0,0.0,0.0,2.0,4.0,3.0,0.0,0.0
1.0,1.0,1.0,1.0,3.0,2.0,0.0,1.0,1.0,2.0,3.0,3.0,210.24085742059518,1.0
1.0,1.0,1.0,1.0,1.0,1.0,1.0,1.0,1.0,2.0,4.0,3.0,4.3911282216841245,0.0
1.0,1.0,1.0,1.0,3.0,3.0,1.0,1.0,1.0,1.0,2.0,3.0,238.90485992062574,1.0
1.0,1.0,1.0,1.0,1.0,2.0,1.0,1.0,1.0,1.0,2.0,3.0,176.17127144390463,0.0
1.0,1.0,1.0,1.0,1.0,2.0,1.0,1.0,1.0,1.0,2.0,3.0,115.44156913583001,0.0
1.0,1.0,1.0,1.0,3.0,3.0,1.0,1.0,1.0,1.0,1.0,3.0,72.32234462620261,1.0
0.0,0.0,1.0,2.0,1.0,1.0,0.0,0.0,0.0,3.0,2.0,3.0,497.9004530152847,0.0
1.0,0.0,1.0,2.0,3.0,3.0,1.0,1.0,0.0,1.0,1.0,3.0,0.0,1.0
1.0,0.0,1.0,2.0,1.0,1.0,0.0,0.0,0.0,3.0,2.0,3.0,246.19728731854985,1.0
1.0,0.0,1.0,1.0,3.0,2.0,1.0,0.0,0.0,2.0,1.0,3.0,31.59273518070104,1.0
0.0,0.0,1.0,1.0,2.0,3.0,1.0,0.0,0.0,2.0,1.0,3.0,162.8121466333756,0.0
0.0,0.0,1.0,1.0,1.0,2.0,1.0,0.0,0.0,2.0,1.0,3.0,644.866186709861,1.0
0.0,0.0,1.0,2.0,1.0,1.0,1.0,0.0,0.0,2.0,6.0,3.0,229.0352336310816,0.0
1.0,0.0,1.0,1.0,1.0,2.0,1.0,0.0,0.0,3.0,2.0,3.0,210.24085742059518,1.0
1.0,0.0,1.0,1.0,1.0,1.0,1.0,0.0,0.0,2.0,3.0,3.0,275.7199721628111,0.0
0.0,0.0,1.0,2.0,3.0,3.0,1.0,0.0,0.0,3.0,2.0,3.0,299.8802158389038,0.0
0.0,0.0,1.0,1.0,1.0,2.0,1.0,1.0,0.0,1.0,2.0,4.0,113.65848274377942,1.0
1.0,0.0,1.0,1.0,3.0,3.0,1.0,1.0,0.0,1.0,2.0,3.0,269.1052057980845,1.0
0.0,0.0,1.0,1.0,1.0,2.0,1.0,0.0,0.0,3.0,1.0,3.0,370.2082649027297,0.0
0.0,0.0,1.0,1.0,1.0,1.0,1.0,0.0,0.0,3.0,1.0,3.0,0.0,1.0
0.0,0.0,1.0,1.0,3.0,3.0,1.0,0.0,0.0,2.0,1.0,4.0,414.3410490706922,0.0
1.0,0.0,1.0,1.0,1.0,1.0,0.0,0.0,0.0,3.0,2.0,3.0,182.8666939298356,1.0
0.0,0.0,1.0,2.0,1.0,3.0,0.0,0.0,0.0,3.0,1.0,3.0,3.4103851687169024,1.0
0.0,0.0,1.0,2.0,3.0,3.0,1.0,0.0,0.0,3.0,4.0,3.0,0.0,1.0
0.0,0.0,1.0,1.0,3.0,3.0,1.0,0.0,0.0,3.0,1.0,4.0,402.6531702311037,0.0
0.0,0.0,1.0,1.0,2.0,1.0,0.0,0.0,0.0,3.0,1.0,3.0,520.3791059924789,0.0
0.0,0.0,1.0,1.0,1.0,1.0,0.0,0.0,0.0,2.0,1.0,3.0,210.37305207262074,1.0
1.0,0.0,1.0,1.0,3.0,3.0,1.0,1.0,1.0,1.0,2.0,3.0,0.0,1.0
0.0,0.0,1.0,2.0,1.0,2.0,1.0,1.0,1.0,1.0,2.0,3.0,39.20869663151541,1.0
1.0,0.0,1.0,1.0,1.0,1.0,1.0,1.0,1.0,1.0,2.0,3.0,51.24599936061378,0.0
1.0,0.0,1.0,1.0,1.0,2.0,1.0,1.0,0.0,1.0,2.0,3.0,293.86949115967747,1.0
0.0,0.0,1.0,2.0,1.0,2.0,0.0,0.0,0.0,2.0,1.0,3.0,79.12574698009114,0.0
0.0,0.0,1.0,1.0,1.0,2.0,1.0,0.0,0.0,1.0,2.0,3.0,129.18674002307543,1.0
0.0,0.0,1.0,1.0,1.0,1.0,0.0,0.0,0.0,3.0,1.0,3.0,190.71299872002763,1.0
1.0,0.0,1.0,1.0,1.0,1.0,1.0,0.0,0.0,2.0,6.0,3.0,12.234080129047937,1.0
0.0,0.0,1.0,1.0,1.0,1.0,1.0,0.0,0.0,2.0,2.0,3.0,217.69042310424175,0.0
0.0,0.0,1.0,1.0,2.0,3.0,1.0,0.0,0.0,3.0,1.0,3.0,527.4276297935103,1.0
0.0,0.0,1.0,1.0,1.0,2.0,1.0,1.0,1.0,2.0,2.0,3.0,261.1947558933124,0.0
0.0,0.0,1.0,1.0,1.0,3.0,0.0,0.0,0.0,3.0,3.0,3.0,297.02500831822607,0.0
0.0,0.0,1.0,1.0,1.0,1.0,1.0,0.0,0.0,1.0,3.0,3.0,251.3543966753779,1.0
0.0,0.0,1.0,1.0,3.0,3.0,1.0,0.0,0.0,1.0,3.0,3.0,427.0223788205889,1.0
0.0,0.0,1.0,1.0,1.0,1.0,1.0,0.0,0.0,1.0,3.0,3.0,104.61292834899089,1.0
0.0,0.0,1.0,2.0,1.0,3.0,1.0,0.0,0.0,1.0,1.0,3.0,856.0235740668072,1.0
0.0,0.0,1.0,1.0,1.0,2.0,0.0,0.0,0.0,3.0,1.0,3.0,170.85049672362214,0.0
1.0,1.0,1.0,1.0,1.0,3.0,1.0,1.0,0.0,3.0,2.0,3.0,287.8247922587443,0.0
1.0,0.0,1.0,1.0,1.0,1.0,1.0,1.0,0.0,3.0,2.0,3.0,176.80648883770505,1.0
0.0,0.0,1.0,2.0,1.0,2.0,0.0,0.0,0.0,3.0,1.0,3.0,193.26984494560202,1.0
1.0,0.0,1.0,1.0,1.0,2.0,0.0,0.0,0.0,3.0,2.0,3.0,0.0,1.0
1.0,0.0,1.0,1.0,2.0,3.0,1.0,1.0,0.0,1.0,3.0,3.0,133.96115247335567,1.0
1.0,0.0,1.0,1.0,1.0,1.0,1.0,1.0,1.0,1.0,2.0,3.0,38.532150145278194,1.0
1.0,0.0,1.0,1.0,1.0,2.0,1.0,1.0,0.0,1.0,2.0,3.0,0.4133097916141306,1.0
1.0,0.0,1.0,1.0,1.0,2.0,1.0,1.0,1.0,1.0,2.0,4.0,192.7853611725664,1.0
0.0,0.0,1.0,1.0,1.0,1.0,1.0,0.0,1.0,1.0,2.0,4.0,0.0,1.0
0.0,0.0,1.0,1.0,1.0,1.0,1.0,0.0,0.0,3.0,1.0,3.0,444.05056712720017,0.0
1.0,1.0,1.0,1.0,1.0,2.0,1.0,1.0,1.0,1.0,2.0,3.0,411.5922984510067,1.0
1.0,1.0,1.0,1.0,3.0,3.0,1.0,1.0,1.0,2.0,2.0,3.0,330.9648571219222,0.0
1.0,1.0,1.0,1.0,1.0,2.0,1.0,0.0,0.0,3.0,2.0,3.0,193.79405813940406,1.0
0.0,0.0,1.0,1.0,1.0,2.0,1.0,1.0,1.0,2.0,2.0,3.0,30.0,0.0
0.0,0.0,1.0,1.0,1.0,1.0,0.0,1.0,0.0,2.0,3.0,3.0,389.1265521802354,1.0
0.0,0.0,1.0,1.0,3.0,3.0,0.0,0.0,1.0,2.0,5.0,3.0,340.5675552380953,1.0
0.0,0.0,1.0,2.0,2.0,3.0,0.0,0.0,0.0,2.0,4.0,3.0,0.0,0.0
1.0,0.0,1.0,1.0,3.0,2.0,0.0,0.0,0.0,3.0,4.0,3.0,35.888533292658735,1.0
0.0,0.0,1.0,1.0,1.0,1.0,1.0,0.0,0.0,2.0,2.0,4.0,0.0,1.0
1.0,1.0,1.0,1.0,1.0,3.0,0.0,1.0,1.0,2.0,2.0,3.0,392.3596164127707,1.0
1.0,1.0,1.0,1.0,1.0,3.0,1.0,0.0,0.0,2.0,2.0,3.0,63.155280902164854,1.0
0.0,1.0,1.0,1.0,1.0,1.0,1.0,1.0,1.0,1.0,3.0,3.0,638.3382322175764,0.0
1.0,0.0,1.0,1.0,3.0,2.0,1.0,0.0,0.0,3.0,3.0,3.0,31.080397363968544,1.0
1.0,0.0,1.0,1.0,1.0,2.0,1.0,1.0,0.0,1.0,5.0,3.0,161.70365896140345,0.0
0.0,0.0,1.0,1.0,1.0,3.0,1.0,0.0,0.0,3.0,1.0,3.0,339.060619152971,1.0
1.0,0.0,1.0,2.0,1.0,2.0,0.0,1.0,1.0,2.0,6.0,4.0,67.76571021887716,1.0
0.0,0.0,1.0,2.0,1.0,2.0,0.0,0.0,0.0,2.0,3.0,3.0,0.0,1.0
1.0,0.0,1.0,1.0,3.0,3.0,1.0,0.0,0.0,1.0,2.0,3.0,301.387217024863,1.0
0.0,0.0,1.0,1.0,1.0,1.0,1.0,1.0,0.0,2.0,2.0,3.0,339.29876068590727,1.0
0.0,0.0,1.0,1.0,1.0,1.0,1.0,0.0,0.0,2.0,2.0,3.0,234.21977611212625,1.0
1.0,0.0,1.0,1.0,3.0,3.0,0.0,0.0,1.0,2.0,3.0,4.0,116.97591360777497,1.0
0.0,0.0,1.0,1.0,3.0,3.0,1.0,0.0,0.0,3.0,1.0,3.0,164.38645830608237,1.0
0.0,0.0,1.0,2.0,1.0,1.0,0.0,0.0,0.0,3.0,1.0,3.0,444.7471568298137,0.0
1.0,0.0,1.0,1.0,1.0,1.0,1.0,0.0,0.0,3.0,1.0,3.0,7.145568924930653,1.0
1.0,0.0,1.0,1.0,1.0,1.0,1.0,1.0,0.0,1.0,2.0,4.0,144.28793734087014,0.0
1.0,0.0,1.0,1.0,1.0,1.0,1.0,1.0,0.0,1.0,2.0,4.0,296.7869778594008,0.0
1.0,0.0,1.0,1.0,3.0,3.0,1.0,0.0,0.0,3.0,3.0,4.0,315.7413006722013,0.0
0.0,0.0,1.0,2.0,1.0,1.0,1.0,1.0,1.0,2.0,1.0,3.0,5.774197111055073,0.0
1.0,0.0,1.0,1.0,1.0,1.0,1.0,1.0,1.0,1.0,2.0,3.0,264.9554485487359,1.0
1.0,1.0,1.0,1.0,2.0,1.0,0.0,0.0,0.0,3.0,2.0,3.0,7.309054625009472,0.0
0.0,0.0,1.0,2.0,1.0,2.0,0.0,0.0,0.0,3.0,2.0,2.0,0.0,1.0
0.0,0.0,1.0,1.0,1.0,1.0,1.0,0.0,0.0,3.0,4.0,3.0,0.0,1.0
0.0,0.0,1.0,2.0,3.0,3.0,1.0,0.0,0.0,3.0,4.0,3.0,315.43032228077186,0.0
1.0,1.0,1.0,1.0,3.0,2.0,1.0,1.0,1.0,1.0,2.0,4.0,30.0,0.0
1.0,0.0,1.0,2.0,3.0,2.0,1.0,1.0,0.0,1.0,2.0,4.0,329.00399665572166,1.0
1.0,1.0,1.0,2.0,1.0,1.0,1.0,1.0,1.0,1.0,2.0,4.0,192.49795821670887,1.0
1.0,0.0,1.0,1.0,1.0,2.0,1.0,0.0,0.0,1.0,2.0,4.0,151.25813933215653,0.0
0.0,0.0,1.0,1.0,1.0,3.0,1.0,1.0,1.0,1.0,2.0,4.0,454.3708902550004,1.0
0.0,0.0,1.0,2.0,1.0,1.0,0.0,1.0,1.0,3.0,2.0,3.0,13.155820152165635,1.0
0.0,0.0,1.0,1.0,1.0,1.0,0.0,1.0,0.0,3.0,2.0,4.0,0.0,0.0
1.0,0.0,1.0,2.0,3.0,3.0,1.0,0.0,0.0,3.0,4.0,3.0,231.27082818195962,1.0
1.0,0.0,1.0,1.0,1.0,1.0,1.0,1.0,0.0,3.0,2.0,3.0,175.62717375774764,0.0
0.0,0.0,1.0,3.0,1.0,1.0,0.0,0.0,0.0,2.0,4.0,3.0,353.0936443441478,1.0
1.0,1.0,1.0,2.0,1.0,1.0,1.0,1.0,1.0,2.0,2.0,3.0,0.0,0.0
1.0,0.0,1.0,1.0,1.0,2.0,1.0,1.0,0.0,2.0,3.0,3.0,285.00757988799336,1.0
1.0,0.0,1.0,1.0,1.0,3.0,1.0,0.0,0.0,1.0,1.0,3.0,134.90905393762483,1.0
1.0,0.0,1.0,1.0,3.0,3.0,1.0,0.0,0.0,1.0,5.0,3.0,46.48037955978192,0.0
1.0,0.0,1.0,1.0,1.0,2.0,1.0,0.0,0.0,3.0,2.0,3.0,397.20891751692994,1.0
0.0,0.0,1.0,2.0,1.0,1.0,1.0,0.0,0.0,3.0,2.0,4.0,0.0,1.0
1.0,0.0,1.0,1.0,3.0,2.0,1.0,1.0,0.0,1.0,2.0,4.0,95.09954153968467,1.0
0.0,0.0,1.0,2.0,1.0,1.0,1.0,0.0,0.0,1.0,2.0,3.0,29.27418814456083,1.0
0.0,0.0,1.0,1.0,1.0,1.0,1.0,0.0,0.0,1.0,2.0,3.0,0.0,1.0
0.0,0.0,1.0,1.0,1.0,1.0,1.0,1.0,0.0,1.0,2.0,4.0,0.0,1.0
0.0,0.0,1.0,1.0,1.0,2.0,1.0,1.0,0.0,1.0,2.0,3.0,300.8024050130265,0.0
0.0,1.0,1.0,3.0,1.0,3.0,1.0,0.0,0.0,1.0,3.0,3.0,0.0,0.0
0.0,1.0,1.0,1.0,1.0,3.0,1.0,1.0,0.0,1.0,3.0,3.0,282.90331822643395,1.0
0.0,0.0,1.0,1.0,1.0,2.0,1.0,1.0,0.0,1.0,2.0,3.0,0.0,1.0
0.0,0.0,1.0,1.0,1.0,1.0,1.0,1.0,0.0,1.0,2.0,3.0,3.608873194409421,0.0
0.0,0.0,1.0,1.0,1.0,3.0,0.0,0.0,0.0,3.0,1.0,3.0,602.6131530140118,0.0
0.0,0.0,1.0,1.0,3.0,3.0,0.0,0.0,0.0,3.0,2.0,3.0,142.81971204595334,1.0
0.0,1.0,1.0,1.0,1.0,3.0,1.0,0.0,0.0,3.0,2.0,3.0,188.07365188131712,0.0
0.0,0.0,1.0,1.0,1.0,2.0,1.0,0.0,0.0,3.0,2.0,3.0,259.3376135234375,1.0
1.0,1.0,1.0,1.0,1.0,3.0,1.0,1.0,1.0,1.0,2.0,3.0,273.0590849594742,0.0
0.0,1.0,1.0,1.0,1.0,3.0,1.0,1.0,1.0,1.0,2.0,3.0,413.38695694355647,1.0
0.0,0.0,1.0,1.0,3.0,3.0,1.0,1.0,0.0,1.0,2.0,3.0,905.3683188311478,1.0
0.0,0.0,1.0,1.0,1.0,3.0,1.0,1.0,0.0,1.0,2.0,3.0,327.67090195136905,0.0
0.0,0.0,1.0,2.0,2.0,1.0,0.0,0.0,0.0,2.0,1.0,3.0,375.6884875642191,1.0
1.0,0.0,1.0,1.0,1.0,2.0,1.0,1.0,1.0,1.0,2.0,3.0,1539.884305529572,1.0
0.0,0.0,1.0,1.0,1.0,2.0,1.0,0.0,0.0,3.0,2.0,3.0,605.1458174266872,1.0
0.0,0.0,1.0,1.0,1.0,2.0,1.0,1.0,0.0,1.0,1.0,3.0,426.4815306456896,1.0
0.0,0.0,1.0,2.0,3.0,2.0,0.0,0.0,0.0,2.0,2.0,3.0,315.4272719489711,0.0
0.0,0.0,1.0,1.0,1.0,3.0,1.0,1.0,0.0,1.0,3.0,2.0,120.8828879159229,0.0
0.0,0.0,1.0,1.0,3.0,2.0,0.0,0.0,0.0,3.0,6.0,3.0,414.16588504643266,0.0
0.0,0.0,1.0,2.0,1.0,1.0,1.0,0.0,0.0,2.0,3.0,2.0,604.7749699191306,1.0
0.0,0.0,1.0,1.0,1.0,1.0,0.0,0.0,0.0,3.0,4.0,3.0,0.0,1.0
0.0,0.0,1.0,1.0,1.0,2.0,0.0,0.0,1.0,3.0,2.0,4.0,232.8255520078636,1.0
0.0,0.0,1.0,1.0,1.0,1.0,0.0,0.0,0.0,3.0,2.0,3.0,432.6139786774249,0.0
0.0,0.0,1.0,1.0,1.0,1.0,1.0,0.0,0.0,2.0,1.0,3.0,564.9498309506363,1.0
0.0,0.0,1.0,1.0,1.0,3.0,1.0,0.0,0.0,2.0,5.0,4.0,408.52234558607813,1.0
0.0,0.0,1.0,1.0,1.0,2.0,1.0,0.0,0.0,2.0,2.0,3.0,339.53321232642827,1.0
0.0,0.0,1.0,1.0,3.0,3.0,1.0,0.0,0.0,2.0,1.0,3.0,46.673648703678424,1.0
0.0,0.0,1.0,1.0,3.0,3.0,1.0,0.0,0.0,2.0,5.0,3.0,236.3776874111829,0.0
1.0,1.0,1.0,1.0,1.0,3.0,1.0,0.0,1.0,3.0,4.0,3.0,282.09828225468436,1.0
0.0,0.0,1.0,1.0,1.0,1.0,1.0,0.0,0.0,2.0,2.0,3.0,0.0,0.0
0.0,0.0,1.0,1.0,1.0,2.0,0.0,0.0,0.0,3.0,2.0,3.0,67.81588373607703,1.0
1.0,1.0,1.0,1.0,1.0,1.0,0.0,0.0,0.0,3.0,2.0,3.0,114.3091115985983,0.0
0.0,0.0,1.0,1.0,1.0,3.0,1.0,0.0,0.0,1.0,2.0,3.0,173.9047993880393,0.0
1.0,1.0,1.0,1.0,1.0,3.0,1.0,1.0,1.0,1.0,2.0,4.0,0.0,0.0
0.0,0.0,1.0,3.0,1.0,1.0,1.0,1.0,0.0,3.0,1.0,4.0,316.37190533235633,0.0
0.0,0.0,1.0,1.0,3.0,3.0,1.0,1.0,0.0,1.0,3.0,3.0,463.1289461485686,0.0
0.0,0.0,1.0,1.0,1.0,2.0,1.0,0.0,0.0,3.0,2.0,4.0,148.47803740825617,1.0
1.0,1.0,1.0,1.0,1.0,1.0,1.0,1.0,1.0,1.0,2.0,4.0,0.0,1.0
0.0,0.0,1.0,1.0,2.0,3.0,1.0,0.0,0.0,2.0,3.0,3.0,313.3202129710728,0.0
0.0,0.0,1.0,1.0,1.0,1.0,1.0,1.0,0.0,1.0,2.0,3.0,47.99801348564529,1.0
1.0,1.0,1.0,1.0,1.0,3.0,1.0,1.0,1.0,1.0,3.0,2.0,204.77045756716447,0.0
0.0,0.0,1.0,1.0,1.0,1.0,1.0,1.0,0.0,1.0,3.0,3.0,235.33276249152266,0.0
1.0,1.0,1.0,1.0,1.0,1.0,1.0,1.0,1.0,1.0,3.0,2.0,0.0,1.0
1.0,0.0,1.0,1.0,1.0,3.0,1.0,0.0,0.0,1.0,3.0,3.0,459.03794100293163,1.0
1.0,0.0,1.0,1.0,1.0,2.0,1.0,0.0,0.0,2.0,2.0,4.0,71.34335515908658,1.0
0.0,0.0,1.0,1.0,3.0,2.0,1.0,0.0,0.0,2.0,1.0,3.0,476.5261776562496,0.0
0.0,1.0,1.0,1.0,3.0,3.0,1.0,0.0,0.0,2.0,3.0,4.0,324.27841415260855,1.0
1.0,0.0,1.0,1.0,3.0,1.0,0.0,1.0,1.0,2.0,2.0,3.0,285.1425731218302,1.0
0.0,0.0,1.0,1.0,3.0,2.0,1.0,0.0,0.0,3.0,2.0,3.0,448.06287490347074,0.0
0.0,0.0,1.0,1.0,3.0,2.0,0.0,0.0,0.0,3.0,2.0,3.0,34.78782696836386,1.0
0.0,0.0,1.0,1.0,1.0,3.0,1.0,0.0,0.0,1.0,5.0,3.0,454.6907223126886,1.0
0.0,0.0,1.0,1.0,3.0,3.0,1.0,0.0,0.0,1.0,2.0,3.0,213.3409087500968,0.0
1.0,0.0,1.0,1.0,1.0,1.0,0.0,0.0,0.0,2.0,3.0,3.0,21.653239166456522,0.0
0.0,0.0,1.0,1.0,3.0,3.0,1.0,0.0,0.0,3.0,1.0,3.0,208.08985440015107,0.0
0.0,0.0,1.0,1.0,3.0,2.0,1.0,0.0,1.0,2.0,2.0,3.0,0.0,1.0
1.0,1.0,1.0,1.0,1.0,1.0,1.0,1.0,1.0,1.0,3.0,3.0,293.77391209433085,0.0
1.0,1.0,1.0,1.0,1.0,3.0,1.0,1.0,1.0,1.0,3.0,4.0,264.7731541055316,1.0
1.0,0.0,1.0,1.0,1.0,1.0,1.0,1.0,0.0,1.0,2.0,4.0,151.99024872134848,1.0
0.0,0.0,1.0,1.0,1.0,3.0,0.0,0.0,0.0,2.0,1.0,4.0,0.0,1.0
1.0,1.0,1.0,1.0,1.0,3.0,1.0,1.0,1.0,1.0,2.0,4.0,41.81781814021916,1.0
1.0,1.0,1.0,1.0,1.0,3.0,1.0,0.0,1.0,1.0,2.0,4.0,151.9302998968078,1.0
1.0,0.0,1.0,1.0,1.0,1.0,0.0,1.0,0.0,2.0,2.0,3.0,176.5468221720739,0.0
1.0,0.0,1.0,2.0,1.0,2.0,0.0,0.0,0.0,3.0,1.0,3.0,7.880642783606767,1.0
0.0,0.0,1.0,3.0,1.0,2.0,1.0,0.0,0.0,2.0,1.0,3.0,409.29654269713313,1.0
0.0,1.0,1.0,1.0,1.0,3.0,0.0,0.0,0.0,3.0,2.0,3.0,35.894165692733516,1.0
1.0,0.0,1.0,1.0,1.0,1.0,0.0,1.0,0.0,3.0,2.0,3.0,0.0,1.0
1.0,0.0,1.0,1.0,1.0,1.0,0.0,1.0,1.0,3.0,2.0,3.0,0.0,1.0
1.0,0.0,1.0,1.0,1.0,1.0,1.0,1.0,1.0,1.0,2.0,3.0,0.0,1.0
0.0,0.0,1.0,2.0,1.0,3.0,1.0,1.0,0.0,2.0,5.0,3.0,194.87915249810874,0.0
0.0,1.0,1.0,2.0,1.0,2.0,1.0,0.0,0.0,1.0,3.0,3.0,365.74832656135504,1.0
1.0,0.0,1.0,1.0,1.0,3.0,1.0,0.0,0.0,1.0,3.0,3.0,0.0,0.0
0.0,1.0,1.0,1.0,1.0,3.0,1.0,0.0,0.0,2.0,2.0,4.0,332.0613436537881,1.0
0.0,0.0,1.0,2.0,1.0,2.0,1.0,0.0,0.0,1.0,3.0,3.0,107.95166099924349,0.0
1.0,0.0,1.0,1.0,1.0,1.0,1.0,1.0,0.0,1.0,2.0,3.0,564.6474290086722,1.0
1.0,0.0,1.0,3.0,1.0,3.0,1.0,1.0,0.0,1.0,2.0,3.0,278.0716964241883,1.0
0.0,0.0,1.0,1.0,3.0,3.0,1.0,0.0,0.0,1.0,6.0,3.0,232.63315314001278,0.0
0.0,0.0,1.0,1.0,1.0,1.0,1.0,0.0,0.0,3.0,2.0,4.0,65.9028814391347,1.0
0.0,0.0,1.0,1.0,1.0,1.0,1.0,0.0,0.0,2.0,2.0,3.0,210.71308363858006,0.0
1.0,0.0,1.0,1.0,1.0,1.0,1.0,1.0,0.0,1.0,2.0,3.0,79.36995761010078,1.0
1.0,1.0,1.0,1.0,1.0,3.0,1.0,1.0,1.0,1.0,2.0,3.0,45.05581825378844,1.0
1.0,0.0,1.0,3.0,1.0,3.0,1.0,1.0,0.0,1.0,2.0,3.0,138.62911497603602,0.0
1.0,0.0,1.0,1.0,1.0,1.0,0.0,0.0,0.0,3.0,1.0,4.0,699.0600528845083,1.0
1.0,1.0,1.0,1.0,3.0,3.0,1.0,1.0,1.0,1.0,2.0,4.0,169.44971893617605,0.0
1.0,0.0,1.0,1.0,1.0,2.0,1.0,0.0,0.0,2.0,3.0,3.0,281.7120392074479,1.0
0.0,0.0,1.0,1.0,1.0,1.0,0.0,0.0,0.0,3.0,1.0,3.0,402.7026469114037,1.0
1.0,0.0,1.0,2.0,1.0,1.0,1.0,1.0,0.0,1.0,2.0,4.0,13.009987865845961,1.0
1.0,1.0,1.0,1.0,1.0,3.0,1.0,1.0,1.0,1.0,2.0,4.0,0.0,1.0
0.0,0.0,1.0,2.0,1.0,3.0,1.0,0.0,0.0,1.0,2.0,4.0,640.2764750773877,1.0
0.0,0.0,1.0,2.0,3.0,3.0,0.0,0.0,0.0,3.0,1.0,4.0,131.9964323458947,0.0
1.0,0.0,1.0,1.0,1.0,1.0,0.0,0.0,0.0,3.0,3.0,3.0,45.183092394005946,1.0
0.0,0.0,1.0,1.0,1.0,1.0,1.0,1.0,0.0,1.0,2.0,4.0,387.30314560890497,1.0
0.0,0.0,1.0,2.0,1.0,1.0,1.0,1.0,0.0,1.0,2.0,4.0,37.17139390241703,0.0
1.0,0.0,1.0,1.0,1.0,2.0,1.0,0.0,0.0,3.0,2.0,4.0,48.0443659720471,0.0
1.0,0.0,1.0,1.0,1.0,1.0,1.0,1.0,1.0,2.0,4.0,3.0,238.6225656475949,0.0
0.0,0.0,1.0,1.0,1.0,1.0,0.0,1.0,1.0,2.0,1.0,3.0,152.62165330703732,1.0
0.0,0.0,1.0,1.0,1.0,1.0,0.0,1.0,1.0,2.0,3.0,3.0,0.0,1.0
1.0,0.0,1.0,2.0,1.0,1.0,0.0,1.0,0.0,2.0,2.0,3.0,28.149210916393482,1.0
1.0,1.0,1.0,1.0,1.0,1.0,1.0,0.0,0.0,2.0,2.0,3.0,103.01692573132348,1.0
0.0,0.0,1.0,1.0,1.0,1.0,0.0,0.0,1.0,3.0,1.0,4.0,20.50561749063433,1.0
1.0,0.0,1.0,2.0,2.0,3.0,1.0,0.0,0.0,3.0,1.0,4.0,247.36660423759938,1.0
0.0,1.0,1.0,2.0,2.0,3.0,1.0,0.0,0.0,3.0,1.0,4.0,112.98996619012726,1.0
1.0,0.0,1.0,1.0,1.0,1.0,1.0,1.0,0.0,1.0,2.0,4.0,0.0,0.0
0.0,0.0,1.0,2.0,1.0,1.0,1.0,0.0,0.0,1.0,2.0,3.0,463.5301288711992,0.0
0.0,0.0,1.0,1.0,1.0,1.0,1.0,0.0,0.0,1.0,3.0,4.0,47.570555734911345,1.0
0.0,0.0,1.0,3.0,1.0,2.0,0.0,0.0,0.0,2.0,2.0,3.0,241.7803560663114,1.0
0.0,0.0,1.0,1.0,3.0,2.0,1.0,0.0,0.0,3.0,2.0,3.0,175.47458146978883,0.0
1.0,1.0,1.0,1.0,1.0,1.0,0.0,0.0,0.0,2.0,2.0,4.0,168.3049640619786,0.0
1.0,0.0,1.0,1.0,1.0,3.0,1.0,1.0,0.0,1.0,2.0,4.0,209.03143745173537,1.0
0.0,0.0,1.0,1.0,2.0,2.0,1.0,1.0,0.0,1.0,2.0,4.0,404.8948786051758,0.0
1.0,0.0,1.0,1.0,1.0,1.0,1.0,1.0,0.0,1.0,1.0,4.0,112.46851971152755,1.0
0.0,0.0,1.0,1.0,3.0,3.0,1.0,0.0,0.0,1.0,3.0,3.0,574.2101432187205,1.0
0.0,0.0,1.0,2.0,1.0,2.0,1.0,0.0,0.0,1.0,3.0,3.0,30.0,0.0
0.0,0.0,1.0,1.0,2.0,2.0,1.0,0.0,0.0,3.0,2.0,3.0,361.08749045601235,1.0
0.0,0.0,1.0,2.0,1.0,1.0,0.0,0.0,0.0,2.0,2.0,3.0,0.0,0.0
1.0,0.0,1.0,1.0,1.0,2.0,0.0,0.0,0.0,2.0,2.0,3.0,30.0,0.0
0.0,0.0,1.0,1.0,1.0,2.0,0.0,0.0,0.0,3.0,2.0,3.0,0.0,1.0
1.0,0.0,1.0,1.0,1.0,1.0,1.0,1.0,0.0,1.0,3.0,3.0,0.0,1.0
1.0,0.0,1.0,1.0,1.0,2.0,1.0,1.0,0.0,1.0,3.0,3.0,30.0,0.0
0.0,0.0,1.0,1.0,3.0,2.0,1.0,1.0,0.0,1.0,3.0,4.0,198.02937597754638,0.0
0.0,0.0,1.0,1.0,1.0,1.0,1.0,0.0,0.0,1.0,1.0,4.0,439.8981895592276,1.0
0.0,0.0,1.0,1.0,3.0,2.0,1.0,0.0,0.0,3.0,1.0,3.0,52.55545746505888,0.0
0.0,1.0,1.0,1.0,1.0,1.0,1.0,0.0,0.0,2.0,2.0,3.0,225.97993238025452,1.0
0.0,0.0,1.0,3.0,1.0,2.0,1.0,1.0,1.0,3.0,1.0,4.0,0.0,1.0
1.0,0.0,1.0,1.0,1.0,2.0,0.0,0.0,0.0,3.0,2.0,3.0,301.17591885630543,0.0
0.0,1.0,1.0,2.0,1.0,1.0,1.0,1.0,0.0,3.0,1.0,3.0,230.11445732771003,0.0
0.0,0.0,1.0,1.0,1.0,1.0,1.0,0.0,0.0,1.0,2.0,3.0,84.31876541763978,1.0
1.0,0.0,1.0,1.0,3.0,3.0,1.0,1.0,0.0,1.0,2.0,4.0,0.0,1.0
1.0,0.0,1.0,1.0,1.0,1.0,1.0,0.0,0.0,1.0,3.0,3.0,0.0,1.0
1.0,1.0,1.0,1.0,1.0,3.0,1.0,1.0,1.0,1.0,2.0,4.0,286.7120392074479,1.0
0.0,0.0,1.0,1.0,1.0,1.0,1.0,0.0,0.0,1.0,2.0,4.0,86.16464184670889,0.0
1.0,1.0,1.0,1.0,1.0,1.0,0.0,1.0,1.0,2.0,3.0,3.0,68.20770337433805,1.0
0.0,0.0,1.0,1.0,1.0,1.0,0.0,1.0,0.0,2.0,1.0,3.0,151.57267416519568,0.0
0.0,1.0,1.0,1.0,1.0,1.0,1.0,1.0,0.0,1.0,2.0,4.0,0.0,1.0
1.0,0.0,1.0,2.0,1.0,1.0,1.0,0.0,0.0,3.0,2.0,3.0,80.01258930307681,1.0
0.0,0.0,1.0,1.0,1.0,1.0,0.0,0.0,0.0,2.0,2.0,3.0,302.48471558016956,1.0
0.0,0.0,1.0,3.0,1.0,1.0,0.0,0.0,0.0,3.0,6.0,3.0,198.28196186447897,1.0
0.0,0.0,1.0,1.0,1.0,1.0,1.0,0.0,0.0,1.0,1.0,3.0,357.56616383917356,1.0
1.0,0.0,1.0,2.0,1.0,1.0,1.0,1.0,1.0,1.0,3.0,3.0,502.8161456049128,1.0
1.0,1.0,1.0,1.0,3.0,3.0,1.0,0.0,1.0,1.0,1.0,3.0,373.4345063256749,1.0
1.0,1.0,1.0,1.0,3.0,3.0,1.0,0.0,0.0,3.0,4.0,4.0,213.05350930113946,0.0
0.0,0.0,1.0,2.0,1.0,2.0,1.0,0.0,1.0,2.0,1.0,4.0,839.5398754092647,0.0
0.0,1.0,1.0,1.0,1.0,1.0,1.0,0.0,0.0,3.0,1.0,3.0,451.95986476050905,0.0
0.0,0.0,1.0,2.0,1.0,1.0,0.0,0.0,1.0,3.0,2.0,3.0,0.0,1.0
1.0,1.0,1.0,1.0,1.0,1.0,0.0,0.0,0.0,2.0,2.0,4.0,201.49877303906032,1.0
0.0,0.0,1.0,1.0,1.0,1.0,0.0,0.0,0.0,2.0,1.0,4.0,151.47760566175603,1.0
1.0,1.0,1.0,2.0,1.0,3.0,1.0,1.0,1.0,1.0,2.0,4.0,334.86073943580675,1.0
0.0,0.0,1.0,1.0,3.0,3.0,1.0,1.0,0.0,3.0,4.0,4.0,500.7776185130143,1.0
0.0,0.0,1.0,1.0,1.0,2.0,1.0,1.0,0.0,3.0,3.0,3.0,30.0,0.0
0.0,0.0,1.0,3.0,3.0,3.0,1.0,0.0,0.0,2.0,4.0,3.0,317.78427990973285,0.0
1.0,0.0,1.0,1.0,2.0,2.0,0.0,0.0,0.0,3.0,4.0,4.0,30.0,0.0
0.0,0.0,1.0,1.0,1.0,1.0,1.0,0.0,0.0,2.0,1.0,4.0,493.93681401209926,1.0
1.0,1.0,1.0,2.0,1.0,2.0,1.0,0.0,0.0,1.0,3.0,3.0,30.0,0.0
1.0,0.0,1.0,2.0,1.0,1.0,1.0,1.0,1.0,1.0,3.0,3.0,60.4964342574648,0.0
0.0,0.0,1.0,1.0,3.0,3.0,1.0,0.0,0.0,1.0,2.0,3.0,135.58795942815271,1.0
0.0,0.0,1.0,1.0,1.0,1.0,1.0,0.0,0.0,1.0,2.0,3.0,329.53690044144753,1.0
1.0,0.0,1.0,1.0,1.0,1.0,1.0,0.0,0.0,1.0,2.0,3.0,249.28740467839162,1.0
0.0,0.0,1.0,1.0,1.0,2.0,1.0,0.0,0.0,1.0,2.0,3.0,739.219268904611,1.0
0.0,0.0,1.0,1.0,1.0,2.0,1.0,0.0,0.0,1.0,5.0,3.0,343.2637690522964,1.0
0.0,0.0,1.0,1.0,1.0,2.0,1.0,0.0,0.0,1.0,3.0,3.0,425.82584248744354,0.0
0.0,0.0,1.0,1.0,1.0,1.0,1.0,0.0,0.0,1.0,3.0,3.0,0.0,1.0
0.0,0.0,1.0,1.0,1.0,1.0,1.0,0.0,0.0,3.0,3.0,3.0,649.6923055932317,1.0
0.0,0.0,1.0,3.0,1.0,1.0,0.0,0.0,0.0,3.0,1.0,4.0,6.062906966607827,1.0
0.0,0.0,1.0,2.0,3.0,3.0,0.0,0.0,0.0,3.0,1.0,3.0,301.3065765070059,0.0
1.0,0.0,1.0,3.0,1.0,3.0,1.0,0.0,0.0,1.0,1.0,3.0,233.91214798400355,1.0
1.0,1.0,1.0,1.0,3.0,3.0,0.0,0.0,0.0,3.0,1.0,3.0,11.307155170836621,0.0
1.0,1.0,1.0,1.0,1.0,1.0,1.0,1.0,1.0,1.0,2.0,3.0,2.3683230338311825,0.0
0.0,0.0,1.0,2.0,3.0,2.0,0.0,0.0,0.0,3.0,1.0,4.0,291.59866124908405,1.0
0.0,0.0,1.0,1.0,1.0,2.0,0.0,0.0,0.0,3.0,6.0,4.0,457.94949694510683,0.0
1.0,1.0,1.0,1.0,3.0,3.0,1.0,1.0,1.0,2.0,3.0,4.0,19.48340415831786,1.0
0.0,0.0,1.0,1.0,3.0,3.0,1.0,0.0,0.0,3.0,4.0,3.0,0.0,1.0
0.0,0.0,1.0,1.0,1.0,3.0,1.0,0.0,0.0,3.0,4.0,3.0,84.44763274918046,0.0
1.0,0.0,1.0,1.0,1.0,2.0,1.0,0.0,0.0,3.0,4.0,4.0,0.0,1.0
1.0,0.0,1.0,1.0,3.0,3.0,1.0,0.0,0.0,1.0,5.0,3.0,477.9475569842382,1.0
1.0,0.0,1.0,1.0,1.0,1.0,0.0,0.0,0.0,3.0,1.0,3.0,59.1494316563704,0.0
0.0,0.0,1.0,1.0,3.0,1.0,1.0,1.0,0.0,1.0,2.0,3.0,88.7038482268758,1.0
1.0,0.0,1.0,2.0,1.0,2.0,1.0,0.0,1.0,3.0,1.0,3.0,317.91144879030134,0.0
0.0,0.0,1.0,1.0,1.0,1.0,1.0,0.0,0.0,3.0,2.0,4.0,194.02935053611344,1.0
1.0,0.0,1.0,1.0,1.0,2.0,1.0,0.0,0.0,3.0,2.0,4.0,108.67742565995732,0.0
0.0,0.0,1.0,1.0,1.0,2.0,1.0,0.0,0.0,3.0,2.0,4.0,156.55342835828287,0.0
1.0,0.0,1.0,1.0,1.0,1.0,1.0,1.0,0.0,1.0,2.0,3.0,257.9194576562359,1.0
0.0,0.0,1.0,1.0,1.0,2.0,1.0,0.0,0.0,3.0,3.0,4.0,141.12405169907174,0.0
0.0,0.0,1.0,1.0,3.0,2.0,1.0,1.0,1.0,1.0,2.0,4.0,380.94573048609703,1.0
0.0,0.0,1.0,3.0,1.0,3.0,1.0,0.0,0.0,3.0,4.0,3.0,10.104844944346379,0.0
0.0,0.0,1.0,1.0,1.0,1.0,0.0,0.0,0.0,3.0,3.0,4.0,84.01935599204967,0.0
0.0,0.0,1.0,1.0,1.0,1.0,1.0,0.0,0.0,3.0,1.0,3.0,276.1166844644242,1.0
1.0,0.0,1.0,2.0,1.0,1.0,1.0,1.0,0.0,1.0,2.0,4.0,93.41392912015083,0.0
0.0,1.0,1.0,2.0,1.0,2.0,1.0,1.0,1.0,2.0,2.0,4.0,368.68514556145226,1.0
0.0,0.0,1.0,1.0,1.0,1.0,1.0,1.0,0.0,2.0,4.0,4.0,229.0352336310816,0.0
1.0,0.0,1.0,2.0,1.0,3.0,0.0,0.0,0.0,2.0,4.0,3.0,351.9966497966272,1.0
0.0,0.0,1.0,3.0,1.0,2.0,1.0,0.0,0.0,3.0,1.0,4.0,0.0,1.0
0.0,0.0,1.0,1.0,3.0,2.0,1.0,0.0,1.0,1.0,5.0,4.0,445.3873746622957,1.0
1.0,0.0,1.0,1.0,1.0,2.0,1.0,0.0,0.0,1.0,3.0,3.0,240.9469894391548,0.0
0.0,0.0,1.0,1.0,1.0,2.0,0.0,0.0,0.0,3.0,2.0,4.0,170.5211566832966,1.0
1.0,0.0,1.0,1.0,1.0,2.0,0.0,1.0,0.0,3.0,2.0,3.0,279.6585095097457,1.0
1.0,0.0,1.0,1.0,3.0,2.0,0.0,1.0,0.0,3.0,2.0,4.0,135.83305272898653,0.0
0.0,0.0,1.0,2.0,1.0,1.0,0.0,0.0,0.0,3.0,1.0,4.0,0.0,0.0
1.0,0.0,1.0,1.0,3.0,3.0,1.0,0.0,0.0,2.0,3.0,3.0,25.729266923930417,1.0
1.0,0.0,1.0,2.0,1.0,1.0,0.0,0.0,0.0,3.0,2.0,4.0,171.6920652507105,1.0
1.0,0.0,1.0,1.0,1.0,1.0,0.0,0.0,0.0,3.0,1.0,3.0,366.4131111993007,0.0
1.0,1.0,1.0,1.0,1.0,3.0,0.0,1.0,1.0,2.0,2.0,3.0,184.50088579335363,1.0
1.0,0.0,1.0,1.0,3.0,3.0,1.0,1.0,1.0,2.0,2.0,4.0,941.3310499660906,0.0
1.0,1.0,1.0,1.0,1.0,1.0,1.0,1.0,0.0,1.0,2.0,3.0,434.5191081956656,0.0
1.0,0.0,1.0,3.0,1.0,1.0,1.0,1.0,0.0,1.0,3.0,3.0,150.6129679945744,1.0
1.0,0.0,1.0,1.0,3.0,3.0,1.0,1.0,1.0,1.0,2.0,3.0,204.73950336762465,0.0
1.0,0.0,1.0,3.0,1.0,1.0,1.0,0.0,0.0,2.0,2.0,3.0,0.0,1.0
0.0,0.0,1.0,1.0,3.0,3.0,1.0,0.0,0.0,3.0,2.0,3.0,362.5788607372816,0.0
0.0,0.0,1.0,1.0,1.0,2.0,1.0,0.0,0.0,3.0,2.0,3.0,301.54120139972025,1.0
0.0,0.0,1.0,1.0,1.0,1.0,1.0,0.0,0.0,2.0,2.0,3.0,168.3049640619786,0.0
0.0,0.0,1.0,1.0,3.0,2.0,1.0,0.0,0.0,3.0,1.0,3.0,255.9194519918617,0.0
0.0,0.0,1.0,2.0,1.0,2.0,1.0,1.0,0.0,1.0,2.0,3.0,316.0011540858561,1.0
1.0,0.0,1.0,1.0,1.0,1.0,1.0,1.0,1.0,1.0,1.0,4.0,10.104844944346379,1.0
1.0,0.0,1.0,2.0,1.0,1.0,0.0,0.0,0.0,3.0,2.0,3.0,295.1449773076781,0.0
1.0,0.0,1.0,2.0,1.0,1.0,1.0,0.0,0.0,3.0,1.0,4.0,350.86990853745885,0.0
1.0,1.0,1.0,1.0,3.0,3.0,1.0,1.0,1.0,1.0,2.0,2.0,473.5905077803411,0.0
0.0,0.0,1.0,2.0,1.0,1.0,1.0,0.0,0.0,1.0,1.0,3.0,204.50713687351848,1.0
1.0,0.0,1.0,1.0,3.0,1.0,0.0,0.0,0.0,3.0,1.0,3.0,263.57269399050523,0.0
1.0,0.0,1.0,1.0,1.0,2.0,1.0,1.0,1.0,1.0,3.0,3.0,267.9577793640145,0.0
0.0,0.0,1.0,2.0,1.0,2.0,1.0,1.0,0.0,1.0,3.0,3.0,259.6875827567678,1.0
0.0,0.0,1.0,1.0,1.0,1.0,1.0,0.0,0.0,1.0,5.0,3.0,32.47985874968478,0.0
1.0,0.0,1.0,1.0,1.0,2.0,1.0,0.0,0.0,1.0,2.0,3.0,89.75807931750933,0.0
1.0,0.0,1.0,1.0,1.0,1.0,1.0,0.0,0.0,2.0,2.0,3.0,548.5606693677391,1.0
1.0,1.0,1.0,1.0,3.0,3.0,1.0,1.0,1.0,2.0,5.0,3.0,177.1371884680257,0.0
1.0,0.0,1.0,1.0,3.0,2.0,0.0,0.0,0.0,2.0,1.0,4.0,68.18794838262305,1.0
1.0,0.0,1.0,1.0,1.0,1.0,1.0,1.0,1.0,2.0,2.0,3.0,106.20594608945427,0.0
0.0,0.0,1.0,1.0,1.0,1.0,1.0,1.0,0.0,1.0,2.0,4.0,97.43957624905437,0.0
0.0,0.0,1.0,1.0,1.0,2.0,1.0,1.0,1.0,1.0,3.0,4.0,1576.4361639430317,1.0
1.0,0.0,1.0,1.0,1.0,2.0,1.0,0.0,0.0,2.0,3.0,3.0,108.56402493172078,0.0
0.0,0.0,1.0,1.0,1.0,2.0,1.0,0.0,1.0,3.0,1.0,4.0,616.2784929776195,1.0
0.0,0.0,1.0,3.0,1.0,1.0,1.0,0.0,0.0,2.0,2.0,4.0,234.21977611212625,1.0
0.0,0.0,1.0,2.0,2.0,3.0,1.0,0.0,0.0,3.0,1.0,4.0,65.77620274267264,1.0
0.0,0.0,1.0,1.0,3.0,3.0,1.0,1.0,0.0,2.0,2.0,4.0,0.0,0.0
0.0,0.0,1.0,1.0,1.0,1.0,0.0,0.0,0.0,3.0,2.0,3.0,0.0,1.0
1.0,1.0,1.0,2.0,1.0,2.0,1.0,0.0,1.0,3.0,2.0,3.0,240.9469894391548,0.0
0.0,0.0,1.0,1.0,1.0,1.0,1.0,1.0,0.0,1.0,3.0,3.0,158.40128805129314,1.0
0.0,1.0,1.0,1.0,1.0,3.0,0.0,0.0,0.0,3.0,2.0,3.0,0.0,1.0
0.0,0.0,1.0,1.0,1.0,1.0,1.0,1.0,1.0,1.0,5.0,3.0,262.31222389071354,0.0
1.0,0.0,1.0,2.0,1.0,2.0,1.0,1.0,1.0,1.0,2.0,3.0,240.9469894391548,0.0
1.0,1.0,1.0,1.0,1.0,3.0,1.0,1.0,1.0,1.0,2.0,3.0,0.0,0.0
1.0,0.0,1.0,2.0,1.0,3.0,1.0,1.0,1.0,1.0,2.0,4.0,437.67291433837255,1.0
0.0,1.0,1.0,1.0,1.0,2.0,1.0,1.0,1.0,1.0,2.0,4.0,0.0,1.0
0.0,0.0,1.0,1.0,1.0,3.0,1.0,0.0,0.0,1.0,2.0,3.0,111.25434283725362,1.0
1.0,1.0,1.0,1.0,1.0,3.0,1.0,0.0,0.0,3.0,4.0,4.0,252.2409830567495,1.0
0.0,0.0,1.0,3.0,1.0,1.0,0.0,1.0,0.0,2.0,2.0,4.0,193.95751527428962,1.0
0.0,1.0,1.0,1.0,1.0,3.0,1.0,1.0,0.0,2.0,3.0,4.0,207.3569076864914,1.0
0.0,1.0,1.0,1.0,1.0,2.0,1.0,0.0,0.0,2.0,3.0,4.0,227.48937083297312,0.0
0.0,0.0,1.0,2.0,3.0,3.0,1.0,0.0,0.0,2.0,3.0,4.0,307.3206361658017,1.0
1.0,0.0,1.0,1.0,3.0,2.0,0.0,0.0,0.0,2.0,4.0,4.0,63.40258252683614,1.0
1.0,0.0,1.0,1.0,1.0,1.0,0.0,1.0,1.0,2.0,3.0,4.0,162.65129536672737,1.0
1.0,0.0,1.0,1.0,1.0,1.0,1.0,1.0,1.0,1.0,2.0,3.0,139.84383628336508,1.0
1.0,0.0,1.0,2.0,1.0,1.0,1.0,1.0,1.0,1.0,3.0,3.0,3.17580841108029,0.0
1.0,0.0,1.0,1.0,1.0,2.0,1.0,1.0,0.0,1.0,2.0,3.0,0.0,1.0
0.0,0.0,1.0,1.0,3.0,2.0,1.0,1.0,1.0,1.0,2.0,3.0,318.05255132409644,0.0
1.0,1.0,1.0,1.0,1.0,2.0,0.0,1.0,1.0,2.0,2.0,3.0,203.35524594340308,1.0
1.0,1.0,1.0,1.0,2.0,2.0,1.0,1.0,1.0,2.0,1.0,3.0,390.05912661202944,0.0
1.0,1.0,1.0,1.0,1.0,2.0,0.0,0.0,0.0,3.0,2.0,4.0,79.50386060855836,1.0
0.0,0.0,1.0,1.0,1.0,2.0,1.0,0.0,0.0,1.0,2.0,3.0,333.87917798779256,1.0
0.0,0.0,1.0,1.0,1.0,1.0,0.0,0.0,0.0,2.0,1.0,4.0,799.900272858893,1.0
0.0,0.0,1.0,1.0,3.0,3.0,1.0,0.0,0.0,3.0,1.0,4.0,29.087129443952193,1.0
0.0,0.0,1.0,1.0,1.0,1.0,0.0,0.0,0.0,3.0,1.0,4.0,105.29087045781083,0.0
1.0,0.0,1.0,1.0,3.0,3.0,1.0,0.0,0.0,3.0,4.0,3.0,449.57970946380465,0.0
0.0,0.0,1.0,2.0,1.0,3.0,1.0,0.0,0.0,3.0,1.0,3.0,554.6869074890566,1.0
1.0,0.0,1.0,1.0,3.0,3.0,1.0,1.0,1.0,2.0,2.0,3.0,280.516652889895,1.0
1.0,0.0,1.0,1.0,3.0,3.0,0.0,0.0,0.0,3.0,2.0,3.0,214.61297932332275,1.0
0.0,1.0,1.0,1.0,3.0,2.0,0.0,0.0,0.0,3.0,3.0,3.0,349.13575294193123,1.0
0.0,0.0,1.0,1.0,3.0,2.0,1.0,1.0,0.0,2.0,4.0,4.0,68.42382189735505,1.0
0.0,0.0,1.0,1.0,1.0,2.0,0.0,1.0,0.0,2.0,4.0,3.0,0.0,1.0
1.0,1.0,1.0,1.0,1.0,2.0,1.0,1.0,1.0,2.0,1.0,4.0,106.46488389010182,1.0
0.0,0.0,1.0,2.0,1.0,3.0,0.0,0.0,0.0,3.0,1.0,4.0,605.980856065959,0.0
0.0,0.0,1.0,3.0,3.0,2.0,1.0,0.0,0.0,3.0,3.0,4.0,470.29458473646855,1.0
0.0,0.0,1.0,1.0,1.0,3.0,1.0,0.0,0.0,3.0,1.0,4.0,409.26832288133244,1.0
0.0,0.0,1.0,1.0,1.0,2.0,1.0,0.0,0.0,3.0,2.0,3.0,173.99404045693586,0.0
1.0,1.0,1.0,1.0,1.0,3.0,1.0,1.0,1.0,3.0,2.0,4.0,481.02011782047003,1.0
0.0,0.0,1.0,3.0,1.0,1.0,1.0,0.0,0.0,2.0,3.0,3.0,308.5586581220054,1.0
1.0,1.0,1.0,1.0,1.0,3.0,1.0,1.0,1.0,2.0,3.0,3.0,221.40106295202446,0.0
0.0,0.0,1.0,2.0,1.0,3.0,1.0,1.0,0.0,2.0,2.0,3.0,49.820494448822046,1.0
1.0,1.0,1.0,1.0,1.0,2.0,1.0,0.0,0.0,2.0,2.0,4.0,173.73718875124442,1.0
0.0,0.0,1.0,1.0,1.0,3.0,1.0,0.0,0.0,3.0,1.0,3.0,657.5789062810888,1.0
1.0,1.0,1.0,1.0,1.0,1.0,1.0,1.0,1.0,1.0,2.0,4.0,24.712460077792905,0.0
0.0,0.0,1.0,2.0,1.0,3.0,1.0,1.0,0.0,1.0,2.0,3.0,64.1217701099004,0.0
1.0,0.0,1.0,1.0,1.0,1.0,1.0,0.0,0.0,1.0,3.0,4.0,0.0,1.0
1.0,0.0,1.0,1.0,1.0,1.0,1.0,1.0,0.0,1.0,3.0,4.0,138.06778136444103,1.0
1.0,1.0,1.0,1.0,1.0,3.0,1.0,1.0,0.0,1.0,2.0,3.0,0.0,0.0
1.0,0.0,1.0,1.0,1.0,2.0,1.0,1.0,0.0,1.0,3.0,3.0,159.58422653672872,1.0
0.0,1.0,1.0,1.0,1.0,2.0,1.0,0.0,0.0,1.0,3.0,3.0,300.8024050130265,0.0
0.0,0.0,1.0,1.0,1.0,2.0,1.0,1.0,0.0,1.0,2.0,3.0,0.0,1.0
0.0,0.0,1.0,2.0,1.0,1.0,1.0,1.0,0.0,1.0,2.0,4.0,111.31657043444032,0.0
1.0,1.0,1.0,1.0,1.0,2.0,1.0,1.0,1.0,1.0,2.0,4.0,35.84637457494326,0.0
0.0,0.0,1.0,1.0,1.0,2.0,0.0,1.0,0.0,3.0,2.0,3.0,251.08921094800917,0.0
0.0,0.0,1.0,2.0,1.0,2.0,1.0,0.0,0.0,2.0,2.0,3.0,461.6331219905493,1.0
1.0,0.0,1.0,1.0,1.0,2.0,0.0,0.0,0.0,3.0,1.0,4.0,289.4104839336881,1.0
0.0,0.0,1.0,1.0,1.0,1.0,1.0,1.0,0.0,1.0,2.0,3.0,256.0420455907766,0.0
0.0,0.0,1.0,2.0,1.0,2.0,1.0,1.0,1.0,1.0,2.0,3.0,149.46554156050448,0.0
1.0,0.0,1.0,1.0,1.0,1.0,1.0,1.0,0.0,1.0,2.0,3.0,510.5410731066671,1.0
0.0,0.0,1.0,1.0,1.0,3.0,0.0,0.0,0.0,3.0,2.0,3.0,372.76709578657176,0.0
0.0,0.0,1.0,1.0,1.0,2.0,1.0,0.0,0.0,1.0,3.0,4.0,504.4308491829095,0.0
0.0,0.0,1.0,1.0,1.0,1.0,1.0,0.0,0.0,2.0,2.0,4.0,1637.9160269409972,1.0
0.0,0.0,1.0,2.0,2.0,3.0,0.0,0.0,0.0,3.0,2.0,3.0,205.91616718008234,1.0
1.0,1.0,1.0,1.0,3.0,3.0,1.0,1.0,1.0,1.0,2.0,3.0,88.4173932630308,0.0
0.0,0.0,1.0,1.0,1.0,1.0,1.0,1.0,0.0,1.0,3.0,3.0,345.6567615475484,1.0
1.0,1.0,1.0,1.0,1.0,1.0,1.0,1.0,1.0,1.0,2.0,3.0,408.56067083409073,1.0
0.0,0.0,1.0,1.0,1.0,3.0,0.0,0.0,0.0,2.0,2.0,3.0,235.146959601329,1.0
0.0,0.0,1.0,1.0,1.0,2.0,0.0,0.0,0.0,3.0,2.0,3.0,30.0,0.0
0.0,0.0,1.0,1.0,1.0,1.0,1.0,0.0,0.0,3.0,1.0,4.0,301.2259359891488,1.0
0.0,0.0,1.0,1.0,1.0,3.0,1.0,0.0,0.0,3.0,2.0,4.0,0.0,1.0
0.0,0.0,1.0,1.0,1.0,1.0,0.0,0.0,0.0,3.0,2.0,4.0,259.67212472113874,0.0
1.0,0.0,1.0,2.0,1.0,1.0,0.0,0.0,0.0,2.0,3.0,4.0,348.77261361722566,1.0
0.0,0.0,1.0,2.0,1.0,3.0,1.0,1.0,1.0,3.0,1.0,4.0,552.5989795720936,1.0
1.0,1.0,1.0,1.0,3.0,2.0,1.0,1.0,1.0,2.0,2.0,4.0,99.54749754776256,0.0
1.0,1.0,1.0,1.0,1.0,2.0,1.0,1.0,1.0,2.0,2.0,4.0,257.57819966689505,1.0
1.0,0.0,1.0,1.0,1.0,2.0,0.0,0.0,0.0,2.0,3.0,3.0,68.17622936019558,0.0
0.0,0.0,1.0,1.0,1.0,1.0,0.0,0.0,0.0,2.0,4.0,3.0,305.7737252220344,1.0
1.0,0.0,1.0,1.0,1.0,1.0,0.0,1.0,1.0,2.0,2.0,4.0,146.2270307459767,1.0
0.0,0.0,1.0,2.0,1.0,3.0,0.0,0.0,0.0,3.0,1.0,4.0,0.0,1.0
0.0,0.0,1.0,1.0,1.0,1.0,1.0,1.0,0.0,1.0,2.0,4.0,393.466480184068,1.0
0.0,0.0,1.0,1.0,2.0,3.0,1.0,1.0,0.0,1.0,3.0,4.0,272.9860044901662,0.0
1.0,1.0,1.0,1.0,3.0,3.0,1.0,1.0,1.0,1.0,2.0,4.0,310.63924648880976,1.0
1.0,1.0,1.0,2.0,1.0,3.0,1.0,1.0,1.0,1.0,2.0,4.0,47.11744842620941,0.0
1.0,0.0,1.0,1.0,1.0,1.0,1.0,0.0,0.0,1.0,3.0,3.0,0.0,0.0
0.0,1.0,1.0,1.0,3.0,3.0,1.0,0.0,0.0,2.0,1.0,3.0,173.9047993880393,0.0
0.0,0.0,1.0,1.0,1.0,3.0,0.0,0.0,0.0,2.0,2.0,3.0,305.73802498761864,1.0
0.0,0.0,1.0,1.0,1.0,1.0,1.0,0.0,0.0,3.0,2.0,4.0,234.21977611212625,1.0
0.0,0.0,1.0,2.0,1.0,1.0,0.0,0.0,0.0,2.0,2.0,3.0,0.0,1.0
0.0,1.0,1.0,1.0,1.0,1.0,1.0,1.0,0.0,1.0,2.0,4.0,554.825144281956,0.0
1.0,0.0,1.0,1.0,1.0,1.0,0.0,0.0,0.0,3.0,6.0,4.0,0.0,1.0
1.0,0.0,1.0,1.0,3.0,2.0,0.0,1.0,1.0,2.0,2.0,4.0,230.33276249152266,1.0
0.0,0.0,1.0,2.0,1.0,1.0,1.0,0.0,0.0,3.0,2.0,4.0,0.0,1.0
1.0,0.0,1.0,2.0,1.0,1.0,1.0,1.0,0.0,1.0,2.0,4.0,10.40799029267677,1.0
1.0,0.0,1.0,1.0,3.0,2.0,1.0,1.0,1.0,2.0,2.0,4.0,256.6725168318346,0.0
0.0,0.0,1.0,1.0,1.0,2.0,1.0,0.0,0.0,2.0,2.0,3.0,30.0,0.0
1.0,0.0,1.0,1.0,1.0,1.0,1.0,0.0,0.0,2.0,2.0,3.0,104.75086668868893,1.0
0.0,0.0,1.0,3.0,1.0,1.0,1.0,0.0,0.0,2.0,2.0,3.0,237.12734215350844,1.0
0.0,0.0,1.0,1.0,1.0,1.0,0.0,0.0,0.0,3.0,6.0,3.0,300.0963387291896,1.0
1.0,0.0,1.0,1.0,1.0,1.0,1.0,0.0,0.0,2.0,3.0,4.0,0.0,1.0
0.0,0.0,1.0,1.0,1.0,3.0,1.0,0.0,0.0,1.0,2.0,4.0,53.77221059670036,1.0
0.0,0.0,1.0,2.0,1.0,1.0,0.0,0.0,0.0,3.0,1.0,4.0,263.57269399050523,1.0
1.0,0.0,1.0,1.0,1.0,2.0,0.0,0.0,0.0,2.0,1.0,4.0,95.50104847853098,0.0
0.0,0.0,1.0,1.0,1.0,1.0,0.0,0.0,0.0,3.0,2.0,4.0,83.6236630504437,1.0
0.0,0.0,1.0,3.0,1.0,1.0,0.0,0.0,0.0,3.0,1.0,3.0,0.0,1.0
0.0,0.0,1.0,1.0,1.0,2.0,0.0,0.0,0.0,2.0,1.0,4.0,40.826619583228265,0.0
0.0,0.0,1.0,1.0,1.0,1.0,1.0,0.0,0.0,1.0,3.0,3.0,225.73900833214125,1.0
1.0,0.0,1.0,1.0,1.0,2.0,0.0,0.0,0.0,3.0,1.0,3.0,419.48585438254406,1.0
0.0,0.0,1.0,2.0,1.0,2.0,1.0,0.0,0.0,1.0,2.0,4.0,139.13232539894085,0.0
1.0,0.0,1.0,1.0,1.0,2.0,0.0,0.0,0.0,3.0,1.0,4.0,352.70579898711446,1.0
0.0,0.0,1.0,1.0,3.0,3.0,1.0,0.0,0.0,2.0,6.0,3.0,417.9330073004464,1.0
0.0,0.0,1.0,1.0,2.0,2.0,0.0,0.0,0.0,3.0,1.0,4.0,311.738020739338,0.0
1.0,0.0,1.0,1.0,3.0,3.0,1.0,1.0,1.0,2.0,2.0,4.0,339.46800287164683,0.0
0.0,0.0,1.0,2.0,1.0,1.0,1.0,1.0,0.0,1.0,2.0,4.0,40.98386340238517,1.0
1.0,0.0,1.0,1.0,1.0,1.0,0.0,0.0,0.0,2.0,1.0,4.0,63.508950475216984,0.0
0.0,0.0,1.0,1.0,1.0,2.0,0.0,0.0,0.0,2.0,1.0,4.0,184.81645887240714,1.0
0.0,0.0,1.0,1.0,1.0,2.0,0.0,0.0,0.0,2.0,6.0,4.0,495.95886973321484,0.0
0.0,0.0,1.0,1.0,3.0,2.0,0.0,0.0,0.0,3.0,1.0,3.0,103.69873556190421,1.0
1.0,0.0,1.0,1.0,1.0,2.0,1.0,0.0,0.0,2.0,1.0,4.0,37.62981460896128,1.0
1.0,0.0,1.0,1.0,3.0,2.0,1.0,0.0,0.0,2.0,5.0,4.0,338.75658438887757,0.0
0.0,0.0,1.0,1.0,1.0,2.0,0.0,0.0,0.0,3.0,1.0,3.0,361.6882545043568,0.0
0.0,0.0,1.0,1.0,1.0,1.0,1.0,0.0,0.0,2.0,1.0,4.0,760.3058480495347,1.0
0.0,0.0,1.0,3.0,1.0,2.0,1.0,1.0,0.0,1.0,2.0,4.0,94.2102026253455,1.0
1.0,1.0,1.0,2.0,1.0,1.0,1.0,1.0,1.0,1.0,2.0,3.0,112.12355312335441,1.0
0.0,0.0,1.0,2.0,1.0,1.0,1.0,1.0,0.0,1.0,2.0,4.0,64.4225760431317,0.0
1.0,0.0,1.0,1.0,3.0,3.0,0.0,1.0,0.0,2.0,2.0,4.0,225.77975202503092,0.0
0.0,0.0,1.0,1.0,1.0,1.0,1.0,1.0,1.0,1.0,2.0,4.0,106.01425895897114,0.0
0.0,0.0,1.0,1.0,1.0,1.0,1.0,1.0,0.0,1.0,2.0,4.0,25.983886999747828,0.0
0.0,0.0,1.0,2.0,1.0,2.0,1.0,1.0,0.0,1.0,2.0,4.0,225.81867848213685,1.0
0.0,0.0,1.0,2.0,1.0,2.0,1.0,0.0,0.0,3.0,4.0,3.0,30.0,0.0
1.0,0.0,1.0,1.0,3.0,3.0,0.0,1.0,1.0,2.0,3.0,4.0,0.0,1.0
1.0,0.0,1.0,1.0,1.0,3.0,0.0,1.0,0.0,2.0,3.0,3.0,148.95559744342836,0.0
1.0,0.0,1.0,2.0,1.0,2.0,1.0,1.0,0.0,1.0,2.0,4.0,96.69197663268609,0.0
0.0,0.0,1.0,1.0,1.0,2.0,1.0,1.0,0.0,1.0,2.0,4.0,38.92098428142063,1.0
0.0,0.0,1.0,1.0,1.0,1.0,0.0,0.0,0.0,3.0,1.0,4.0,508.31876698168867,1.0
1.0,1.0,1.0,1.0,1.0,2.0,1.0,1.0,1.0,1.0,2.0,4.0,0.0,1.0
0.0,0.0,1.0,2.0,1.0,2.0,0.0,0.0,0.0,3.0,3.0,3.0,48.013725093040634,1.0
0.0,1.0,1.0,2.0,3.0,3.0,1.0,1.0,1.0,1.0,2.0,4.0,307.3206361658017,1.0
1.0,0.0,1.0,1.0,1.0,2.0,1.0,1.0,1.0,1.0,1.0,4.0,331.51859386975184,0.0
1.0,0.0,1.0,1.0,1.0,2.0,0.0,0.0,0.0,3.0,3.0,3.0,0.0,1.0
0.0,0.0,1.0,1.0,2.0,2.0,1.0,0.0,0.0,1.0,2.0,3.0,153.78919634547577,0.0
1.0,0.0,1.0,1.0,3.0,2.0,0.0,0.0,0.0,2.0,3.0,4.0,0.0,1.0
0.0,0.0,1.0,1.0,1.0,1.0,1.0,0.0,0.0,3.0,1.0,3.0,422.5236579471514,1.0
1.0,0.0,1.0,1.0,1.0,1.0,1.0,0.0,0.0,1.0,4.0,3.0,0.0,0.0
0.0,1.0,1.0,3.0,1.0,2.0,0.0,0.0,0.0,3.0,1.0,3.0,370.2082649027297,0.0
0.0,0.0,1.0,1.0,1.0,3.0,1.0,0.0,0.0,1.0,3.0,4.0,0.0,1.0
1.0,0.0,1.0,1.0,3.0,3.0,1.0,0.0,0.0,1.0,2.0,3.0,241.33105624137764,1.0
0.0,0.0,1.0,1.0,2.0,2.0,1.0,0.0,1.0,3.0,1.0,3.0,556.1781259413232,1.0
0.0,0.0,1.0,3.0,1.0,2.0,1.0,0.0,0.0,3.0,1.0,2.0,346.1132581168405,1.0
0.0,0.0,1.0,2.0,1.0,1.0,1.0,1.0,0.0,1.0,2.0,4.0,46.387114131297594,1.0
0.0,0.0,1.0,1.0,1.0,1.0,1.0,0.0,0.0,3.0,1.0,4.0,249.91945624014235,1.0
0.0,0.0,1.0,1.0,1.0,1.0,0.0,0.0,0.0,3.0,1.0,3.0,389.87435173462194,1.0
0.0,0.0,1.0,1.0,1.0,1.0,1.0,1.0,0.0,1.0,2.0,3.0,40.88853329265873,0.0
0.0,0.0,1.0,1.0,1.0,1.0,1.0,0.0,0.0,2.0,2.0,4.0,418.74253335283134,0.0
0.0,0.0,1.0,1.0,3.0,2.0,1.0,0.0,0.0,2.0,6.0,4.0,371.43161933911483,1.0
0.0,0.0,1.0,1.0,1.0,1.0,1.0,0.0,0.0,2.0,5.0,4.0,45.4718022495587,1.0
0.0,0.0,1.0,1.0,1.0,3.0,1.0,0.0,0.0,1.0,5.0,3.0,216.44818111999098,0.0
1.0,0.0,1.0,2.0,1.0,3.0,1.0,1.0,0.0,1.0,4.0,3.0,99.69088605341798,1.0
1.0,0.0,1.0,1.0,1.0,1.0,1.0,0.0,0.0,1.0,5.0,4.0,95.29356857518025,0.0
0.0,1.0,1.0,1.0,3.0,3.0,1.0,0.0,0.0,3.0,2.0,4.0,543.1453908131978,1.0
1.0,0.0,1.0,1.0,1.0,1.0,1.0,1.0,1.0,3.0,2.0,3.0,0.0,0.0
1.0,1.0,1.0,1.0,1.0,1.0,1.0,0.0,0.0,1.0,1.0,4.0,38.277733511845156,1.0
1.0,1.0,1.0,1.0,1.0,2.0,1.0,1.0,1.0,1.0,2.0,4.0,415.1272301747493,1.0
0.0,0.0,1.0,1.0,3.0,3.0,1.0,1.0,0.0,1.0,2.0,4.0,432.8038568337045,1.0
1.0,0.0,1.0,1.0,3.0,2.0,1.0,1.0,0.0,1.0,2.0,4.0,368.7884574052033,0.0
0.0,0.0,1.0,1.0,1.0,1.0,1.0,0.0,0.0,2.0,1.0,4.0,564.6474290086722,1.0
0.0,0.0,1.0,2.0,1.0,3.0,1.0,0.0,0.0,2.0,2.0,4.0,510.7463300874996,1.0
1.0,0.0,1.0,1.0,3.0,2.0,1.0,1.0,0.0,1.0,2.0,3.0,0.0,1.0
1.0,1.0,1.0,1.0,1.0,3.0,1.0,1.0,1.0,1.0,3.0,4.0,0.0,1.0
1.0,1.0,1.0,1.0,1.0,1.0,1.0,1.0,1.0,1.0,3.0,4.0,326.71767432481596,0.0
1.0,0.0,1.0,1.0,2.0,3.0,1.0,1.0,0.0,3.0,2.0,4.0,312.8146756708045,0.0
1.0,0.0,1.0,1.0,1.0,1.0,1.0,0.0,0.0,1.0,2.0,4.0,456.3485989690939,1.0
0.0,0.0,1.0,2.0,3.0,2.0,1.0,1.0,0.0,1.0,2.0,4.0,0.0,1.0
0.0,0.0,1.0,1.0,1.0,2.0,1.0,0.0,0.0,1.0,2.0,4.0,297.549660359226,0.0
0.0,1.0,1.0,2.0,1.0,2.0,1.0,0.0,0.0,3.0,6.0,4.0,127.3734687709375,1.0
0.0,0.0,1.0,3.0,1.0,2.0,1.0,1.0,0.0,1.0,3.0,4.0,60.31453483303913,0.0
0.0,0.0,1.0,1.0,1.0,1.0,1.0,0.0,0.0,1.0,2.0,4.0,0.0,1.0
1.0,0.0,1.0,2.0,1.0,1.0,1.0,0.0,0.0,1.0,2.0,4.0,207.37036484225828,0.0
1.0,1.0,1.0,1.0,1.0,1.0,1.0,1.0,0.0,2.0,2.0,4.0,85.23387779828711,0.0
1.0,1.0,1.0,1.0,1.0,2.0,1.0,1.0,1.0,1.0,1.0,4.0,189.33421474231636,1.0
0.0,0.0,1.0,1.0,3.0,2.0,0.0,0.0,0.0,2.0,1.0,4.0,465.53952417389365,1.0
0.0,1.0,1.0,1.0,1.0,2.0,1.0,0.0,1.0,2.0,1.0,4.0,214.35367242415418,0.0
0.0,0.0,1.0,3.0,1.0,1.0,1.0,0.0,0.0,3.0,1.0,3.0,719.4656950317229,0.0
0.0,0.0,1.0,1.0,1.0,3.0,1.0,0.0,0.0,1.0,3.0,4.0,253.957971196278,1.0
1.0,0.0,1.0,1.0,1.0,1.0,0.0,0.0,0.0,3.0,1.0,3.0,433.64922547866024,1.0
1.0,1.0,1.0,1.0,3.0,3.0,1.0,1.0,1.0,1.0,2.0,4.0,465.83412893215467,0.0
0.0,0.0,1.0,1.0,1.0,1.0,1.0,1.0,0.0,1.0,2.0,4.0,112.0104017714824,0.0
1.0,0.0,1.0,1.0,1.0,1.0,1.0,1.0,0.0,1.0,5.0,4.0,139.75700177347565,0.0
1.0,1.0,1.0,2.0,1.0,2.0,1.0,1.0,0.0,1.0,2.0,4.0,82.1542876449875,1.0
1.0,1.0,1.0,1.0,1.0,3.0,1.0,0.0,0.0,2.0,2.0,4.0,347.82281626934207,1.0
0.0,0.0,1.0,2.0,1.0,2.0,1.0,0.0,0.0,3.0,3.0,4.0,0.0,1.0
1.0,0.0,1.0,1.0,3.0,3.0,1.0,0.0,0.0,1.0,6.0,4.0,0.0,1.0
0.0,1.0,1.0,1.0,2.0,3.0,1.0,0.0,1.0,3.0,3.0,3.0,83.36497079085761,0.0
0.0,1.0,1.0,2.0,1.0,1.0,0.0,0.0,0.0,3.0,3.0,4.0,0.0,0.0
1.0,1.0,1.0,1.0,1.0,3.0,0.0,1.0,0.0,3.0,2.0,3.0,176.63227297819057,1.0
0.0,0.0,1.0,2.0,1.0,1.0,0.0,0.0,0.0,3.0,2.0,4.0,145.50976719858784,1.0
0.0,0.0,1.0,2.0,1.0,1.0,1.0,0.0,0.0,3.0,2.0,4.0,206.04410394331288,0.0
1.0,0.0,1.0,1.0,1.0,1.0,0.0,0.0,0.0,2.0,2.0,3.0,195.62759730446982,1.0
0.0,0.0,1.0,2.0,2.0,3.0,1.0,0.0,0.0,3.0,3.0,3.0,192.79792781891547,0.0
1.0,0.0,1.0,1.0,1.0,1.0,0.0,0.0,0.0,3.0,3.0,3.0,174.32612789479606,1.0
0.0,1.0,1.0,1.0,3.0,3.0,0.0,0.0,0.0,3.0,2.0,3.0,0.0,1.0
0.0,0.0,1.0,1.0,3.0,2.0,0.0,0.0,0.0,3.0,3.0,4.0,247.6886390403343,1.0
0.0,1.0,1.0,2.0,1.0,3.0,1.0,0.0,0.0,3.0,3.0,4.0,432.89636223998195,0.0
0.0,0.0,1.0,1.0,1.0,1.0,0.0,1.0,0.0,2.0,1.0,3.0,771.0696312004461,0.0
0.0,0.0,1.0,1.0,1.0,1.0,1.0,1.0,0.0,1.0,2.0,4.0,0.0,1.0
1.0,1.0,1.0,1.0,1.0,3.0,1.0,0.0,0.0,3.0,2.0,4.0,46.83595631704546,1.0
1.0,1.0,1.0,1.0,1.0,1.0,1.0,1.0,1.0,1.0,2.0,4.0,0.0,1.0
1.0,1.0,1.0,1.0,3.0,3.0,0.0,1.0,1.0,2.0,3.0,4.0,0.0,1.0
0.0,0.0,1.0,1.0,1.0,1.0,1.0,0.0,0.0,1.0,1.0,4.0,317.8391322657748,0.0
0.0,0.0,1.0,1.0,1.0,1.0,1.0,0.0,0.0,1.0,2.0,3.0,624.052035401259,1.0
0.0,0.0,1.0,1.0,1.0,1.0,1.0,0.0,0.0,1.0,2.0,3.0,247.3730848745914,1.0
0.0,0.0,1.0,1.0,3.0,3.0,0.0,0.0,0.0,2.0,2.0,4.0,75.78633708259783,0.0
0.0,0.0,1.0,1.0,3.0,1.0,1.0,1.0,0.0,3.0,3.0,3.0,470.53952417389365,0.0
0.0,0.0,1.0,1.0,1.0,1.0,1.0,0.0,0.0,2.0,1.0,3.0,168.3049640619786,0.0
0.0,0.0,1.0,1.0,1.0,1.0,1.0,1.0,0.0,2.0,3.0,3.0,405.4168540282265,1.0
1.0,0.0,1.0,1.0,1.0,3.0,1.0,1.0,0.0,2.0,3.0,4.0,173.9047993880393,0.0
1.0,0.0,1.0,2.0,1.0,1.0,0.0,0.0,0.0,3.0,2.0,3.0,74.91997651180229,1.0
0.0,0.0,1.0,1.0,1.0,1.0,1.0,0.0,0.0,1.0,2.0,3.0,265.2198395783772,0.0
0.0,0.0,1.0,3.0,1.0,1.0,1.0,1.0,0.0,1.0,2.0,3.0,188.21580966955742,1.0
0.0,0.0,1.0,2.0,1.0,2.0,0.0,0.0,0.0,2.0,1.0,4.0,12.842269073160175,1.0
1.0,0.0,1.0,1.0,1.0,2.0,1.0,0.0,0.0,2.0,5.0,3.0,98.52954976462024,1.0
1.0,1.0,1.0,1.0,3.0,3.0,1.0,1.0,1.0,1.0,2.0,3.0,335.78917544973,0.0
0.0,0.0,1.0,3.0,1.0,3.0,1.0,1.0,0.0,2.0,1.0,4.0,0.0,1.0
0.0,0.0,1.0,3.0,1.0,1.0,1.0,0.0,0.0,2.0,3.0,4.0,258.7967382956414,0.0
1.0,0.0,1.0,1.0,1.0,1.0,1.0,0.0,0.0,2.0,2.0,3.0,126.40878867327271,1.0
0.0,0.0,1.0,1.0,1.0,1.0,1.0,0.0,0.0,2.0,2.0,4.0,19.0007173685656,1.0
1.0,0.0,1.0,1.0,3.0,2.0,1.0,1.0,1.0,1.0,2.0,4.0,0.0,1.0
1.0,0.0,1.0,1.0,3.0,3.0,1.0,1.0,1.0,1.0,2.0,4.0,0.0,0.0
1.0,0.0,1.0,1.0,3.0,3.0,0.0,0.0,0.0,3.0,2.0,4.0,286.378447865495,1.0
0.0,0.0,1.0,2.0,1.0,2.0,1.0,0.0,0.0,2.0,1.0,4.0,670.007352679248,0.0
0.0,0.0,1.0,1.0,1.0,2.0,0.0,0.0,0.0,3.0,1.0,4.0,277.3237145043361,1.0
0.0,0.0,1.0,1.0,1.0,2.0,1.0,0.0,0.0,2.0,3.0,3.0,175.42554887525597,1.0
0.0,0.0,1.0,1.0,3.0,2.0,0.0,0.0,0.0,3.0,2.0,3.0,30.0,0.0
1.0,0.0,1.0,1.0,1.0,1.0,1.0,0.0,0.0,1.0,2.0,3.0,52.693538660209505,1.0
0.0,0.0,1.0,1.0,1.0,3.0,1.0,1.0,0.0,1.0,3.0,4.0,0.0,0.0
1.0,0.0,1.0,1.0,3.0,2.0,1.0,1.0,0.0,1.0,2.0,4.0,278.5807825845552,1.0
0.0,0.0,1.0,2.0,1.0,1.0,1.0,0.0,0.0,2.0,2.0,2.0,0.0,1.0
1.0,0.0,1.0,1.0,1.0,2.0,1.0,0.0,0.0,1.0,2.0,3.0,143.33666267042784,0.0
0.0,0.0,1.0,1.0,1.0,2.0,0.0,0.0,0.0,3.0,4.0,2.0,308.2427057747452,0.0
0.0,0.0,1.0,1.0,1.0,1.0,1.0,1.0,0.0,2.0,3.0,4.0,496.88973752763155,0.0
1.0,0.0,1.0,1.0,1.0,2.0,1.0,1.0,0.0,2.0,3.0,4.0,151.1639274747776,0.0
1.0,0.0,1.0,1.0,1.0,1.0,1.0,1.0,0.0,1.0,6.0,4.0,0.0,0.0
0.0,0.0,1.0,1.0,1.0,2.0,0.0,0.0,0.0,2.0,2.0,4.0,224.17911299539347,0.0
0.0,0.0,1.0,1.0,2.0,2.0,0.0,0.0,0.0,2.0,1.0,4.0,396.1349443582442,1.0
1.0,0.0,1.0,1.0,1.0,1.0,0.0,0.0,0.0,2.0,3.0,4.0,0.0,0.0
1.0,1.0,1.0,1.0,2.0,3.0,1.0,0.0,0.0,3.0,2.0,3.0,37.690517236122076,1.0
0.0,1.0,1.0,2.0,1.0,3.0,1.0,0.0,0.0,3.0,2.0,3.0,0.0,0.0
1.0,0.0,1.0,2.0,1.0,1.0,1.0,1.0,0.0,3.0,3.0,4.0,249.0140683547528,0.0
0.0,0.0,1.0,2.0,1.0,1.0,1.0,1.0,0.0,1.0,2.0,4.0,0.0,1.0
0.0,0.0,1.0,1.0,1.0,1.0,0.0,0.0,0.0,2.0,3.0,4.0,125.68186868748768,0.0
0.0,0.0,1.0,1.0,3.0,2.0,0.0,0.0,1.0,2.0,3.0,4.0,22.649197701618604,1.0
0.0,0.0,1.0,1.0,2.0,2.0,0.0,0.0,0.0,3.0,3.0,3.0,312.3237145043361,0.0
0.0,0.0,1.0,1.0,3.0,2.0,0.0,0.0,0.0,2.0,3.0,4.0,122.02563739602142,1.0
0.0,0.0,1.0,1.0,3.0,3.0,1.0,0.0,0.0,3.0,1.0,3.0,545.4494164223772,0.0
0.0,0.0,1.0,1.0,3.0,2.0,0.0,1.0,0.0,2.0,1.0,3.0,459.70483407413724,1.0
1.0,0.0,1.0,3.0,1.0,2.0,1.0,0.0,0.0,3.0,1.0,2.0,35.654528785758856,1.0
0.0,0.0,1.0,3.0,1.0,2.0,1.0,0.0,0.0,1.0,3.0,2.0,368.7884574052033,0.0
0.0,0.0,1.0,1.0,1.0,1.0,0.0,0.0,0.0,3.0,3.0,3.0,90.94360449911741,1.0
0.0,1.0,1.0,1.0,3.0,3.0,1.0,0.0,0.0,3.0,3.0,3.0,228.1906165881948,1.0
1.0,0.0,1.0,1.0,1.0,1.0,1.0,1.0,0.0,1.0,3.0,4.0,56.298421832786964,1.0
0.0,0.0,1.0,1.0,1.0,1.0,0.0,0.0,0.0,3.0,1.0,4.0,332.59793261868055,0.0
0.0,0.0,1.0,1.0,2.0,3.0,1.0,0.0,0.0,3.0,1.0,4.0,354.48431996717187,1.0
1.0,1.0,1.0,2.0,1.0,2.0,0.0,0.0,0.0,3.0,1.0,3.0,268.44131236071235,1.0
0.0,0.0,1.0,1.0,3.0,3.0,1.0,0.0,0.0,3.0,1.0,4.0,295.5814101046166,0.0
0.0,0.0,1.0,2.0,3.0,2.0,0.0,0.0,0.0,3.0,1.0,3.0,325.1614723884222,1.0
1.0,0.0,1.0,1.0,1.0,2.0,1.0,1.0,1.0,1.0,3.0,4.0,0.0,1.0
1.0,0.0,1.0,2.0,1.0,1.0,1.0,0.0,0.0,1.0,3.0,4.0,49.08067544396811,1.0
0.0,1.0,1.0,1.0,1.0,1.0,0.0,0.0,0.0,3.0,2.0,4.0,301.6861014451862,1.0
1.0,1.0,1.0,1.0,1.0,2.0,1.0,1.0,1.0,1.0,2.0,4.0,0.0,1.0
1.0,1.0,1.0,1.0,1.0,3.0,1.0,1.0,1.0,1.0,2.0,4.0,91.15562579928894,0.0
1.0,0.0,1.0,1.0,1.0,1.0,0.0,0.0,0.0,3.0,1.0,3.0,118.57596009182116,1.0
1.0,1.0,1.0,1.0,3.0,3.0,1.0,0.0,0.0,3.0,1.0,4.0,119.52588019884001,0.0
1.0,1.0,1.0,1.0,1.0,2.0,1.0,0.0,0.0,2.0,3.0,3.0,12.32259133316522,1.0
0.0,0.0,1.0,1.0,1.0,2.0,1.0,1.0,0.0,1.0,2.0,3.0,406.43161933911483,0.0
0.0,0.0,1.0,1.0,1.0,1.0,1.0,1.0,0.0,1.0,2.0,3.0,254.30659443999437,1.0
1.0,1.0,1.0,1.0,1.0,1.0,1.0,1.0,1.0,1.0,2.0,4.0,130.64033077816705,1.0
1.0,0.0,1.0,1.0,1.0,1.0,1.0,1.0,1.0,1.0,2.0,3.0,199.78319589123672,0.0
0.0,0.0,1.0,1.0,1.0,1.0,1.0,0.0,0.0,2.0,2.0,4.0,0.0,1.0
0.0,0.0,1.0,1.0,1.0,1.0,0.0,0.0,0.0,3.0,1.0,3.0,54.13309791614131,0.0
0.0,0.0,1.0,2.0,1.0,3.0,1.0,0.0,0.0,2.0,5.0,4.0,254.59030625814324,1.0
0.0,0.0,1.0,1.0,1.0,1.0,1.0,0.0,0.0,2.0,6.0,3.0,319.96687643824754,0.0
0.0,1.0,1.0,1.0,1.0,2.0,1.0,1.0,1.0,1.0,2.0,4.0,210.07898052374034,0.0
0.0,0.0,1.0,1.0,1.0,1.0,1.0,1.0,0.0,1.0,1.0,4.0,361.3743545655502,1.0
0.0,0.0,1.0,1.0,1.0,1.0,1.0,1.0,1.0,1.0,2.0,4.0,0.0,1.0
0.0,0.0,1.0,2.0,1.0,1.0,1.0,0.0,0.0,3.0,1.0,4.0,256.12809328035337,1.0
1.0,1.0,1.0,1.0,1.0,3.0,1.0,1.0,1.0,1.0,2.0,4.0,0.0,1.0
1.0,1.0,1.0,1.0,3.0,2.0,1.0,1.0,1.0,1.0,2.0,4.0,384.222153798107,0.0
0.0,0.0,1.0,1.0,1.0,2.0,0.0,1.0,0.0,2.0,2.0,3.0,259.3376135234375,1.0
0.0,0.0,1.0,1.0,1.0,1.0,0.0,0.0,0.0,3.0,3.0,4.0,205.86104182607846,1.0
0.0,0.0,1.0,2.0,1.0,2.0,0.0,0.0,0.0,3.0,2.0,4.0,201.0801982866657,0.0
0.0,0.0,1.0,1.0,1.0,1.0,0.0,1.0,0.0,2.0,2.0,4.0,352.97394357545363,1.0
0.0,0.0,1.0,1.0,1.0,2.0,1.0,0.0,0.0,3.0,1.0,4.0,224.61604910583395,1.0
0.0,0.0,1.0,1.0,1.0,2.0,0.0,0.0,0.0,3.0,2.0,4.0,90.62906966607827,0.0
0.0,0.0,1.0,1.0,1.0,2.0,0.0,0.0,0.0,3.0,1.0,4.0,450.246989638242,1.0
1.0,0.0,1.0,1.0,1.0,1.0,1.0,1.0,1.0,2.0,2.0,4.0,0.0,0.0
0.0,0.0,1.0,1.0,1.0,1.0,1.0,1.0,0.0,1.0,2.0,4.0,0.0,0.0
0.0,0.0,1.0,2.0,1.0,1.0,1.0,0.0,0.0,2.0,2.0,4.0,0.0,1.0
0.0,1.0,1.0,2.0,3.0,2.0,0.0,0.0,0.0,3.0,2.0,4.0,406.43161933911483,0.0
0.0,1.0,1.0,1.0,1.0,1.0,0.0,0.0,0.0,3.0,2.0,3.0,29.23187287471631,1.0
1.0,1.0,1.0,1.0,3.0,3.0,1.0,1.0,0.0,1.0,2.0,3.0,35.18651364549184,1.0
0.0,0.0,1.0,1.0,1.0,3.0,1.0,0.0,0.0,3.0,1.0,4.0,417.66425034282634,1.0
1.0,0.0,1.0,1.0,1.0,1.0,0.0,0.0,0.0,3.0,4.0,3.0,9.383070305464493,1.0
0.0,0.0,1.0,1.0,1.0,2.0,0.0,0.0,0.0,2.0,1.0,4.0,548.301131685449,1.0
0.0,0.0,1.0,1.0,1.0,2.0,0.0,0.0,0.0,3.0,4.0,3.0,227.83479643871635,1.0
0.0,0.0,1.0,1.0,1.0,2.0,1.0,1.0,0.0,1.0,2.0,4.0,259.3376135234375,1.0
0.0,0.0,1.0,2.0,1.0,1.0,1.0,0.0,0.0,2.0,2.0,3.0,0.0,0.0
1.0,1.0,1.0,1.0,1.0,1.0,1.0,1.0,1.0,1.0,2.0,4.0,201.24592301697672,1.0
0.0,0.0,1.0,1.0,1.0,2.0,0.0,0.0,0.0,3.0,1.0,4.0,222.40705955331703,1.0
0.0,0.0,1.0,1.0,1.0,1.0,1.0,1.0,1.0,1.0,1.0,4.0,419.2628751158849,0.0
0.0,1.0,1.0,2.0,1.0,3.0,1.0,0.0,0.0,3.0,2.0,4.0,260.86711220200647,0.0
1.0,0.0,1.0,1.0,1.0,2.0,0.0,0.0,0.0,3.0,2.0,4.0,67.75488359929392,1.0
0.0,0.0,1.0,2.0,2.0,2.0,1.0,0.0,0.0,1.0,1.0,4.0,516.4913460188642,0.0
0.0,0.0,1.0,1.0,3.0,3.0,0.0,0.0,0.0,2.0,1.0,4.0,851.8647755646273,1.0
1.0,0.0,1.0,1.0,1.0,2.0,0.0,1.0,0.0,2.0,1.0,4.0,446.7179432069378,1.0
0.0,0.0,1.0,1.0,1.0,1.0,1.0,0.0,0.0,3.0,1.0,4.0,671.9304405203198,1.0
0.0,0.0,1.0,1.0,1.0,2.0,0.0,0.0,0.0,3.0,1.0,3.0,203.9047993880393,0.0
1.0,0.0,1.0,1.0,3.0,2.0,0.0,0.0,0.0,3.0,2.0,4.0,30.727844624653265,1.0
0.0,0.0,1.0,1.0,1.0,1.0,1.0,0.0,0.0,2.0,1.0,4.0,491.2199320835466,1.0
0.0,0.0,1.0,1.0,1.0,1.0,1.0,0.0,0.0,2.0,2.0,4.0,116.11549503012314,1.0
0.0,0.0,1.0,1.0,2.0,3.0,0.0,0.0,0.0,3.0,1.0,3.0,0.0,0.0
1.0,0.0,1.0,2.0,3.0,2.0,1.0,0.0,0.0,3.0,3.0,4.0,210.24085742059518,1.0
0.0,0.0,1.0,1.0,1.0,1.0,0.0,0.0,0.0,3.0,1.0,3.0,0.0,1.0
0.0,0.0,1.0,1.0,1.0,2.0,0.0,0.0,0.0,3.0,1.0,4.0,364.94429069189266,1.0
1.0,1.0,1.0,1.0,3.0,2.0,1.0,1.0,1.0,3.0,3.0,4.0,101.9279454309544,1.0
1.0,0.0,1.0,1.0,3.0,3.0,0.0,0.0,0.0,3.0,1.0,4.0,114.50052427562488,0.0
0.0,0.0,1.0,3.0,2.0,3.0,0.0,0.0,0.0,3.0,1.0,2.0,359.80255746155103,0.0
1.0,0.0,1.0,1.0,3.0,2.0,1.0,0.0,0.0,2.0,2.0,4.0,297.6510219486483,1.0
0.0,0.0,1.0,1.0,1.0,2.0,1.0,0.0,0.0,2.0,2.0,3.0,232.50796592534678,1.0
0.0,0.0,1.0,2.0,1.0,1.0,0.0,1.0,0.0,2.0,1.0,4.0,168.3049640619786,0.0
0.0,0.0,1.0,1.0,1.0,1.0,1.0,0.0,0.0,2.0,2.0,4.0,234.21977611212625,1.0
0.0,0.0,1.0,1.0,1.0,1.0,1.0,0.0,0.0,2.0,2.0,4.0,0.0,0.0
1.0,1.0,1.0,1.0,1.0,3.0,1.0,1.0,1.0,1.0,3.0,3.0,276.83480422723096,0.0
0.0,0.0,1.0,2.0,2.0,3.0,1.0,1.0,0.0,2.0,2.0,3.0,302.10158826868906,1.0
1.0,0.0,1.0,1.0,1.0,1.0,1.0,1.0,0.0,1.0,2.0,4.0,28.87098555527536,1.0
1.0,1.0,1.0,1.0,3.0,3.0,1.0,1.0,0.0,1.0,2.0,4.0,229.35137804798103,1.0
0.0,0.0,1.0,1.0,1.0,1.0,1.0,1.0,0.0,1.0,2.0,4.0,76.67997157465504,1.0
1.0,0.0,1.0,1.0,1.0,1.0,1.0,1.0,1.0,1.0,2.0,4.0,0.0,1.0
0.0,0.0,1.0,1.0,1.0,1.0,1.0,1.0,0.0,1.0,2.0,4.0,201.22610728805597,0.0
0.0,0.0,1.0,1.0,1.0,1.0,0.0,0.0,0.0,3.0,2.0,4.0,348.62898047872983,1.0
1.0,0.0,1.0,1.0,3.0,3.0,1.0,1.0,1.0,2.0,2.0,4.0,141.16185725216806,1.0
0.0,0.0,1.0,1.0,1.0,1.0,1.0,0.0,0.0,2.0,2.0,4.0,0.0,1.0
0.0,0.0,1.0,1.0,1.0,1.0,0.0,0.0,0.0,3.0,1.0,4.0,536.4150575582385,1.0
1.0,1.0,1.0,1.0,1.0,1.0,1.0,1.0,1.0,1.0,2.0,4.0,42.22381637459022,1.0
0.0,0.0,1.0,2.0,1.0,1.0,1.0,1.0,0.0,1.0,2.0,4.0,89.5722326852418,0.0
1.0,1.0,1.0,1.0,3.0,3.0,1.0,1.0,1.0,3.0,1.0,4.0,27.42743627751159,0.0
1.0,0.0,1.0,1.0,3.0,2.0,0.0,0.0,1.0,3.0,1.0,4.0,249.2676013856462,1.0
0.0,0.0,1.0,1.0,3.0,3.0,0.0,0.0,0.0,3.0,3.0,4.0,338.7884574052033,1.0
1.0,1.0,1.0,1.0,1.0,2.0,0.0,1.0,1.0,2.0,3.0,3.0,12.322591333165217,1.0
1.0,0.0,1.0,2.0,3.0,3.0,0.0,0.0,0.0,3.0,6.0,4.0,512.6889738185462,1.0
1.0,1.0,1.0,1.0,1.0,3.0,0.0,1.0,1.0,2.0,2.0,4.0,152.43880373185394,1.0
1.0,1.0,1.0,1.0,3.0,2.0,1.0,0.0,0.0,3.0,2.0,3.0,226.5720455389726,0.0
1.0,0.0,1.0,1.0,1.0,1.0,1.0,0.0,0.0,2.0,2.0,3.0,431.9552831916342,1.0
0.0,0.0,1.0,1.0,1.0,2.0,1.0,1.0,0.0,1.0,4.0,4.0,0.0,1.0
1.0,1.0,1.0,1.0,1.0,2.0,1.0,1.0,1.0,1.0,2.0,4.0,0.0,1.0
0.0,1.0,1.0,3.0,1.0,1.0,1.0,1.0,0.0,1.0,2.0,3.0,95.09380867268824,0.0
1.0,0.0,1.0,1.0,1.0,1.0,1.0,0.0,0.0,2.0,3.0,4.0,530.7521372265303,0.0
0.0,1.0,1.0,1.0,1.0,1.0,1.0,1.0,0.0,1.0,2.0,4.0,157.40021161120922,1.0
1.0,0.0,1.0,1.0,3.0,2.0,1.0,0.0,0.0,3.0,2.0,4.0,155.45175172596976,1.0
0.0,1.0,1.0,2.0,3.0,3.0,1.0,0.0,0.0,3.0,4.0,3.0,193.3790721646248,0.0
1.0,0.0,1.0,2.0,1.0,2.0,1.0,1.0,0.0,1.0,3.0,4.0,0.0,1.0
0.0,0.0,1.0,2.0,1.0,2.0,1.0,1.0,0.0,1.0,3.0,4.0,510.04073296455726,0.0
0.0,0.0,1.0,2.0,1.0,2.0,1.0,0.0,0.0,3.0,1.0,4.0,38.50700993330489,1.0
0.0,0.0,1.0,1.0,1.0,1.0,0.0,0.0,0.0,3.0,2.0,4.0,395.1286910568074,1.0
0.0,0.0,1.0,3.0,1.0,3.0,0.0,0.0,0.0,3.0,2.0,4.0,45.4718022495587,0.0
0.0,0.0,1.0,2.0,2.0,3.0,0.0,0.0,0.0,3.0,4.0,4.0,0.0,1.0
0.0,0.0,1.0,1.0,2.0,3.0,0.0,0.0,0.0,3.0,4.0,3.0,182.6089836371166,0.0
1.0,0.0,1.0,1.0,1.0,1.0,1.0,0.0,0.0,3.0,3.0,3.0,329.3863513329695,1.0
0.0,0.0,1.0,1.0,1.0,3.0,1.0,1.0,1.0,1.0,2.0,3.0,0.0,1.0
1.0,0.0,1.0,1.0,3.0,3.0,1.0,1.0,0.0,1.0,2.0,3.0,61.350844304960155,0.0
0.0,1.0,1.0,1.0,1.0,2.0,1.0,1.0,1.0,1.0,3.0,3.0,209.45169828760856,1.0
1.0,1.0,1.0,1.0,3.0,3.0,1.0,0.0,0.0,1.0,5.0,3.0,236.64203690624208,1.0
1.0,1.0,1.0,1.0,3.0,2.0,1.0,1.0,1.0,1.0,3.0,4.0,519.2300642993316,0.0
0.0,0.0,1.0,1.0,1.0,3.0,0.0,0.0,0.0,2.0,1.0,3.0,304.0564961288925,0.0
0.0,0.0,1.0,1.0,1.0,1.0,0.0,0.0,0.0,2.0,2.0,3.0,0.0,0.0
0.0,0.0,1.0,1.0,3.0,2.0,0.0,0.0,0.0,3.0,2.0,4.0,182.8097510588982,1.0
0.0,0.0,1.0,1.0,1.0,1.0,0.0,0.0,0.0,2.0,2.0,4.0,244.61503214966578,1.0
1.0,0.0,1.0,1.0,2.0,1.0,1.0,0.0,0.0,3.0,1.0,4.0,329.2894663553192,1.0
1.0,0.0,1.0,2.0,1.0,1.0,1.0,1.0,1.0,2.0,1.0,4.0,0.0,1.0
0.0,0.0,1.0,1.0,1.0,2.0,0.0,0.0,0.0,2.0,2.0,4.0,40.283509786117534,1.0
0.0,1.0,1.0,3.0,1.0,3.0,1.0,1.0,1.0,1.0,2.0,4.0,42.945591013472104,1.0
0.0,0.0,1.0,2.0,1.0,1.0,1.0,0.0,0.0,3.0,1.0,3.0,284.19876405974196,1.0
1.0,1.0,1.0,2.0,1.0,1.0,1.0,0.0,0.0,3.0,2.0,4.0,131.54342793622337,1.0
0.0,0.0,1.0,1.0,1.0,1.0,0.0,0.0,0.0,3.0,2.0,4.0,342.62410580809717,1.0
0.0,0.0,1.0,1.0,3.0,3.0,0.0,0.0,0.0,3.0,1.0,4.0,309.8186662135226,0.0
0.0,0.0,1.0,1.0,1.0,1.0,1.0,0.0,0.0,1.0,3.0,4.0,0.0,1.0
1.0,1.0,1.0,1.0,1.0,2.0,1.0,0.0,0.0,3.0,3.0,4.0,0.0,1.0
0.0,0.0,1.0,2.0,1.0,1.0,1.0,0.0,0.0,2.0,2.0,4.0,48.21924990448523,1.0
1.0,0.0,1.0,1.0,1.0,2.0,1.0,0.0,0.0,1.0,1.0,4.0,209.32136787900413,0.0
0.0,0.0,1.0,1.0,1.0,3.0,1.0,1.0,0.0,1.0,2.0,4.0,176.4118438024267,0.0
0.0,0.0,1.0,1.0,1.0,1.0,1.0,0.0,0.0,1.0,2.0,4.0,0.0,0.0
1.0,0.0,1.0,1.0,2.0,1.0,1.0,1.0,1.0,2.0,1.0,4.0,17.842269073160175,0.0
0.0,0.0,1.0,1.0,1.0,1.0,0.0,1.0,1.0,2.0,3.0,4.0,0.0,1.0
0.0,0.0,1.0,1.0,3.0,2.0,0.0,0.0,0.0,3.0,3.0,4.0,540.6796871031004,1.0
1.0,0.0,1.0,1.0,1.0,2.0,1.0,1.0,0.0,1.0,2.0,4.0,210.24085742059518,1.0
0.0,0.0,1.0,2.0,1.0,2.0,0.0,0.0,0.0,2.0,1.0,4.0,1311.0448783157344,0.0
1.0,0.0,1.0,1.0,1.0,2.0,1.0,1.0,1.0,2.0,2.0,3.0,30.0,0.0
1.0,0.0,1.0,1.0,1.0,2.0,0.0,0.0,0.0,3.0,2.0,4.0,58.67945382252978,0.0
0.0,0.0,1.0,1.0,1.0,1.0,1.0,1.0,1.0,1.0,3.0,4.0,234.21977611212625,1.0
1.0,0.0,1.0,1.0,1.0,1.0,1.0,0.0,0.0,3.0,3.0,3.0,0.0,1.0
0.0,0.0,1.0,1.0,1.0,1.0,1.0,0.0,0.0,1.0,3.0,4.0,343.40187205626154,1.0
0.0,0.0,1.0,2.0,1.0,1.0,0.0,0.0,0.0,3.0,1.0,4.0,71.2932899555581,1.0
1.0,0.0,1.0,1.0,1.0,2.0,0.0,0.0,0.0,3.0,1.0,4.0,0.0,1.0
0.0,0.0,1.0,1.0,3.0,2.0,0.0,0.0,0.0,3.0,2.0,4.0,169.6633926236446,0.0
0.0,0.0,1.0,1.0,1.0,1.0,0.0,0.0,0.0,3.0,4.0,3.0,135.04140991756404,1.0
1.0,0.0,1.0,1.0,1.0,1.0,0.0,0.0,0.0,3.0,4.0,3.0,0.0,1.0
0.0,0.0,1.0,1.0,1.0,1.0,1.0,0.0,0.0,3.0,2.0,4.0,0.0,1.0
1.0,0.0,1.0,1.0,1.0,1.0,1.0,0.0,0.0,3.0,1.0,4.0,219.7785347106685,0.0
1.0,0.0,1.0,1.0,3.0,2.0,1.0,0.0,0.0,3.0,1.0,4.0,164.58407517298943,1.0
0.0,1.0,1.0,2.0,1.0,2.0,0.0,0.0,0.0,3.0,3.0,4.0,250.82975428221008,0.0
0.0,0.0,1.0,1.0,3.0,3.0,1.0,0.0,0.0,3.0,1.0,3.0,212.62691256086336,1.0
1.0,0.0,1.0,1.0,1.0,2.0,1.0,0.0,0.0,3.0,2.0,3.0,290.9653985510699,1.0
0.0,0.0,1.0,1.0,1.0,1.0,1.0,0.0,0.0,1.0,2.0,3.0,193.8103716262736,1.0
1.0,0.0,1.0,1.0,3.0,3.0,1.0,0.0,0.0,2.0,3.0,3.0,121.34077486092963,1.0
0.0,0.0,1.0,1.0,1.0,1.0,1.0,0.0,0.0,1.0,4.0,4.0,135.86910398464875,1.0
1.0,0.0,1.0,1.0,1.0,2.0,0.0,0.0,0.0,3.0,1.0,4.0,364.7626097310208,0.0
1.0,1.0,1.0,1.0,2.0,2.0,0.0,0.0,0.0,3.0,1.0,4.0,43.82985875695666,1.0
0.0,0.0,1.0,3.0,1.0,1.0,1.0,0.0,0.0,2.0,1.0,4.0,445.0778107820831,1.0
0.0,0.0,1.0,1.0,1.0,2.0,0.0,0.0,0.0,2.0,2.0,4.0,256.06493883035694,0.0
1.0,0.0,1.0,1.0,1.0,2.0,1.0,1.0,0.0,1.0,2.0,4.0,263.1328461011198,0.0
1.0,0.0,1.0,1.0,3.0,3.0,1.0,0.0,0.0,1.0,3.0,4.0,0.0,0.0
1.0,0.0,1.0,1.0,1.0,1.0,1.0,0.0,1.0,1.0,3.0,3.0,82.69556488785227,1.0
0.0,0.0,1.0,2.0,1.0,1.0,1.0,1.0,0.0,1.0,2.0,4.0,303.07013371626505,1.0
0.0,0.0,1.0,2.0,1.0,1.0,0.0,0.0,0.0,2.0,6.0,4.0,159.33424529682088,0.0
1.0,0.0,1.0,1.0,1.0,1.0,1.0,0.0,0.0,2.0,2.0,3.0,13.64154067486761,1.0
1.0,1.0,1.0,1.0,1.0,1.0,1.0,1.0,1.0,1.0,2.0,4.0,221.6893137930142,1.0
1.0,0.0,1.0,1.0,1.0,1.0,1.0,1.0,0.0,1.0,2.0,4.0,5.413309791614131,1.0
1.0,0.0,1.0,1.0,1.0,3.0,1.0,1.0,1.0,1.0,2.0,4.0,309.0616848506353,0.0
0.0,0.0,1.0,1.0,1.0,1.0,1.0,0.0,0.0,1.0,2.0,3.0,0.0,0.0
0.0,0.0,1.0,1.0,1.0,2.0,1.0,1.0,0.0,1.0,3.0,3.0,465.41352336474193,1.0
0.0,0.0,1.0,1.0,1.0,3.0,1.0,1.0,0.0,1.0,2.0,3.0,69.80566139207227,1.0
0.0,0.0,1.0,1.0,1.0,1.0,1.0,1.0,0.0,1.0,3.0,3.0,316.1178877011065,1.0
0.0,0.0,1.0,1.0,1.0,2.0,1.0,0.0,0.0,1.0,3.0,3.0,305.5869141617889,0.0
0.0,1.0,1.0,1.0,1.0,1.0,1.0,1.0,0.0,1.0,3.0,3.0,89.7256097960042,1.0
0.0,0.0,1.0,1.0,1.0,1.0,0.0,1.0,0.0,2.0,2.0,4.0,0.0,1.0
1.0,0.0,1.0,1.0,1.0,1.0,1.0,1.0,1.0,1.0,2.0,4.0,194.2326790908058,0.0
1.0,1.0,1.0,2.0,1.0,1.0,1.0,1.0,1.0,1.0,2.0,3.0,142.911378498613,1.0
1.0,0.0,1.0,1.0,1.0,3.0,1.0,1.0,1.0,2.0,2.0,4.0,236.35294905053655,0.0
0.0,0.0,1.0,1.0,1.0,1.0,1.0,0.0,0.0,1.0,2.0,3.0,0.0,0.0
1.0,1.0,1.0,1.0,1.0,2.0,1.0,1.0,1.0,2.0,3.0,3.0,30.0,0.0
0.0,0.0,1.0,1.0,1.0,3.0,1.0,0.0,0.0,2.0,1.0,4.0,167.45171622059706,1.0
1.0,1.0,1.0,1.0,3.0,2.0,1.0,1.0,1.0,1.0,2.0,3.0,75.14700366206185,0.0
0.0,0.0,1.0,1.0,1.0,1.0,0.0,0.0,0.0,2.0,2.0,4.0,16.009321641556706,0.0
1.0,0.0,1.0,1.0,1.0,1.0,1.0,1.0,0.0,1.0,3.0,3.0,129.86031961494183,0.0
0.0,0.0,1.0,2.0,1.0,1.0,1.0,0.0,0.0,2.0,2.0,4.0,51.155777530753525,1.0
1.0,0.0,1.0,1.0,1.0,1.0,1.0,0.0,0.0,1.0,2.0,4.0,769.0745448696389,1.0
0.0,0.0,1.0,2.0,1.0,2.0,0.0,1.0,0.0,2.0,3.0,4.0,0.0,1.0
0.0,0.0,1.0,1.0,1.0,1.0,0.0,0.0,0.0,3.0,1.0,3.0,332.5558063489124,0.0
1.0,0.0,1.0,1.0,1.0,2.0,0.0,0.0,0.0,3.0,1.0,4.0,280.4245124962021,1.0
0.0,0.0,1.0,1.0,1.0,3.0,0.0,1.0,0.0,2.0,2.0,4.0,705.6202850471129,0.0
0.0,0.0,1.0,3.0,1.0,2.0,1.0,0.0,0.0,3.0,1.0,3.0,13.044365972047103,1.0
1.0,0.0,1.0,1.0,3.0,3.0,1.0,1.0,0.0,1.0,2.0,4.0,470.41352336474193,0.0
1.0,1.0,1.0,3.0,1.0,1.0,1.0,1.0,0.0,1.0,2.0,4.0,55.328215593219966,1.0
1.0,1.0,1.0,1.0,1.0,1.0,1.0,1.0,1.0,1.0,2.0,3.0,131.4592593866112,1.0
0.0,0.0,1.0,2.0,1.0,2.0,1.0,0.0,0.0,3.0,1.0,3.0,679.1706622433436,0.0
1.0,0.0,1.0,1.0,1.0,1.0,0.0,0.0,0.0,3.0,2.0,4.0,0.0,1.0
0.0,0.0,1.0,2.0,1.0,2.0,1.0,0.0,0.0,1.0,2.0,4.0,145.27707083485706,1.0
0.0,0.0,1.0,1.0,3.0,3.0,1.0,0.0,0.0,3.0,1.0,4.0,301.0646549534346,0.0
0.0,1.0,1.0,2.0,3.0,3.0,1.0,0.0,0.0,1.0,2.0,4.0,151.94582556036107,1.0
1.0,0.0,1.0,1.0,1.0,1.0,1.0,0.0,0.0,2.0,2.0,4.0,0.0,1.0
0.0,0.0,1.0,2.0,3.0,2.0,1.0,0.0,0.0,3.0,4.0,4.0,235.09157063042503,0.0
0.0,0.0,1.0,1.0,1.0,1.0,1.0,0.0,0.0,3.0,1.0,3.0,168.3049640619786,0.0
0.0,0.0,1.0,1.0,1.0,1.0,1.0,0.0,0.0,2.0,3.0,4.0,33.20163338856667,1.0
1.0,0.0,1.0,1.0,1.0,1.0,1.0,0.0,0.0,2.0,2.0,4.0,377.10927269731246,1.0
1.0,0.0,1.0,1.0,1.0,1.0,1.0,1.0,0.0,1.0,3.0,4.0,85.91665518787389,1.0
1.0,0.0,1.0,1.0,1.0,2.0,1.0,0.0,0.0,1.0,3.0,4.0,77.49009204258738,1.0
0.0,0.0,1.0,1.0,3.0,2.0,1.0,0.0,0.0,2.0,2.0,4.0,194.92574743001524,1.0
0.0,0.0,1.0,3.0,1.0,1.0,1.0,0.0,0.0,2.0,5.0,4.0,370.72866256277797,0.0
0.0,0.0,1.0,1.0,3.0,3.0,1.0,1.0,0.0,1.0,2.0,4.0,468.5264512387639,0.0
0.0,0.0,1.0,1.0,1.0,1.0,1.0,1.0,0.0,2.0,3.0,4.0,83.5040441811154,0.0
1.0,0.0,1.0,1.0,1.0,1.0,0.0,0.0,0.0,3.0,1.0,4.0,182.0549055719258,1.0
1.0,0.0,1.0,1.0,3.0,3.0,1.0,0.0,1.0,1.0,3.0,4.0,0.0,1.0
0.0,1.0,1.0,1.0,1.0,3.0,0.0,0.0,0.0,2.0,3.0,3.0,259.3230568040119,0.0
0.0,0.0,1.0,1.0,1.0,2.0,1.0,0.0,0.0,1.0,3.0,4.0,184.7475170269384,0.0
1.0,1.0,1.0,1.0,1.0,2.0,1.0,0.0,0.0,3.0,2.0,3.0,268.1608086693442,0.0
1.0,0.0,1.0,1.0,3.0,3.0,0.0,0.0,0.0,2.0,3.0,4.0,8.715428764498752,1.0
0.0,0.0,1.0,1.0,1.0,1.0,1.0,0.0,0.0,1.0,3.0,3.0,0.0,1.0
1.0,1.0,1.0,1.0,1.0,2.0,1.0,1.0,1.0,1.0,3.0,3.0,0.0,1.0
1.0,1.0,1.0,1.0,1.0,2.0,1.0,1.0,1.0,2.0,2.0,3.0,282.8930762992219,1.0
0.0,0.0,1.0,1.0,3.0,3.0,1.0,0.0,0.0,1.0,2.0,4.0,180.4436597204711,1.0
1.0,0.0,1.0,1.0,1.0,1.0,0.0,0.0,0.0,2.0,1.0,3.0,35.129025773472996,1.0
0.0,0.0,1.0,1.0,1.0,1.0,1.0,1.0,0.0,2.0,1.0,4.0,0.0,1.0
1.0,0.0,1.0,1.0,1.0,1.0,1.0,1.0,1.0,2.0,2.0,3.0,263.4315730842553,0.0
1.0,1.0,1.0,1.0,3.0,3.0,1.0,1.0,1.0,2.0,2.0,3.0,184.89503732641072,1.0
0.0,0.0,1.0,3.0,2.0,1.0,0.0,0.0,0.0,3.0,3.0,3.0,409.6272466929031,0.0
1.0,0.0,1.0,1.0,1.0,1.0,1.0,1.0,0.0,1.0,2.0,4.0,312.6130491755449,1.0
0.0,1.0,1.0,2.0,1.0,2.0,0.0,0.0,0.0,2.0,1.0,3.0,89.54640770775542,0.0
1.0,0.0,1.0,1.0,1.0,2.0,0.0,1.0,0.0,2.0,1.0,4.0,366.83161327435334,1.0
0.0,0.0,1.0,3.0,1.0,2.0,0.0,0.0,0.0,3.0,1.0,4.0,157.6472528398193,1.0
0.0,0.0,1.0,1.0,1.0,1.0,1.0,0.0,0.0,3.0,2.0,4.0,229.0352336310816,0.0
0.0,0.0,1.0,1.0,1.0,3.0,0.0,0.0,0.0,2.0,2.0,4.0,51.22982925298145,0.0
1.0,0.0,1.0,1.0,1.0,1.0,1.0,0.0,0.0,3.0,2.0,4.0,0.0,0.0
1.0,0.0,1.0,2.0,1.0,1.0,1.0,0.0,0.0,3.0,2.0,4.0,236.06587197417943,1.0
1.0,0.0,1.0,1.0,1.0,1.0,0.0,0.0,0.0,3.0,1.0,3.0,40.166758653776846,0.0
1.0,1.0,1.0,1.0,1.0,2.0,0.0,1.0,1.0,2.0,3.0,4.0,52.962892526230455,1.0
0.0,0.0,1.0,1.0,1.0,2.0,1.0,1.0,1.0,1.0,2.0,4.0,259.3376135234375,1.0
0.0,0.0,1.0,1.0,1.0,2.0,1.0,0.0,0.0,2.0,1.0,4.0,238.61666636316227,1.0
1.0,0.0,1.0,1.0,1.0,1.0,0.0,0.0,0.0,3.0,1.0,2.0,181.5623369081808,1.0
1.0,0.0,0.0,2.0,1.0,1.0,1.0,0.0,0.0,2.0,3.0,1.0,376.3308186917934,0.0
0.0,1.0,1.0,1.0,1.0,1.0,1.0,1.0,0.0,1.0,3.0,4.0,141.12405700942256,0.0
0.0,0.0,1.0,1.0,3.0,2.0,1.0,0.0,0.0,1.0,2.0,4.0,206.29844307419012,0.0
1.0,0.0,1.0,1.0,1.0,2.0,1.0,0.0,0.0,2.0,2.0,4.0,289.55902314297924,1.0
0.0,0.0,1.0,1.0,3.0,2.0,0.0,0.0,0.0,3.0,2.0,4.0,88.73441123901333,0.0
0.0,0.0,1.0,1.0,1.0,1.0,0.0,0.0,1.0,3.0,1.0,4.0,399.85149486003047,1.0
0.0,0.0,1.0,2.0,3.0,3.0,0.0,0.0,0.0,2.0,2.0,4.0,0.0,0.0
0.0,0.0,1.0,2.0,3.0,3.0,0.0,0.0,0.0,2.0,2.0,4.0,175.8874573125291,1.0
1.0,1.0,1.0,1.0,1.0,3.0,0.0,1.0,1.0,2.0,3.0,4.0,209.01598397924977,1.0
0.0,0.0,1.0,2.0,3.0,3.0,1.0,1.0,1.0,2.0,1.0,4.0,138.58073066532177,0.0
1.0,0.0,1.0,1.0,1.0,2.0,0.0,1.0,0.0,2.0,4.0,3.0,187.73326157931487,1.0
1.0,0.0,1.0,1.0,1.0,3.0,1.0,1.0,0.0,2.0,2.0,3.0,68.85062250417201,1.0
1.0,0.0,1.0,1.0,1.0,1.0,1.0,0.0,0.0,2.0,3.0,3.0,278.8170315345831,1.0
0.0,0.0,1.0,1.0,2.0,2.0,1.0,0.0,0.0,3.0,1.0,4.0,512.4548757012159,1.0
1.0,0.0,1.0,1.0,3.0,2.0,0.0,0.0,0.0,3.0,4.0,4.0,278.0007756562287,1.0
0.0,0.0,1.0,2.0,1.0,1.0,0.0,0.0,0.0,3.0,1.0,4.0,423.3721710282675,1.0
1.0,0.0,1.0,1.0,1.0,1.0,0.0,0.0,1.0,3.0,1.0,4.0,42.72725418521034,1.0
1.0,0.0,1.0,2.0,1.0,1.0,0.0,1.0,0.0,2.0,1.0,3.0,51.927224862479825,0.0
1.0,0.0,1.0,1.0,1.0,2.0,0.0,1.0,1.0,2.0,2.0,4.0,108.67950562389674,1.0
1.0,1.0,1.0,1.0,3.0,3.0,1.0,1.0,1.0,2.0,2.0,3.0,263.33077243693396,0.0
0.0,0.0,1.0,1.0,1.0,1.0,1.0,1.0,0.0,1.0,3.0,4.0,214.54935941344172,1.0
1.0,0.0,1.0,1.0,1.0,1.0,0.0,1.0,0.0,2.0,3.0,4.0,0.0,1.0
0.0,0.0,1.0,2.0,1.0,1.0,1.0,1.0,0.0,1.0,2.0,3.0,0.0,1.0
0.0,0.0,1.0,1.0,1.0,3.0,1.0,0.0,0.0,3.0,4.0,4.0,297.02500831822607,0.0
1.0,0.0,1.0,1.0,1.0,2.0,1.0,1.0,0.0,1.0,2.0,4.0,154.59376449699272,0.0
1.0,0.0,1.0,1.0,1.0,1.0,1.0,1.0,0.0,1.0,1.0,3.0,66.04237945769239,1.0
0.0,0.0,1.0,1.0,1.0,1.0,1.0,1.0,1.0,2.0,3.0,4.0,282.2481140188451,1.0
0.0,0.0,1.0,2.0,1.0,1.0,1.0,0.0,0.0,2.0,1.0,4.0,285.1434012534648,0.0
0.0,0.0,1.0,2.0,1.0,2.0,1.0,0.0,0.0,1.0,2.0,4.0,160.2299548045052,0.0
0.0,0.0,1.0,2.0,1.0,1.0,1.0,1.0,0.0,1.0,2.0,3.0,0.0,0.0
1.0,0.0,1.0,1.0,1.0,1.0,0.0,0.0,0.0,3.0,6.0,4.0,140.1547655893724,1.0
0.0,0.0,1.0,1.0,3.0,3.0,0.0,0.0,0.0,3.0,2.0,4.0,315.99921803838936,1.0
0.0,0.0,1.0,1.0,1.0,1.0,1.0,1.0,0.0,1.0,2.0,3.0,101.04844944346377,1.0
0.0,0.0,1.0,1.0,1.0,1.0,1.0,0.0,0.0,3.0,1.0,4.0,168.3049640619786,0.0
0.0,0.0,1.0,2.0,3.0,3.0,1.0,0.0,0.0,3.0,4.0,3.0,27.066548958070655,1.0
0.0,0.0,1.0,1.0,1.0,1.0,1.0,1.0,0.0,1.0,3.0,4.0,234.21977611212625,1.0
1.0,0.0,1.0,1.0,1.0,1.0,1.0,0.0,0.0,1.0,2.0,3.0,186.76359783111323,1.0
1.0,1.0,1.0,3.0,3.0,3.0,1.0,1.0,1.0,1.0,2.0,4.0,0.0,1.0
0.0,0.0,1.0,2.0,1.0,1.0,1.0,1.0,0.0,1.0,2.0,4.0,0.0,1.0
0.0,0.0,1.0,2.0,1.0,1.0,1.0,0.0,0.0,2.0,2.0,4.0,0.0,1.0
1.0,0.0,1.0,2.0,1.0,2.0,1.0,0.0,0.0,2.0,1.0,4.0,0.0,1.0
1.0,0.0,1.0,1.0,2.0,2.0,0.0,0.0,1.0,3.0,1.0,4.0,0.0,1.0
1.0,1.0,1.0,1.0,3.0,2.0,0.0,1.0,1.0,2.0,3.0,4.0,386.384051439465,1.0
1.0,0.0,1.0,2.0,1.0,1.0,1.0,0.0,0.0,3.0,4.0,3.0,165.58556022438907,1.0
1.0,1.0,1.0,1.0,1.0,3.0,1.0,1.0,1.0,1.0,2.0,4.0,58.89681053276175,0.0
1.0,1.0,1.0,1.0,1.0,3.0,1.0,1.0,1.0,1.0,2.0,4.0,183.18858735921455,1.0
1.0,1.0,1.0,1.0,1.0,3.0,1.0,1.0,0.0,1.0,2.0,3.0,0.0,1.0
0.0,1.0,1.0,1.0,1.0,3.0,0.0,1.0,1.0,2.0,2.0,4.0,292.0327153048315,1.0
1.0,1.0,1.0,1.0,1.0,3.0,1.0,1.0,1.0,2.0,2.0,4.0,79.87621626733313,0.0
1.0,1.0,1.0,1.0,2.0,3.0,0.0,1.0,1.0,2.0,6.0,4.0,238.90485992062574,1.0
0.0,0.0,1.0,1.0,3.0,2.0,1.0,1.0,1.0,2.0,2.0,4.0,451.49051693480874,0.0
0.0,0.0,1.0,1.0,1.0,1.0,0.0,0.0,0.0,3.0,1.0,4.0,316.05590687232007,1.0
0.0,0.0,1.0,3.0,1.0,1.0,0.0,0.0,0.0,3.0,1.0,4.0,268.41483003670237,0.0
0.0,0.0,1.0,1.0,1.0,2.0,0.0,0.0,0.0,3.0,1.0,4.0,219.00581374545757,0.0
0.0,0.0,1.0,2.0,1.0,1.0,1.0,0.0,0.0,2.0,1.0,4.0,285.8131494273327,1.0
0.0,0.0,1.0,1.0,1.0,1.0,1.0,1.0,0.0,3.0,1.0,4.0,150.12912488743183,0.0
1.0,0.0,1.0,1.0,3.0,3.0,0.0,0.0,0.0,3.0,1.0,4.0,364.1013925681391,0.0
0.0,0.0,1.0,1.0,1.0,1.0,1.0,1.0,0.0,1.0,2.0,4.0,231.71704325390752,0.0
0.0,0.0,1.0,1.0,1.0,2.0,1.0,0.0,0.0,3.0,2.0,3.0,30.0,0.0
0.0,1.0,1.0,1.0,1.0,3.0,1.0,0.0,0.0,1.0,3.0,4.0,0.0,0.0
1.0,0.0,1.0,1.0,3.0,3.0,1.0,1.0,0.0,1.0,2.0,3.0,318.93765982503555,0.0
1.0,0.0,1.0,1.0,3.0,1.0,1.0,0.0,0.0,2.0,2.0,3.0,211.7087656597811,0.0
0.0,0.0,1.0,3.0,1.0,1.0,1.0,1.0,1.0,1.0,3.0,3.0,790.2947192527661,1.0
1.0,0.0,1.0,2.0,1.0,2.0,1.0,1.0,0.0,1.0,3.0,3.0,0.0,1.0
0.0,0.0,1.0,1.0,1.0,1.0,1.0,0.0,0.0,1.0,2.0,3.0,1016.0932104678419,0.0
0.0,0.0,1.0,1.0,1.0,1.0,1.0,0.0,0.0,1.0,2.0,3.0,122.46260076079069,1.0
0.0,0.0,1.0,2.0,2.0,3.0,1.0,1.0,1.0,2.0,2.0,4.0,224.86657347451776,0.0
1.0,0.0,1.0,2.0,1.0,1.0,1.0,0.0,0.0,2.0,1.0,4.0,296.36051971978736,1.0
0.0,0.0,1.0,2.0,1.0,1.0,0.0,0.0,0.0,3.0,1.0,3.0,205.80591647207459,0.0
1.0,0.0,1.0,2.0,3.0,2.0,0.0,0.0,0.0,2.0,4.0,4.0,148.719832963293,1.0
0.0,1.0,1.0,1.0,1.0,1.0,1.0,1.0,0.0,1.0,2.0,4.0,320.81958429234,0.0
1.0,1.0,1.0,1.0,1.0,1.0,1.0,1.0,1.0,1.0,2.0,4.0,46.19357688844058,0.0
1.0,1.0,1.0,1.0,1.0,2.0,0.0,0.0,0.0,3.0,3.0,4.0,30.0,0.0
1.0,1.0,1.0,1.0,3.0,3.0,1.0,1.0,1.0,2.0,2.0,4.0,310.4729254207295,0.0
1.0,1.0,1.0,2.0,1.0,2.0,0.0,1.0,1.0,2.0,1.0,4.0,0.0,1.0
1.0,1.0,1.0,1.0,3.0,3.0,0.0,1.0,1.0,2.0,2.0,4.0,194.50425037436545,1.0
1.0,0.0,1.0,1.0,1.0,2.0,1.0,0.0,0.0,1.0,1.0,3.0,105.51075325357954,1.0
0.0,0.0,1.0,1.0,1.0,2.0,1.0,0.0,0.0,2.0,5.0,4.0,268.73801932324454,1.0
0.0,0.0,1.0,1.0,1.0,1.0,0.0,0.0,0.0,3.0,1.0,4.0,168.3049640619786,0.0
1.0,1.0,1.0,1.0,3.0,3.0,1.0,0.0,0.0,1.0,2.0,4.0,724.6816736992998,1.0
0.0,0.0,1.0,1.0,2.0,3.0,1.0,1.0,0.0,3.0,2.0,4.0,0.0,0.0
1.0,0.0,1.0,1.0,3.0,2.0,1.0,1.0,0.0,2.0,1.0,4.0,334.0679272044512,1.0
0.0,0.0,1.0,1.0,1.0,1.0,1.0,0.0,0.0,1.0,1.0,4.0,116.92749149886524,1.0
0.0,0.0,1.0,1.0,1.0,2.0,1.0,0.0,0.0,3.0,1.0,4.0,369.48212899210205,0.0
0.0,0.0,1.0,1.0,1.0,1.0,1.0,0.0,0.0,1.0,5.0,4.0,357.5142777572038,0.0
1.0,0.0,1.0,1.0,1.0,3.0,0.0,0.0,0.0,2.0,3.0,4.0,0.0,1.0
1.0,1.0,1.0,1.0,1.0,3.0,1.0,0.0,0.0,1.0,3.0,4.0,186.28375525243774,0.0
0.0,0.0,1.0,1.0,1.0,1.0,1.0,1.0,0.0,1.0,2.0,4.0,130.70169002601386,0.0
1.0,0.0,1.0,1.0,1.0,1.0,1.0,1.0,0.0,1.0,3.0,4.0,0.0,0.0
0.0,0.0,1.0,1.0,2.0,2.0,1.0,1.0,0.0,1.0,3.0,4.0,851.1526125238298,1.0
0.0,0.0,1.0,3.0,3.0,3.0,0.0,0.0,0.0,3.0,1.0,4.0,354.48431996717187,1.0
0.0,0.0,1.0,1.0,1.0,1.0,1.0,1.0,1.0,1.0,3.0,4.0,26.343157308425546,1.0
0.0,0.0,1.0,1.0,1.0,1.0,1.0,1.0,1.0,1.0,3.0,4.0,286.85577463219374,0.0
0.0,0.0,1.0,1.0,3.0,2.0,0.0,0.0,0.0,3.0,1.0,4.0,186.69764659786293,1.0
1.0,0.0,1.0,1.0,3.0,3.0,0.0,0.0,0.0,3.0,2.0,4.0,274.64791317246454,1.0
1.0,0.0,1.0,1.0,1.0,3.0,1.0,1.0,0.0,1.0,6.0,4.0,168.3821009448657,1.0
1.0,0.0,1.0,2.0,1.0,1.0,1.0,0.0,0.0,3.0,2.0,4.0,171.6920652507105,1.0
0.0,0.0,1.0,1.0,1.0,1.0,1.0,0.0,0.0,3.0,2.0,4.0,0.0,1.0
0.0,0.0,1.0,1.0,3.0,2.0,0.0,0.0,0.0,2.0,1.0,3.0,488.80189868336976,1.0
0.0,0.0,1.0,1.0,1.0,3.0,1.0,0.0,0.0,2.0,1.0,3.0,167.3795387567089,0.0
1.0,0.0,1.0,1.0,1.0,1.0,1.0,1.0,0.0,1.0,2.0,4.0,324.68662947025575,0.0
1.0,0.0,1.0,1.0,1.0,2.0,0.0,1.0,0.0,2.0,1.0,3.0,49.417944940295705,1.0
0.0,0.0,1.0,1.0,3.0,2.0,1.0,1.0,0.0,1.0,2.0,4.0,229.94362998880123,1.0
1.0,0.0,1.0,1.0,1.0,1.0,1.0,1.0,1.0,2.0,2.0,4.0,150.24905376884456,0.0
1.0,0.0,1.0,1.0,1.0,1.0,1.0,1.0,1.0,2.0,2.0,3.0,0.0,1.0
1.0,1.0,1.0,1.0,1.0,2.0,1.0,0.0,0.0,3.0,2.0,4.0,43.027964924670115,1.0
1.0,1.0,1.0,1.0,1.0,2.0,0.0,0.0,0.0,3.0,2.0,3.0,240.9469894391548,0.0
0.0,0.0,1.0,1.0,1.0,2.0,0.0,0.0,0.0,3.0,3.0,4.0,316.80044510100697,0.0
1.0,0.0,1.0,1.0,1.0,1.0,1.0,1.0,0.0,2.0,3.0,4.0,115.48050449625754,1.0
0.0,1.0,1.0,3.0,3.0,3.0,1.0,0.0,0.0,2.0,2.0,4.0,300.98401443557754,1.0
0.0,0.0,1.0,1.0,1.0,1.0,1.0,1.0,1.0,2.0,1.0,3.0,358.9291093514962,0.0
1.0,1.0,1.0,1.0,1.0,2.0,0.0,1.0,1.0,2.0,2.0,4.0,343.01276669113673,1.0
1.0,1.0,1.0,1.0,1.0,2.0,1.0,0.0,0.0,2.0,2.0,4.0,30.0,0.0
0.0,0.0,1.0,1.0,1.0,1.0,1.0,0.0,0.0,2.0,1.0,3.0,285.1434012534648,0.0
1.0,1.0,1.0,3.0,1.0,2.0,1.0,1.0,1.0,1.0,3.0,4.0,155.52267968733102,1.0
1.0,1.0,1.0,1.0,2.0,3.0,1.0,1.0,1.0,1.0,2.0,4.0,282.2808742292245,1.0
1.0,0.0,1.0,1.0,1.0,1.0,1.0,1.0,1.0,1.0,2.0,4.0,502.82326781795734,0.0
1.0,1.0,1.0,1.0,1.0,3.0,1.0,1.0,1.0,1.0,2.0,4.0,66.76415409657429,1.0
1.0,1.0,1.0,1.0,1.0,2.0,1.0,1.0,1.0,1.0,2.0,4.0,245.1929619995739,1.0
0.0,0.0,1.0,1.0,1.0,2.0,0.0,0.0,0.0,3.0,2.0,4.0,192.81836288809836,1.0
0.0,0.0,1.0,1.0,1.0,1.0,1.0,0.0,0.0,2.0,2.0,4.0,11.847049767057303,0.0
0.0,0.0,1.0,1.0,1.0,1.0,0.0,0.0,0.0,3.0,1.0,4.0,0.0,1.0
0.0,0.0,1.0,1.0,1.0,3.0,0.0,1.0,0.0,3.0,2.0,4.0,102.52808745317164,0.0
1.0,1.0,1.0,2.0,1.0,1.0,1.0,1.0,1.0,3.0,2.0,4.0,51.05571188625663,0.0
1.0,1.0,1.0,1.0,1.0,2.0,1.0,1.0,1.0,3.0,3.0,4.0,90.25972863656247,1.0
1.0,0.0,1.0,1.0,1.0,2.0,1.0,1.0,0.0,3.0,4.0,4.0,35.6060070296834,0.0
0.0,0.0,1.0,1.0,1.0,1.0,1.0,0.0,0.0,2.0,1.0,3.0,91.48792799465278,1.0
1.0,0.0,1.0,1.0,2.0,3.0,0.0,0.0,0.0,3.0,3.0,3.0,78.56133166698424,0.0
1.0,0.0,1.0,2.0,1.0,2.0,0.0,0.0,0.0,3.0,1.0,4.0,0.0,1.0
1.0,0.0,1.0,1.0,1.0,1.0,1.0,1.0,1.0,1.0,6.0,4.0,319.7955153378012,0.0
0.0,0.0,1.0,1.0,3.0,3.0,1.0,1.0,1.0,1.0,5.0,3.0,307.3206361658017,1.0
1.0,0.0,1.0,1.0,3.0,2.0,1.0,0.0,0.0,3.0,2.0,4.0,282.9467106444091,1.0
1.0,1.0,1.0,2.0,1.0,3.0,1.0,1.0,1.0,1.0,2.0,4.0,437.43581047818753,1.0
0.0,0.0,1.0,1.0,3.0,3.0,1.0,1.0,0.0,1.0,5.0,4.0,10.051503631542174,1.0
1.0,0.0,1.0,1.0,1.0,2.0,1.0,1.0,0.0,2.0,3.0,4.0,369.07730376258047,0.0
1.0,1.0,1.0,1.0,1.0,1.0,1.0,1.0,1.0,2.0,2.0,4.0,93.10892841576306,1.0
0.0,0.0,1.0,1.0,1.0,1.0,1.0,0.0,0.0,1.0,2.0,3.0,55.41424790015665,1.0
1.0,1.0,1.0,1.0,3.0,3.0,1.0,0.0,1.0,3.0,2.0,4.0,227.62911900242597,1.0
0.0,0.0,1.0,2.0,1.0,2.0,1.0,1.0,1.0,1.0,2.0,4.0,32.97732038538777,0.0
1.0,0.0,1.0,1.0,3.0,3.0,1.0,1.0,1.0,1.0,2.0,4.0,241.25616556264373,1.0
1.0,1.0,1.0,1.0,3.0,3.0,1.0,1.0,1.0,1.0,2.0,4.0,25.614914626490727,1.0
0.0,0.0,1.0,3.0,1.0,1.0,1.0,0.0,0.0,3.0,1.0,4.0,335.8456166190325,1.0
0.0,0.0,1.0,1.0,1.0,1.0,0.0,0.0,0.0,3.0,1.0,4.0,285.1434012534648,0.0
0.0,0.0,1.0,3.0,1.0,2.0,0.0,0.0,0.0,3.0,1.0,4.0,389.98510114233966,0.0
0.0,0.0,1.0,1.0,1.0,2.0,1.0,1.0,0.0,1.0,2.0,4.0,276.90094934168485,0.0
0.0,0.0,1.0,1.0,1.0,2.0,1.0,1.0,0.0,1.0,2.0,4.0,259.3376135234375,1.0
0.0,1.0,1.0,1.0,1.0,1.0,1.0,0.0,0.0,3.0,4.0,3.0,0.0,1.0
0.0,0.0,1.0,1.0,1.0,3.0,1.0,1.0,0.0,2.0,1.0,3.0,304.11202382347614,1.0
0.0,0.0,1.0,2.0,1.0,2.0,0.0,0.0,0.0,3.0,3.0,4.0,259.3376135234375,1.0
0.0,0.0,1.0,2.0,1.0,3.0,0.0,0.0,0.0,3.0,1.0,4.0,139.46226382919278,0.0
0.0,1.0,1.0,1.0,1.0,3.0,0.0,0.0,0.0,2.0,1.0,4.0,354.48431996717187,1.0
0.0,0.0,1.0,1.0,1.0,1.0,1.0,0.0,0.0,3.0,1.0,3.0,0.0,0.0
0.0,0.0,1.0,1.0,1.0,1.0,0.0,0.0,0.0,3.0,1.0,4.0,0.0,1.0
0.0,1.0,1.0,1.0,3.0,3.0,0.0,0.0,0.0,3.0,4.0,3.0,55.13770236978258,0.0
1.0,1.0,1.0,1.0,3.0,2.0,1.0,1.0,1.0,1.0,1.0,3.0,566.3993399050419,1.0
1.0,0.0,1.0,1.0,1.0,1.0,0.0,1.0,0.0,2.0,3.0,4.0,168.3049640619786,0.0
1.0,0.0,1.0,1.0,3.0,2.0,1.0,0.0,0.0,1.0,2.0,4.0,283.45138374525374,1.0
0.0,0.0,1.0,2.0,1.0,1.0,1.0,0.0,0.0,3.0,1.0,4.0,308.5894653164309,0.0
0.0,0.0,1.0,1.0,3.0,2.0,1.0,0.0,0.0,1.0,1.0,4.0,247.266192224889,1.0
0.0,1.0,1.0,1.0,2.0,3.0,1.0,0.0,0.0,3.0,4.0,4.0,0.0,1.0
0.0,0.0,1.0,1.0,1.0,1.0,1.0,0.0,0.0,2.0,2.0,4.0,357.6536609035261,0.0
0.0,0.0,1.0,1.0,1.0,1.0,1.0,0.0,0.0,3.0,2.0,3.0,322.8078534471179,1.0
0.0,1.0,0.0,2.0,1.0,3.0,0.0,0.0,0.0,3.0,3.0,1.0,119.3634809050916,0.0
0.0,1.0,1.0,1.0,1.0,3.0,1.0,0.0,0.0,1.0,3.0,2.0,615.166666203114,0.0
0.0,0.0,1.0,2.0,1.0,1.0,0.0,1.0,1.0,2.0,3.0,3.0,310.38976488668936,1.0
1.0,0.0,1.0,1.0,1.0,2.0,1.0,1.0,1.0,1.0,2.0,4.0,31.6589339088109,1.0
1.0,1.0,1.0,1.0,1.0,3.0,1.0,1.0,1.0,1.0,2.0,4.0,60.499150231079525,1.0
0.0,0.0,1.0,1.0,1.0,1.0,1.0,1.0,0.0,1.0,2.0,4.0,274.59387982509423,1.0
0.0,0.0,1.0,1.0,1.0,1.0,1.0,1.0,0.0,1.0,2.0,4.0,167.9593419776237,0.0
1.0,1.0,1.0,1.0,1.0,1.0,1.0,1.0,1.0,1.0,2.0,4.0,339.2465123482559,1.0
1.0,1.0,1.0,1.0,1.0,1.0,1.0,1.0,1.0,1.0,2.0,4.0,168.3049640619786,0.0
1.0,0.0,1.0,2.0,1.0,1.0,0.0,0.0,0.0,3.0,3.0,4.0,141.33573836879742,1.0
1.0,0.0,1.0,1.0,1.0,1.0,1.0,0.0,0.0,3.0,1.0,4.0,115.03283307180031,1.0
1.0,0.0,1.0,1.0,1.0,2.0,0.0,0.0,0.0,3.0,2.0,4.0,262.6916604644217,1.0
0.0,0.0,1.0,1.0,1.0,1.0,1.0,0.0,0.0,3.0,1.0,4.0,0.0,0.0
0.0,0.0,1.0,1.0,1.0,1.0,1.0,0.0,0.0,1.0,2.0,4.0,46.77099659954609,1.0
0.0,0.0,1.0,1.0,3.0,2.0,1.0,0.0,0.0,3.0,1.0,4.0,356.8469406585398,0.0
0.0,0.0,1.0,1.0,1.0,2.0,0.0,0.0,0.0,3.0,2.0,4.0,113.89793626301278,1.0
0.0,0.0,1.0,1.0,1.0,1.0,0.0,0.0,0.0,3.0,2.0,4.0,0.0,1.0
0.0,0.0,1.0,1.0,1.0,2.0,0.0,0.0,0.0,3.0,2.0,4.0,272.1362024683278,0.0
0.0,0.0,1.0,1.0,1.0,1.0,0.0,0.0,0.0,3.0,2.0,4.0,52.231451691264006,0.0
0.0,0.0,1.0,1.0,1.0,1.0,1.0,1.0,1.0,2.0,2.0,4.0,0.0,0.0
1.0,0.0,1.0,1.0,1.0,3.0,0.0,0.0,0.0,3.0,2.0,4.0,39.2645403551745,1.0
1.0,0.0,1.0,1.0,1.0,1.0,0.0,0.0,0.0,3.0,2.0,4.0,59.149431656370396,1.0
0.0,0.0,1.0,1.0,1.0,2.0,1.0,0.0,0.0,2.0,2.0,4.0,300.8024050130265,0.0
1.0,0.0,1.0,1.0,1.0,2.0,0.0,0.0,0.0,3.0,1.0,3.0,110.12305490166054,1.0
1.0,1.0,1.0,1.0,1.0,3.0,1.0,0.0,0.0,2.0,1.0,4.0,415.0204173570835,0.0
0.0,1.0,1.0,1.0,1.0,3.0,1.0,0.0,0.0,1.0,3.0,4.0,394.10642493564524,0.0
0.0,0.0,1.0,1.0,1.0,1.0,0.0,0.0,0.0,2.0,2.0,4.0,129.4264568272463,0.0
1.0,0.0,1.0,1.0,1.0,2.0,0.0,0.0,1.0,2.0,1.0,4.0,81.62936063489158,1.0
0.0,0.0,1.0,1.0,1.0,3.0,1.0,0.0,0.0,1.0,2.0,4.0,209.99544864734878,1.0
0.0,0.0,1.0,1.0,1.0,2.0,1.0,0.0,0.0,3.0,1.0,4.0,370.2082649027297,0.0
0.0,0.0,1.0,1.0,1.0,2.0,1.0,0.0,0.0,3.0,2.0,3.0,548.0581265253737,1.0
1.0,0.0,1.0,1.0,1.0,1.0,1.0,0.0,0.0,1.0,1.0,4.0,188.17705224015697,1.0
1.0,0.0,1.0,1.0,2.0,2.0,1.0,0.0,0.0,1.0,2.0,4.0,627.549657067444,0.0
0.0,0.0,1.0,1.0,1.0,1.0,0.0,0.0,0.0,3.0,3.0,4.0,382.18177514474195,1.0
1.0,0.0,1.0,1.0,1.0,2.0,1.0,0.0,0.0,3.0,1.0,4.0,0.0,1.0
0.0,0.0,1.0,3.0,1.0,2.0,1.0,0.0,0.0,3.0,2.0,3.0,736.9665141921871,1.0
0.0,0.0,1.0,1.0,1.0,1.0,1.0,0.0,0.0,1.0,3.0,4.0,388.9744749531415,1.0
0.0,0.0,1.0,1.0,1.0,1.0,1.0,0.0,0.0,3.0,2.0,3.0,294.97014409611245,0.0
0.0,0.0,1.0,1.0,1.0,1.0,1.0,0.0,0.0,3.0,1.0,3.0,302.0626863720685,0.0
0.0,0.0,1.0,2.0,1.0,1.0,1.0,0.0,0.0,1.0,1.0,3.0,329.10665755574206,1.0
0.0,0.0,1.0,2.0,1.0,2.0,0.0,0.0,0.0,3.0,2.0,4.0,373.72312097602753,1.0
0.0,1.0,1.0,2.0,1.0,3.0,0.0,0.0,0.0,3.0,2.0,4.0,286.78685995952014,1.0
1.0,0.0,1.0,1.0,1.0,1.0,0.0,0.0,0.0,2.0,1.0,4.0,59.11334292442631,1.0
0.0,0.0,1.0,2.0,2.0,3.0,0.0,0.0,0.0,3.0,2.0,4.0,374.5143070189405,1.0
0.0,1.0,1.0,1.0,2.0,3.0,1.0,0.0,0.0,2.0,2.0,4.0,0.0,0.0
1.0,1.0,1.0,1.0,1.0,3.0,0.0,1.0,1.0,2.0,3.0,4.0,385.6357684955838,1.0
1.0,0.0,1.0,1.0,1.0,1.0,0.0,0.0,0.0,2.0,1.0,4.0,86.84962818492448,1.0
0.0,0.0,1.0,1.0,3.0,2.0,1.0,0.0,0.0,1.0,1.0,4.0,107.42338254405936,1.0
0.0,0.0,1.0,1.0,1.0,1.0,1.0,0.0,0.0,3.0,4.0,3.0,247.35658664435408,1.0
1.0,0.0,1.0,2.0,1.0,2.0,1.0,0.0,0.0,3.0,1.0,4.0,0.0,1.0
0.0,0.0,1.0,3.0,1.0,1.0,1.0,0.0,0.0,2.0,3.0,4.0,0.0,1.0
0.0,0.0,1.0,1.0,1.0,1.0,0.0,1.0,1.0,2.0,4.0,4.0,325.0147078036983,1.0
0.0,0.0,1.0,1.0,1.0,1.0,1.0,1.0,0.0,1.0,2.0,4.0,65.50104847853098,1.0
1.0,0.0,1.0,1.0,1.0,2.0,1.0,0.0,0.0,3.0,1.0,4.0,548.0581265253737,1.0
0.0,1.0,1.0,1.0,3.0,3.0,1.0,1.0,0.0,1.0,2.0,4.0,337.10209616784704,1.0
0.0,0.0,1.0,1.0,1.0,2.0,0.0,0.0,0.0,3.0,1.0,4.0,0.0,1.0
0.0,0.0,1.0,1.0,1.0,1.0,1.0,1.0,0.0,1.0,2.0,4.0,239.85860658249504,0.0
1.0,0.0,1.0,1.0,1.0,1.0,1.0,1.0,1.0,1.0,2.0,4.0,338.0919516959995,0.0
0.0,0.0,1.0,1.0,1.0,1.0,0.0,1.0,1.0,2.0,3.0,4.0,259.121505384642,1.0
1.0,1.0,1.0,1.0,1.0,3.0,1.0,1.0,1.0,2.0,2.0,4.0,82.82663232807018,0.0
1.0,0.0,1.0,1.0,3.0,3.0,0.0,1.0,1.0,2.0,2.0,4.0,240.3097524762507,1.0
0.0,1.0,1.0,1.0,1.0,3.0,1.0,0.0,0.0,3.0,2.0,4.0,36.206020322912515,0.0
1.0,1.0,1.0,1.0,1.0,3.0,1.0,1.0,1.0,2.0,2.0,4.0,9.924401284625906,0.0
1.0,1.0,1.0,1.0,3.0,2.0,0.0,1.0,1.0,2.0,2.0,3.0,167.68458235249074,1.0
0.0,0.0,1.0,1.0,1.0,1.0,1.0,1.0,0.0,1.0,2.0,4.0,3.7893168541298916,0.0
1.0,1.0,1.0,1.0,2.0,3.0,0.0,1.0,1.0,2.0,2.0,4.0,308.508614796467,1.0
0.0,0.0,1.0,1.0,1.0,2.0,1.0,0.0,0.0,1.0,3.0,4.0,359.201265788913,0.0
1.0,1.0,1.0,2.0,1.0,1.0,1.0,1.0,1.0,2.0,1.0,4.0,46.85363212831916,0.0
0.0,0.0,1.0,1.0,3.0,2.0,1.0,0.0,0.0,2.0,2.0,4.0,481.4760216533665,0.0
1.0,0.0,1.0,1.0,3.0,2.0,0.0,0.0,0.0,3.0,1.0,3.0,216.88065353561137,1.0
1.0,0.0,1.0,1.0,1.0,1.0,0.0,0.0,0.0,3.0,2.0,4.0,79.90045252422459,1.0
0.0,0.0,1.0,1.0,1.0,1.0,0.0,0.0,0.0,3.0,1.0,4.0,203.16420974401493,0.0
1.0,0.0,1.0,1.0,1.0,2.0,1.0,0.0,1.0,3.0,1.0,4.0,339.8254198596228,0.0
0.0,0.0,1.0,3.0,1.0,1.0,1.0,1.0,1.0,1.0,2.0,4.0,10.826619583228261,1.0
0.0,0.0,1.0,1.0,1.0,1.0,1.0,0.0,0.0,1.0,3.0,4.0,77.8073060714671,0.0
1.0,0.0,1.0,1.0,1.0,2.0,1.0,1.0,1.0,1.0,2.0,4.0,184.599843616439,0.0
0.0,0.0,1.0,3.0,1.0,2.0,1.0,1.0,0.0,1.0,2.0,4.0,30.0,0.0
1.0,0.0,1.0,1.0,3.0,2.0,1.0,0.0,0.0,1.0,2.0,4.0,40.95989788571616,1.0
1.0,1.0,1.0,2.0,1.0,2.0,1.0,1.0,0.0,1.0,3.0,4.0,0.0,1.0
0.0,0.0,1.0,1.0,1.0,1.0,1.0,1.0,0.0,1.0,2.0,4.0,0.0,1.0
0.0,0.0,1.0,1.0,1.0,2.0,1.0,1.0,0.0,1.0,2.0,4.0,374.47454003589206,0.0
0.0,0.0,1.0,1.0,1.0,1.0,1.0,0.0,0.0,2.0,2.0,4.0,152.6553361235185,1.0
0.0,0.0,1.0,2.0,1.0,3.0,1.0,1.0,0.0,1.0,2.0,4.0,385.6357684955838,1.0
0.0,0.0,1.0,1.0,1.0,1.0,1.0,1.0,0.0,1.0,2.0,4.0,10.46573226378732,0.0
1.0,1.0,1.0,1.0,3.0,3.0,1.0,1.0,1.0,1.0,2.0,4.0,0.0,0.0
0.0,0.0,1.0,2.0,3.0,3.0,0.0,0.0,0.0,3.0,2.0,4.0,531.1145577560757,0.0
1.0,0.0,1.0,1.0,1.0,3.0,0.0,0.0,0.0,3.0,2.0,4.0,227.04707523929596,1.0
1.0,0.0,1.0,1.0,3.0,3.0,1.0,1.0,0.0,1.0,2.0,4.0,27.444551385525777,0.0
0.0,0.0,1.0,1.0,3.0,3.0,1.0,1.0,0.0,1.0,2.0,4.0,310.2598160506679,1.0
1.0,1.0,1.0,1.0,3.0,3.0,1.0,1.0,1.0,2.0,2.0,4.0,300.98401443557754,0.0
1.0,0.0,1.0,1.0,3.0,2.0,0.0,0.0,0.0,3.0,2.0,4.0,282.81596380402107,1.0
1.0,0.0,1.0,2.0,1.0,1.0,0.0,1.0,0.0,2.0,1.0,3.0,504.2673555349306,0.0
1.0,0.0,1.0,1.0,1.0,1.0,0.0,1.0,1.0,2.0,1.0,4.0,181.06069618390222,1.0
0.0,0.0,1.0,1.0,3.0,2.0,0.0,0.0,0.0,3.0,1.0,3.0,370.2082649027297,0.0
0.0,0.0,1.0,3.0,1.0,1.0,0.0,0.0,0.0,3.0,2.0,3.0,0.0,1.0
0.0,0.0,1.0,1.0,1.0,2.0,1.0,1.0,0.0,1.0,2.0,4.0,473.56458295256846,1.0
0.0,0.0,1.0,2.0,1.0,1.0,1.0,1.0,0.0,1.0,2.0,4.0,130.22479533332717,0.0
0.0,0.0,1.0,2.0,1.0,1.0,0.0,0.0,0.0,3.0,1.0,4.0,0.0,0.0
1.0,0.0,1.0,1.0,1.0,2.0,1.0,1.0,0.0,2.0,2.0,4.0,0.0,1.0
0.0,0.0,1.0,1.0,1.0,1.0,1.0,1.0,0.0,2.0,2.0,4.0,161.23265137382134,0.0
1.0,1.0,1.0,1.0,1.0,3.0,1.0,0.0,0.0,3.0,2.0,3.0,259.6253301221877,1.0
0.0,0.0,1.0,1.0,1.0,2.0,0.0,0.0,0.0,3.0,1.0,4.0,328.0719266652281,1.0
1.0,1.0,1.0,1.0,1.0,1.0,1.0,1.0,1.0,1.0,2.0,4.0,115.46452759547685,1.0
0.0,0.0,1.0,1.0,3.0,2.0,1.0,0.0,0.0,2.0,3.0,4.0,379.99893940410067,1.0
0.0,0.0,1.0,1.0,1.0,1.0,1.0,0.0,0.0,3.0,1.0,4.0,0.0,0.0
0.0,1.0,1.0,2.0,1.0,1.0,1.0,1.0,1.0,3.0,1.0,4.0,238.98425546182102,0.0
1.0,0.0,1.0,1.0,1.0,1.0,1.0,0.0,0.0,3.0,1.0,4.0,334.25176245313526,1.0
1.0,0.0,1.0,1.0,3.0,3.0,1.0,1.0,1.0,3.0,1.0,4.0,1085.2788982052075,1.0
0.0,1.0,1.0,1.0,1.0,2.0,1.0,0.0,0.0,3.0,1.0,4.0,216.2894986375968,1.0
1.0,0.0,1.0,1.0,1.0,1.0,0.0,0.0,0.0,3.0,1.0,4.0,24.370761630346895,0.0
0.0,1.0,1.0,1.0,3.0,3.0,1.0,0.0,0.0,3.0,2.0,3.0,0.0,1.0
1.0,1.0,1.0,1.0,1.0,3.0,1.0,1.0,1.0,2.0,2.0,4.0,333.1503999700778,0.0
0.0,0.0,1.0,1.0,1.0,3.0,0.0,1.0,1.0,2.0,5.0,4.0,313.66043090730517,1.0
0.0,1.0,1.0,3.0,2.0,2.0,0.0,0.0,0.0,3.0,1.0,4.0,64.28429534688951,0.0
0.0,0.0,1.0,1.0,3.0,2.0,0.0,0.0,0.0,3.0,1.0,4.0,314.05366362357637,0.0
0.0,0.0,1.0,1.0,1.0,2.0,0.0,0.0,0.0,3.0,1.0,4.0,394.74439417225153,1.0
0.0,0.0,1.0,1.0,3.0,3.0,0.0,0.0,0.0,3.0,1.0,4.0,435.0159583639209,0.0
1.0,0.0,1.0,1.0,1.0,2.0,1.0,1.0,0.0,3.0,4.0,4.0,30.0,0.0
0.0,0.0,1.0,1.0,3.0,2.0,1.0,0.0,0.0,3.0,1.0,2.0,312.47413658994685,1.0
0.0,0.0,1.0,2.0,1.0,1.0,1.0,1.0,0.0,1.0,3.0,4.0,309.40510005939035,0.0
0.0,0.0,1.0,1.0,1.0,2.0,1.0,1.0,0.0,1.0,3.0,4.0,300.8024050130265,0.0
0.0,0.0,1.0,1.0,1.0,1.0,1.0,1.0,0.0,1.0,3.0,3.0,232.57632677736012,1.0
0.0,0.0,1.0,2.0,1.0,3.0,1.0,0.0,0.0,1.0,2.0,4.0,0.0,0.0
0.0,0.0,1.0,1.0,3.0,3.0,1.0,1.0,0.0,1.0,3.0,4.0,179.32461501997545,0.0
0.0,0.0,1.0,1.0,1.0,2.0,1.0,1.0,0.0,1.0,3.0,4.0,0.0,1.0
0.0,0.0,1.0,1.0,1.0,3.0,1.0,1.0,0.0,1.0,2.0,3.0,392.01829038595196,1.0
0.0,0.0,1.0,1.0,1.0,2.0,1.0,0.0,0.0,1.0,3.0,4.0,523.4258625004102,1.0
0.0,0.0,1.0,1.0,1.0,1.0,1.0,1.0,0.0,1.0,3.0,4.0,263.36101263113034,1.0
0.0,0.0,1.0,1.0,1.0,1.0,1.0,0.0,0.0,3.0,1.0,4.0,0.0,0.0
0.0,0.0,1.0,1.0,1.0,1.0,1.0,1.0,0.0,1.0,2.0,4.0,187.6447214996805,0.0
1.0,1.0,1.0,1.0,2.0,2.0,0.0,1.0,1.0,2.0,1.0,4.0,16.256263115071484,1.0
0.0,0.0,1.0,1.0,1.0,2.0,1.0,0.0,0.0,1.0,2.0,4.0,0.0,1.0
1.0,0.0,1.0,1.0,1.0,2.0,0.0,0.0,0.0,3.0,2.0,4.0,30.0,0.0
1.0,0.0,1.0,3.0,1.0,1.0,1.0,1.0,0.0,1.0,3.0,4.0,167.8139632964007,0.0
0.0,1.0,1.0,1.0,1.0,3.0,1.0,1.0,1.0,1.0,2.0,4.0,307.3206361658017,1.0
0.0,0.0,1.0,1.0,1.0,2.0,1.0,0.0,0.0,1.0,2.0,3.0,201.4214767344475,0.0
0.0,0.0,1.0,1.0,1.0,1.0,1.0,1.0,0.0,1.0,2.0,4.0,175.8875334357907,1.0
0.0,1.0,1.0,1.0,1.0,3.0,1.0,1.0,0.0,1.0,2.0,4.0,319.7955153378012,0.0
1.0,0.0,1.0,1.0,1.0,1.0,1.0,0.0,0.0,3.0,1.0,4.0,66.71362987185253,0.0
1.0,0.0,1.0,1.0,2.0,2.0,1.0,0.0,1.0,1.0,2.0,4.0,118.15529152286646,1.0
1.0,0.0,1.0,1.0,1.0,1.0,1.0,1.0,1.0,1.0,2.0,4.0,167.1187131404721,1.0
1.0,0.0,1.0,1.0,1.0,1.0,0.0,1.0,1.0,2.0,3.0,4.0,489.09902345781376,1.0
1.0,0.0,1.0,3.0,1.0,1.0,1.0,1.0,1.0,2.0,3.0,3.0,177.1258903947135,0.0
0.0,1.0,1.0,2.0,3.0,2.0,1.0,0.0,0.0,2.0,3.0,4.0,500.2875225555902,0.0
1.0,0.0,1.0,1.0,1.0,2.0,1.0,1.0,0.0,2.0,2.0,4.0,117.27475586445344,1.0
1.0,0.0,1.0,1.0,1.0,1.0,1.0,1.0,1.0,2.0,3.0,4.0,39.520153995157116,1.0
1.0,0.0,1.0,1.0,1.0,2.0,1.0,1.0,0.0,2.0,2.0,4.0,30.0,0.0
0.0,0.0,1.0,1.0,1.0,2.0,1.0,1.0,1.0,2.0,2.0,4.0,185.0067674343225,0.0
0.0,0.0,1.0,1.0,1.0,1.0,1.0,1.0,1.0,2.0,2.0,4.0,0.0,1.0
1.0,0.0,1.0,1.0,1.0,3.0,1.0,0.0,0.0,1.0,2.0,4.0,579.3942277884871,1.0
0.0,0.0,1.0,1.0,1.0,1.0,0.0,0.0,0.0,3.0,3.0,4.0,391.5627415934221,1.0
1.0,1.0,1.0,1.0,3.0,3.0,1.0,1.0,1.0,1.0,1.0,4.0,404.8070622662168,0.0
1.0,1.0,1.0,1.0,3.0,3.0,0.0,1.0,1.0,2.0,2.0,4.0,632.0664303147131,1.0
1.0,0.0,1.0,1.0,1.0,1.0,0.0,0.0,0.0,2.0,4.0,3.0,235.1437612777951,0.0
1.0,1.0,1.0,1.0,3.0,2.0,1.0,1.0,1.0,2.0,2.0,4.0,117.20842074290366,0.0
1.0,0.0,1.0,1.0,1.0,2.0,0.0,1.0,0.0,2.0,4.0,4.0,343.5586652024732,1.0
1.0,0.0,1.0,1.0,1.0,2.0,1.0,1.0,1.0,2.0,1.0,4.0,153.8567275332229,0.0
1.0,1.0,1.0,1.0,1.0,2.0,0.0,1.0,1.0,2.0,2.0,3.0,153.94830875626994,1.0
1.0,0.0,1.0,1.0,2.0,1.0,1.0,1.0,0.0,1.0,5.0,4.0,12.883677304041631,1.0
0.0,1.0,1.0,2.0,1.0,3.0,1.0,1.0,1.0,3.0,2.0,4.0,329.201265788913,1.0
0.0,0.0,1.0,1.0,3.0,1.0,0.0,0.0,0.0,2.0,3.0,4.0,451.4760216533665,1.0
1.0,0.0,1.0,1.0,1.0,2.0,0.0,0.0,0.0,2.0,3.0,4.0,346.26779540052945,0.0
1.0,0.0,1.0,1.0,1.0,3.0,1.0,1.0,0.0,1.0,2.0,4.0,46.59677947772605,1.0
1.0,0.0,1.0,1.0,1.0,1.0,1.0,1.0,0.0,1.0,2.0,4.0,205.7507911180707,0.0
1.0,0.0,1.0,1.0,1.0,1.0,1.0,1.0,0.0,1.0,2.0,4.0,171.6920652507105,1.0
0.0,0.0,1.0,1.0,3.0,3.0,1.0,1.0,1.0,1.0,2.0,4.0,240.25338286681546,1.0
0.0,0.0,1.0,1.0,1.0,3.0,1.0,0.0,0.0,3.0,2.0,4.0,158.01660757867828,0.0
0.0,0.0,1.0,1.0,1.0,1.0,1.0,0.0,0.0,3.0,4.0,3.0,285.21064506181773,0.0
0.0,0.0,1.0,1.0,1.0,1.0,1.0,1.0,1.0,1.0,6.0,4.0,0.0,1.0
0.0,0.0,1.0,2.0,1.0,1.0,1.0,1.0,1.0,1.0,2.0,4.0,294.4783346015545,0.0
0.0,0.0,1.0,1.0,2.0,2.0,1.0,0.0,0.0,1.0,1.0,4.0,0.0,1.0
0.0,0.0,1.0,2.0,1.0,1.0,1.0,1.0,0.0,1.0,3.0,4.0,0.0,1.0
1.0,1.0,1.0,1.0,3.0,3.0,1.0,0.0,1.0,1.0,2.0,4.0,453.9879653983608,1.0
1.0,0.0,1.0,1.0,1.0,2.0,1.0,0.0,0.0,1.0,2.0,4.0,155.95151083983316,1.0
1.0,0.0,1.0,1.0,1.0,2.0,1.0,1.0,0.0,1.0,2.0,4.0,42.27016886099203,0.0
0.0,0.0,1.0,1.0,1.0,2.0,0.0,0.0,0.0,3.0,3.0,4.0,30.0,0.0
1.0,1.0,1.0,1.0,3.0,3.0,0.0,1.0,1.0,3.0,2.0,4.0,536.1071645589309,1.0
0.0,0.0,1.0,1.0,1.0,1.0,1.0,0.0,1.0,1.0,2.0,4.0,412.5724967606286,1.0
0.0,0.0,1.0,1.0,1.0,1.0,1.0,1.0,0.0,1.0,3.0,4.0,394.93567826700814,1.0
0.0,0.0,1.0,2.0,1.0,2.0,0.0,1.0,0.0,2.0,1.0,4.0,533.2653470040575,0.0
0.0,1.0,1.0,1.0,2.0,3.0,1.0,0.0,0.0,3.0,1.0,4.0,169.25814782871782,0.0
1.0,0.0,1.0,1.0,1.0,1.0,1.0,1.0,0.0,1.0,2.0,4.0,36.088731944094214,0.0
1.0,0.0,1.0,1.0,1.0,2.0,1.0,0.0,0.0,1.0,1.0,4.0,688.4489103766092,0.0
0.0,0.0,1.0,2.0,1.0,1.0,1.0,1.0,0.0,1.0,2.0,4.0,0.0,1.0
1.0,0.0,1.0,1.0,1.0,1.0,0.0,1.0,1.0,2.0,2.0,4.0,37.89316854129892,1.0
0.0,0.0,1.0,2.0,3.0,2.0,1.0,0.0,0.0,3.0,1.0,3.0,426.48791001768234,1.0
0.0,0.0,1.0,2.0,1.0,2.0,1.0,0.0,0.0,3.0,1.0,4.0,517.7684180544184,1.0
0.0,0.0,1.0,1.0,1.0,3.0,1.0,0.0,0.0,3.0,2.0,4.0,47.095795187042945,1.0
1.0,0.0,1.0,2.0,1.0,2.0,1.0,0.0,0.0,3.0,2.0,4.0,48.77648937370391,1.0
0.0,0.0,1.0,1.0,1.0,2.0,1.0,1.0,0.0,2.0,2.0,4.0,30.0,0.0
0.0,0.0,1.0,1.0,3.0,3.0,1.0,0.0,0.0,2.0,1.0,4.0,300.90337391772044,0.0
1.0,0.0,1.0,1.0,1.0,3.0,0.0,1.0,0.0,2.0,3.0,4.0,189.98940756929088,0.0
1.0,1.0,1.0,1.0,1.0,3.0,0.0,1.0,1.0,2.0,3.0,4.0,0.0,1.0
0.0,0.0,1.0,1.0,3.0,3.0,1.0,0.0,0.0,2.0,2.0,4.0,228.73637503928273,0.0
0.0,0.0,1.0,1.0,1.0,1.0,1.0,0.0,0.0,3.0,1.0,4.0,345.3375647475985,1.0
0.0,0.0,1.0,1.0,3.0,3.0,0.0,0.0,0.0,2.0,3.0,4.0,264.08240084573686,0.0
1.0,1.0,1.0,1.0,2.0,2.0,0.0,0.0,0.0,2.0,3.0,4.0,246.1790913778172,1.0
0.0,0.0,1.0,1.0,1.0,2.0,1.0,1.0,0.0,2.0,3.0,4.0,565.9841347909396,0.0
0.0,0.0,1.0,1.0,1.0,1.0,1.0,0.0,0.0,1.0,2.0,4.0,234.21977611212625,1.0
0.0,0.0,1.0,1.0,1.0,1.0,1.0,0.0,0.0,2.0,2.0,4.0,430.14284309967127,0.0
0.0,1.0,1.0,2.0,1.0,2.0,0.0,0.0,0.0,3.0,2.0,4.0,8.858073066532175,1.0
1.0,0.0,1.0,1.0,1.0,2.0,1.0,1.0,0.0,1.0,2.0,4.0,0.0,1.0
0.0,0.0,1.0,1.0,1.0,2.0,0.0,1.0,0.0,3.0,2.0,4.0,30.0,0.0
0.0,1.0,1.0,1.0,1.0,2.0,0.0,0.0,0.0,3.0,2.0,4.0,259.3376135234375,1.0
0.0,0.0,1.0,2.0,1.0,1.0,1.0,1.0,0.0,2.0,3.0,4.0,229.0352336310816,0.0
0.0,0.0,1.0,2.0,1.0,2.0,1.0,0.0,0.0,2.0,1.0,4.0,0.0,1.0
0.0,0.0,1.0,1.0,1.0,1.0,0.0,0.0,0.0,3.0,4.0,3.0,275.6628496970057,1.0
0.0,0.0,1.0,3.0,1.0,1.0,0.0,0.0,0.0,3.0,2.0,4.0,168.3049640619786,0.0
1.0,0.0,1.0,1.0,1.0,1.0,0.0,0.0,0.0,3.0,1.0,4.0,307.94916463842424,1.0
1.0,0.0,1.0,1.0,3.0,1.0,0.0,0.0,0.0,3.0,1.0,4.0,73.811561670617,0.0
0.0,0.0,1.0,1.0,1.0,3.0,1.0,0.0,0.0,1.0,2.0,4.0,456.84614445982993,0.0
0.0,0.0,1.0,1.0,1.0,2.0,0.0,0.0,0.0,3.0,2.0,4.0,339.85516107390106,1.0
0.0,0.0,1.0,2.0,1.0,1.0,0.0,0.0,0.0,2.0,1.0,4.0,395.4201198774256,0.0
0.0,0.0,1.0,2.0,1.0,1.0,1.0,1.0,0.0,1.0,1.0,4.0,0.0,1.0
0.0,0.0,1.0,2.0,1.0,1.0,0.0,0.0,0.0,3.0,1.0,4.0,714.6455130545864,1.0
0.0,0.0,1.0,1.0,1.0,1.0,0.0,0.0,0.0,3.0,2.0,4.0,92.02626645744023,0.0
0.0,0.0,1.0,1.0,1.0,1.0,0.0,0.0,0.0,3.0,2.0,4.0,150.37694091295847,1.0
0.0,0.0,1.0,2.0,1.0,2.0,1.0,0.0,0.0,1.0,3.0,3.0,672.0325913148713,1.0
0.0,0.0,1.0,1.0,1.0,1.0,0.0,0.0,0.0,2.0,1.0,4.0,90.13160803037526,0.0
1.0,0.0,1.0,1.0,1.0,1.0,0.0,0.0,0.0,2.0,1.0,4.0,235.08076087321925,1.0
0.0,1.0,1.0,3.0,2.0,3.0,1.0,0.0,0.0,1.0,1.0,4.0,96.82611315254825,1.0
1.0,1.0,1.0,1.0,1.0,1.0,0.0,0.0,0.0,3.0,1.0,4.0,260.23037551126845,0.0
0.0,0.0,1.0,1.0,1.0,2.0,1.0,0.0,0.0,2.0,1.0,4.0,33.22854879272231,1.0
0.0,0.0,1.0,1.0,3.0,2.0,1.0,0.0,0.0,1.0,2.0,4.0,0.0,1.0
0.0,0.0,1.0,1.0,3.0,2.0,1.0,0.0,0.0,3.0,1.0,4.0,465.1615217464385,1.0
1.0,0.0,1.0,2.0,1.0,1.0,1.0,0.0,0.0,2.0,2.0,4.0,394.8137199847646,1.0
1.0,0.0,1.0,2.0,1.0,1.0,1.0,0.0,0.0,1.0,1.0,4.0,2.8816778954802067,1.0
0.0,0.0,1.0,3.0,3.0,3.0,1.0,0.0,0.0,3.0,1.0,3.0,197.46783913350407,1.0
0.0,1.0,1.0,1.0,1.0,3.0,1.0,0.0,0.0,1.0,3.0,4.0,216.05453359017062,0.0
1.0,1.0,1.0,1.0,1.0,1.0,1.0,1.0,1.0,1.0,2.0,4.0,132.0797755812219,1.0
0.0,0.0,1.0,1.0,3.0,3.0,1.0,0.0,1.0,2.0,1.0,4.0,349.09492989673043,1.0
0.0,1.0,1.0,2.0,1.0,2.0,1.0,1.0,1.0,2.0,2.0,4.0,452.371460285906,1.0
0.0,0.0,1.0,1.0,1.0,2.0,1.0,0.0,0.0,3.0,3.0,4.0,338.47297441783815,0.0
0.0,0.0,1.0,1.0,1.0,2.0,1.0,0.0,0.0,3.0,1.0,3.0,245.50205878650237,1.0
0.0,0.0,1.0,1.0,1.0,1.0,1.0,1.0,0.0,3.0,1.0,4.0,0.0,0.0
1.0,0.0,1.0,1.0,1.0,2.0,1.0,1.0,1.0,1.0,2.0,4.0,230.08076087321925,1.0
1.0,1.0,1.0,2.0,1.0,3.0,1.0,1.0,1.0,1.0,2.0,4.0,6.037801304815671,0.0
0.0,0.0,1.0,1.0,1.0,1.0,1.0,1.0,0.0,1.0,3.0,4.0,234.21977611212625,1.0
0.0,0.0,1.0,1.0,3.0,2.0,1.0,1.0,0.0,1.0,2.0,4.0,202.88066019781402,0.0
1.0,1.0,1.0,1.0,1.0,3.0,0.0,0.0,1.0,2.0,3.0,4.0,240.72269913417637,1.0
1.0,0.0,1.0,1.0,3.0,2.0,1.0,1.0,0.0,1.0,4.0,4.0,177.37105210537737,1.0
0.0,1.0,1.0,1.0,1.0,2.0,1.0,0.0,0.0,1.0,3.0,3.0,406.1292173971507,0.0
0.0,0.0,1.0,1.0,1.0,1.0,1.0,1.0,1.0,1.0,3.0,4.0,271.5182788085682,0.0
1.0,0.0,1.0,1.0,1.0,1.0,1.0,1.0,1.0,1.0,3.0,4.0,75.78633708259783,1.0
1.0,0.0,1.0,1.0,3.0,2.0,1.0,1.0,1.0,1.0,2.0,4.0,210.24085742059518,1.0
1.0,0.0,1.0,1.0,1.0,1.0,1.0,1.0,0.0,1.0,1.0,4.0,592.4035174005124,1.0
0.0,1.0,1.0,1.0,1.0,2.0,1.0,0.0,0.0,1.0,3.0,4.0,75.03873746622958,0.0
0.0,0.0,1.0,1.0,1.0,2.0,1.0,0.0,0.0,2.0,5.0,4.0,182.29444880407752,0.0
0.0,0.0,1.0,1.0,1.0,2.0,1.0,0.0,0.0,1.0,5.0,3.0,203.9047993880393,0.0
0.0,0.0,1.0,1.0,1.0,2.0,1.0,1.0,1.0,1.0,3.0,4.0,348.977980083964,0.0
0.0,0.0,1.0,2.0,1.0,1.0,1.0,1.0,1.0,1.0,2.0,4.0,188.06460869857534,1.0
0.0,0.0,1.0,2.0,1.0,1.0,1.0,1.0,0.0,1.0,2.0,3.0,300.90337391772044,1.0
0.0,0.0,1.0,1.0,3.0,2.0,1.0,1.0,1.0,2.0,2.0,4.0,30.0,0.0
0.0,0.0,1.0,1.0,1.0,1.0,1.0,1.0,0.0,1.0,4.0,3.0,541.3309791614133,0.0
0.0,0.0,1.0,3.0,3.0,3.0,1.0,1.0,1.0,2.0,2.0,4.0,227.9469283980416,0.0
0.0,0.0,1.0,2.0,1.0,2.0,1.0,0.0,1.0,2.0,2.0,4.0,0.0,1.0
1.0,1.0,1.0,1.0,2.0,2.0,1.0,1.0,1.0,1.0,2.0,4.0,0.0,1.0
1.0,1.0,1.0,1.0,1.0,3.0,1.0,1.0,1.0,2.0,2.0,4.0,0.0,1.0
1.0,0.0,1.0,1.0,1.0,2.0,1.0,1.0,0.0,2.0,1.0,4.0,23.937093978293824,1.0
0.0,0.0,1.0,1.0,1.0,3.0,0.0,0.0,0.0,3.0,1.0,4.0,652.2310377976103,0.0
1.0,0.0,1.0,1.0,1.0,3.0,1.0,0.0,0.0,2.0,2.0,4.0,225.77975202503092,0.0
0.0,0.0,1.0,2.0,1.0,1.0,1.0,0.0,0.0,3.0,1.0,3.0,214.65230837831243,1.0
1.0,0.0,1.0,1.0,1.0,1.0,0.0,0.0,0.0,3.0,2.0,4.0,204.96441851940537,1.0
0.0,0.0,1.0,2.0,1.0,2.0,1.0,0.0,0.0,2.0,6.0,4.0,71.84474387947219,1.0
1.0,0.0,1.0,1.0,3.0,3.0,1.0,0.0,0.0,2.0,1.0,4.0,225.7486893928704,0.0
1.0,1.0,1.0,2.0,1.0,3.0,1.0,0.0,0.0,2.0,2.0,4.0,0.0,1.0
1.0,0.0,1.0,1.0,3.0,2.0,1.0,1.0,0.0,2.0,2.0,4.0,277.6611068739588,1.0
0.0,0.0,1.0,3.0,1.0,2.0,0.0,0.0,0.0,2.0,6.0,4.0,364.29397207307113,1.0
0.0,0.0,1.0,1.0,1.0,2.0,1.0,0.0,0.0,2.0,2.0,3.0,219.44416006630522,0.0
1.0,0.0,1.0,1.0,1.0,1.0,0.0,0.0,0.0,3.0,1.0,4.0,205.01452520111368,1.0
1.0,1.0,1.0,1.0,1.0,3.0,1.0,1.0,1.0,1.0,2.0,4.0,0.0,1.0
0.0,0.0,1.0,1.0,1.0,1.0,0.0,0.0,0.0,3.0,3.0,4.0,0.0,1.0
1.0,0.0,1.0,1.0,1.0,1.0,1.0,1.0,1.0,2.0,1.0,4.0,405.0808434702831,0.0
1.0,1.0,1.0,3.0,1.0,2.0,1.0,1.0,1.0,1.0,2.0,4.0,0.0,1.0
0.0,0.0,1.0,1.0,3.0,2.0,1.0,1.0,1.0,1.0,3.0,2.0,226.440810353144,0.0
0.0,0.0,1.0,2.0,1.0,2.0,1.0,0.0,0.0,1.0,3.0,3.0,259.3376135234375,1.0
1.0,0.0,1.0,1.0,1.0,1.0,1.0,1.0,0.0,1.0,3.0,3.0,0.0,0.0
0.0,0.0,1.0,1.0,1.0,3.0,1.0,0.0,0.0,1.0,3.0,2.0,0.0,0.0
1.0,0.0,1.0,1.0,1.0,2.0,1.0,0.0,0.0,1.0,1.0,3.0,120.98620159327375,1.0
1.0,0.0,1.0,1.0,1.0,1.0,1.0,1.0,0.0,1.0,2.0,4.0,0.0,0.0
1.0,1.0,1.0,1.0,1.0,2.0,0.0,1.0,1.0,2.0,2.0,4.0,71.32766806175924,1.0
0.0,0.0,1.0,1.0,1.0,3.0,0.0,0.0,0.0,3.0,1.0,4.0,394.93567826700814,0.0
1.0,0.0,1.0,1.0,3.0,2.0,0.0,0.0,0.0,3.0,1.0,4.0,41.11532943878102,0.0
0.0,0.0,1.0,1.0,1.0,1.0,1.0,1.0,0.0,2.0,1.0,4.0,235.73035804821293,1.0
1.0,0.0,1.0,1.0,1.0,1.0,0.0,0.0,0.0,3.0,4.0,4.0,73.62101316595218,1.0
0.0,0.0,1.0,1.0,1.0,1.0,1.0,0.0,0.0,3.0,4.0,4.0,198.46678300301207,1.0
0.0,0.0,1.0,2.0,1.0,2.0,1.0,0.0,1.0,1.0,2.0,4.0,171.04845652393152,0.0
1.0,1.0,1.0,2.0,1.0,2.0,1.0,1.0,0.0,1.0,3.0,4.0,29.645182666330435,1.0
0.0,0.0,1.0,1.0,1.0,2.0,1.0,1.0,0.0,1.0,2.0,4.0,440.6206685753008,0.0
1.0,0.0,1.0,1.0,1.0,1.0,1.0,0.0,0.0,1.0,2.0,4.0,135.40651826297426,1.0
1.0,1.0,1.0,1.0,3.0,3.0,1.0,1.0,1.0,2.0,3.0,4.0,129.5222174422016,0.0
0.0,0.0,1.0,1.0,2.0,1.0,1.0,1.0,1.0,2.0,3.0,4.0,462.6389373984952,1.0
0.0,0.0,1.0,2.0,3.0,2.0,0.0,0.0,0.0,2.0,1.0,4.0,312.3590271788458,1.0
0.0,0.0,1.0,2.0,1.0,1.0,1.0,0.0,0.0,2.0,2.0,4.0,234.21977611212625,1.0
1.0,1.0,1.0,1.0,1.0,1.0,0.0,0.0,0.0,3.0,1.0,4.0,372.11714161345594,1.0
1.0,0.0,1.0,1.0,1.0,3.0,0.0,0.0,0.0,2.0,2.0,3.0,0.0,1.0
1.0,0.0,1.0,1.0,1.0,2.0,1.0,0.0,0.0,3.0,4.0,4.0,51.41938260957261,1.0
0.0,0.0,1.0,1.0,1.0,2.0,1.0,0.0,0.0,3.0,1.0,4.0,480.83336492005634,1.0
1.0,1.0,1.0,1.0,1.0,3.0,1.0,1.0,1.0,1.0,2.0,4.0,270.9575909548164,0.0
1.0,1.0,1.0,1.0,3.0,3.0,1.0,1.0,1.0,1.0,2.0,4.0,0.0,1.0
0.0,0.0,1.0,2.0,1.0,2.0,1.0,1.0,0.0,1.0,1.0,4.0,0.0,1.0
1.0,0.0,1.0,1.0,1.0,2.0,1.0,1.0,0.0,1.0,2.0,4.0,61.18066439969739,0.0
0.0,1.0,1.0,1.0,1.0,1.0,1.0,1.0,1.0,1.0,2.0,4.0,0.0,1.0
0.0,0.0,1.0,1.0,1.0,1.0,1.0,0.0,0.0,1.0,2.0,4.0,0.0,0.0
0.0,0.0,1.0,1.0,3.0,2.0,1.0,0.0,0.0,2.0,1.0,4.0,226.69559791664474,1.0
1.0,0.0,1.0,2.0,1.0,1.0,0.0,0.0,0.0,3.0,1.0,4.0,44.60567268290044,1.0
0.0,0.0,1.0,2.0,2.0,2.0,1.0,0.0,0.0,3.0,1.0,4.0,128.9960336977349,1.0
0.0,0.0,1.0,1.0,1.0,2.0,0.0,0.0,0.0,3.0,2.0,4.0,30.0,0.0
0.0,0.0,1.0,1.0,1.0,2.0,0.0,0.0,0.0,3.0,2.0,4.0,100.55954093647554,1.0
0.0,0.0,1.0,1.0,1.0,1.0,1.0,1.0,0.0,1.0,2.0,4.0,246.53491699109904,1.0
0.0,0.0,1.0,1.0,1.0,1.0,0.0,0.0,0.0,3.0,1.0,4.0,451.35506087658086,1.0
0.0,0.0,1.0,1.0,3.0,2.0,0.0,0.0,0.0,3.0,2.0,4.0,203.9047993880393,0.0
0.0,0.0,1.0,2.0,2.0,1.0,0.0,0.0,0.0,3.0,3.0,4.0,48.50325573286261,0.0
0.0,0.0,1.0,1.0,3.0,3.0,0.0,0.0,0.0,3.0,1.0,4.0,20.29991171855299,1.0
0.0,1.0,1.0,2.0,1.0,2.0,1.0,0.0,0.0,2.0,1.0,4.0,46.96777399949565,1.0
0.0,0.0,1.0,1.0,1.0,2.0,1.0,1.0,0.0,3.0,2.0,4.0,30.0,0.0
0.0,0.0,1.0,1.0,1.0,3.0,1.0,1.0,1.0,1.0,2.0,4.0,297.02500831822607,0.0
1.0,1.0,1.0,1.0,1.0,3.0,1.0,1.0,1.0,1.0,2.0,4.0,0.0,1.0
0.0,0.0,1.0,1.0,1.0,1.0,1.0,1.0,0.0,1.0,2.0,4.0,701.0108289239397,0.0
0.0,1.0,1.0,1.0,1.0,3.0,1.0,1.0,1.0,1.0,6.0,4.0,307.3206361658017,1.0
0.0,0.0,1.0,1.0,1.0,1.0,1.0,1.0,0.0,1.0,2.0,3.0,368.13647152746125,1.0
1.0,0.0,1.0,1.0,1.0,3.0,1.0,1.0,0.0,1.0,2.0,4.0,238.90485992062574,1.0
1.0,1.0,1.0,1.0,1.0,3.0,1.0,1.0,1.0,1.0,2.0,4.0,52.05117603413886,1.0
1.0,0.0,1.0,1.0,1.0,3.0,0.0,0.0,0.0,3.0,2.0,4.0,383.65180174509374,1.0
0.0,0.0,1.0,1.0,1.0,1.0,1.0,0.0,0.0,2.0,1.0,3.0,263.2904521780054,0.0
1.0,0.0,1.0,1.0,1.0,3.0,0.0,1.0,1.0,2.0,3.0,4.0,0.0,1.0
1.0,0.0,1.0,1.0,1.0,1.0,1.0,1.0,1.0,2.0,3.0,4.0,26.51143663841791,0.0
0.0,0.0,1.0,1.0,1.0,1.0,1.0,0.0,0.0,3.0,2.0,4.0,22.73590112477935,1.0
0.0,0.0,1.0,1.0,1.0,2.0,1.0,0.0,0.0,2.0,2.0,4.0,191.97809666616462,0.0
0.0,0.0,1.0,2.0,1.0,1.0,1.0,1.0,0.0,1.0,2.0,4.0,193.70654695953257,1.0
0.0,0.0,1.0,1.0,2.0,3.0,0.0,0.0,0.0,3.0,1.0,4.0,179.97631064179504,1.0
1.0,1.0,1.0,1.0,1.0,3.0,0.0,0.0,0.0,3.0,2.0,4.0,320.9740817622495,1.0
0.0,0.0,1.0,1.0,1.0,1.0,0.0,0.0,0.0,3.0,1.0,4.0,320.45937191504987,1.0
1.0,0.0,1.0,3.0,1.0,1.0,1.0,1.0,0.0,2.0,1.0,4.0,64.28712517556833,0.0
1.0,0.0,1.0,1.0,1.0,1.0,0.0,0.0,0.0,3.0,1.0,3.0,336.1654880487034,1.0
0.0,0.0,1.0,1.0,1.0,2.0,1.0,0.0,0.0,2.0,2.0,4.0,259.3376135234375,1.0
0.0,1.0,1.0,3.0,1.0,3.0,0.0,0.0,0.0,3.0,3.0,4.0,0.0,1.0
1.0,0.0,1.0,1.0,3.0,1.0,1.0,0.0,0.0,3.0,4.0,4.0,295.66274016158746,0.0
0.0,0.0,1.0,2.0,1.0,3.0,1.0,0.0,0.0,2.0,1.0,4.0,366.7259869622219,1.0
0.0,0.0,1.0,1.0,1.0,1.0,1.0,0.0,0.0,2.0,2.0,4.0,247.921503402111,0.0
0.0,0.0,1.0,1.0,3.0,2.0,0.0,0.0,0.0,3.0,3.0,4.0,164.82063644280146,1.0
0.0,0.0,1.0,3.0,1.0,1.0,0.0,0.0,0.0,3.0,6.0,4.0,0.0,1.0
1.0,0.0,1.0,2.0,1.0,3.0,1.0,0.0,0.0,1.0,2.0,4.0,282.09691304786304,1.0
0.0,0.0,1.0,1.0,1.0,1.0,1.0,0.0,0.0,2.0,3.0,4.0,75.28109483538053,0.0
0.0,0.0,1.0,1.0,1.0,1.0,1.0,0.0,0.0,2.0,2.0,4.0,0.0,1.0
1.0,0.0,1.0,1.0,1.0,2.0,1.0,1.0,1.0,1.0,2.0,4.0,0.0,1.0
1.0,1.0,1.0,2.0,3.0,3.0,1.0,0.0,1.0,3.0,1.0,4.0,940.0710418745736,1.0
1.0,1.0,1.0,1.0,3.0,3.0,1.0,1.0,1.0,1.0,2.0,4.0,0.0,0.0
0.0,0.0,1.0,1.0,1.0,1.0,1.0,1.0,1.0,1.0,2.0,4.0,98.07462032717896,1.0
0.0,0.0,1.0,3.0,1.0,1.0,1.0,0.0,0.0,2.0,2.0,3.0,0.0,0.0
0.0,0.0,1.0,1.0,1.0,1.0,1.0,0.0,0.0,3.0,1.0,4.0,1294.839446992652,1.0
1.0,0.0,1.0,1.0,1.0,1.0,0.0,0.0,0.0,3.0,3.0,4.0,379.15434774049317,1.0
0.0,0.0,1.0,1.0,3.0,3.0,0.0,0.0,0.0,3.0,1.0,4.0,211.1946823584421,1.0
0.0,0.0,1.0,1.0,1.0,1.0,1.0,1.0,0.0,1.0,3.0,4.0,0.0,0.0
0.0,0.0,1.0,1.0,1.0,1.0,1.0,1.0,0.0,1.0,2.0,3.0,211.45738354678292,1.0
0.0,0.0,1.0,1.0,1.0,1.0,1.0,0.0,0.0,1.0,2.0,3.0,418.00655779456235,0.0
1.0,0.0,1.0,1.0,1.0,3.0,1.0,1.0,1.0,2.0,2.0,4.0,201.19409258151626,0.0
0.0,0.0,1.0,1.0,1.0,2.0,0.0,0.0,0.0,3.0,1.0,4.0,248.0177899073918,1.0
0.0,0.0,1.0,2.0,2.0,1.0,0.0,0.0,0.0,3.0,1.0,4.0,525.8026243522467,0.0
1.0,0.0,1.0,1.0,1.0,2.0,1.0,0.0,1.0,3.0,4.0,4.0,0.0,1.0
1.0,0.0,1.0,1.0,1.0,1.0,0.0,1.0,1.0,2.0,3.0,4.0,243.5989406226359,1.0
1.0,0.0,1.0,1.0,1.0,2.0,1.0,1.0,1.0,2.0,2.0,4.0,30.0,0.0
1.0,1.0,1.0,1.0,3.0,3.0,0.0,1.0,1.0,2.0,2.0,4.0,215.3293359296859,1.0
0.0,0.0,1.0,1.0,3.0,2.0,1.0,0.0,0.0,1.0,2.0,4.0,283.46321316492333,1.0
1.0,0.0,1.0,1.0,3.0,2.0,1.0,0.0,1.0,2.0,3.0,4.0,27.110125121065167,1.0
0.0,0.0,1.0,1.0,1.0,2.0,1.0,0.0,1.0,2.0,2.0,4.0,182.41583052997848,1.0
1.0,0.0,1.0,1.0,1.0,1.0,1.0,0.0,0.0,2.0,1.0,4.0,208.59819941871538,1.0
0.0,1.0,1.0,2.0,1.0,2.0,1.0,0.0,0.0,1.0,3.0,4.0,333.4255750748464,1.0
0.0,0.0,1.0,1.0,1.0,1.0,1.0,1.0,1.0,1.0,3.0,4.0,0.0,1.0
0.0,0.0,1.0,1.0,3.0,2.0,1.0,0.0,0.0,2.0,3.0,4.0,380.7566452733465,1.0
1.0,0.0,1.0,1.0,1.0,2.0,1.0,1.0,0.0,1.0,2.0,4.0,240.9469894391548,0.0
0.0,0.0,1.0,1.0,1.0,3.0,0.0,0.0,0.0,3.0,1.0,4.0,382.22024041773534,1.0
0.0,0.0,1.0,2.0,1.0,1.0,0.0,0.0,0.0,3.0,1.0,4.0,44.60567268290043,0.0
0.0,0.0,1.0,1.0,2.0,2.0,1.0,0.0,0.0,3.0,1.0,4.0,255.52777142020517,1.0
0.0,0.0,1.0,1.0,1.0,1.0,1.0,0.0,0.0,2.0,2.0,4.0,234.21977611212625,1.0
0.0,0.0,1.0,1.0,1.0,1.0,0.0,1.0,0.0,3.0,2.0,4.0,68.92947801321995,1.0
0.0,0.0,1.0,1.0,1.0,2.0,1.0,1.0,0.0,3.0,4.0,4.0,403.30667420487134,1.0
0.0,1.0,1.0,1.0,1.0,3.0,1.0,1.0,0.0,3.0,2.0,4.0,180.4936400399181,0.0
1.0,0.0,1.0,1.0,3.0,3.0,0.0,0.0,0.0,2.0,2.0,4.0,312.1035859023584,1.0
0.0,0.0,1.0,3.0,1.0,1.0,1.0,0.0,0.0,3.0,3.0,3.0,168.3049640619786,0.0
0.0,0.0,1.0,1.0,1.0,1.0,1.0,1.0,0.0,1.0,2.0,4.0,94.53630758589452,0.0
0.0,0.0,1.0,1.0,1.0,1.0,1.0,0.0,0.0,1.0,3.0,4.0,355.15663460628105,1.0
0.0,0.0,1.0,2.0,1.0,3.0,1.0,1.0,0.0,3.0,1.0,4.0,433.0647833291305,1.0
1.0,0.0,1.0,2.0,1.0,2.0,1.0,0.0,0.0,2.0,2.0,4.0,281.72274832677476,0.0
0.0,0.0,1.0,1.0,3.0,3.0,0.0,0.0,0.0,2.0,3.0,4.0,369.08100951195723,1.0
0.0,0.0,1.0,1.0,1.0,1.0,1.0,1.0,0.0,2.0,6.0,4.0,136.9567377278375,1.0
1.0,0.0,1.0,2.0,1.0,1.0,1.0,0.0,0.0,3.0,1.0,4.0,53.7628650525761,1.0
0.0,1.0,1.0,1.0,3.0,3.0,1.0,0.0,0.0,2.0,2.0,4.0,329.0248646561006,0.0
0.0,0.0,1.0,1.0,1.0,3.0,1.0,0.0,0.0,2.0,2.0,4.0,316.42791269498144,1.0
0.0,0.0,1.0,1.0,3.0,3.0,1.0,0.0,0.0,3.0,1.0,4.0,521.0555428404103,1.0
0.0,0.0,1.0,1.0,1.0,1.0,1.0,0.0,0.0,1.0,2.0,4.0,0.0,1.0
0.0,0.0,1.0,3.0,2.0,1.0,1.0,0.0,0.0,2.0,1.0,4.0,222.9633154939342,1.0
1.0,1.0,1.0,1.0,1.0,3.0,0.0,0.0,0.0,3.0,3.0,4.0,334.75324125963965,1.0
0.0,0.0,1.0,1.0,1.0,1.0,0.0,1.0,0.0,2.0,3.0,4.0,0.0,0.0
0.0,0.0,1.0,1.0,1.0,2.0,1.0,1.0,0.0,1.0,5.0,4.0,259.3376135234375,1.0
1.0,0.0,1.0,1.0,1.0,2.0,0.0,0.0,0.0,3.0,2.0,4.0,201.09292962117232,0.0
1.0,0.0,1.0,1.0,3.0,2.0,1.0,0.0,0.0,3.0,2.0,3.0,0.0,1.0
0.0,0.0,1.0,1.0,1.0,1.0,0.0,0.0,0.0,2.0,2.0,4.0,28.419876405974186,1.0
1.0,0.0,1.0,1.0,1.0,1.0,1.0,1.0,0.0,2.0,2.0,4.0,171.6920652507105,1.0
0.0,0.0,1.0,1.0,1.0,1.0,0.0,0.0,0.0,3.0,1.0,4.0,0.0,0.0
0.0,0.0,1.0,1.0,1.0,2.0,1.0,0.0,0.0,3.0,1.0,4.0,295.8227333998633,1.0
0.0,0.0,1.0,3.0,1.0,3.0,0.0,0.0,0.0,3.0,1.0,4.0,0.0,0.0
1.0,1.0,1.0,1.0,1.0,3.0,1.0,1.0,0.0,3.0,2.0,4.0,285.82826952978314,1.0
1.0,0.0,1.0,1.0,1.0,1.0,1.0,0.0,0.0,1.0,2.0,4.0,274.30864707046294,1.0
1.0,0.0,1.0,1.0,3.0,2.0,0.0,0.0,0.0,3.0,4.0,4.0,472.21975110632184,1.0
0.0,0.0,1.0,2.0,1.0,2.0,0.0,0.0,0.0,2.0,1.0,4.0,380.0269491448666,0.0
1.0,0.0,1.0,1.0,3.0,2.0,1.0,0.0,0.0,3.0,1.0,4.0,136.4678292208493,1.0
0.0,0.0,1.0,1.0,1.0,1.0,1.0,1.0,0.0,1.0,2.0,4.0,268.88900988934313,0.0
0.0,1.0,1.0,1.0,3.0,3.0,1.0,0.0,0.0,1.0,3.0,4.0,432.35189990010946,1.0
0.0,0.0,1.0,2.0,1.0,1.0,0.0,0.0,0.0,3.0,1.0,4.0,317.32756942408264,1.0
0.0,0.0,1.0,2.0,1.0,2.0,1.0,0.0,0.0,1.0,2.0,4.0,259.3376135234375,1.0
0.0,0.0,1.0,1.0,1.0,1.0,1.0,1.0,0.0,1.0,2.0,4.0,0.0,1.0
1.0,0.0,1.0,1.0,1.0,3.0,1.0,0.0,0.0,1.0,3.0,4.0,0.0,1.0
0.0,0.0,1.0,1.0,1.0,1.0,0.0,0.0,0.0,3.0,2.0,4.0,228.71233869569696,0.0
0.0,0.0,1.0,1.0,1.0,2.0,0.0,0.0,0.0,3.0,2.0,4.0,147.9159090016233,1.0
1.0,0.0,1.0,1.0,3.0,3.0,0.0,0.0,0.0,2.0,2.0,4.0,59.45594306352787,1.0
1.0,0.0,1.0,1.0,1.0,1.0,1.0,0.0,0.0,3.0,1.0,4.0,177.78007242309818,0.0
0.0,0.0,1.0,1.0,1.0,1.0,1.0,0.0,0.0,1.0,4.0,4.0,49.00849798007993,1.0
1.0,0.0,1.0,1.0,3.0,2.0,1.0,0.0,0.0,1.0,3.0,4.0,0.0,1.0
1.0,0.0,1.0,1.0,1.0,3.0,1.0,0.0,1.0,1.0,3.0,4.0,57.74197111055072,1.0
1.0,1.0,1.0,1.0,1.0,1.0,1.0,0.0,0.0,1.0,2.0,3.0,10.826619583228263,0.0
1.0,1.0,1.0,1.0,3.0,2.0,1.0,1.0,1.0,2.0,3.0,4.0,186.21044991728814,1.0
0.0,0.0,1.0,1.0,2.0,3.0,1.0,1.0,0.0,2.0,3.0,4.0,868.4259047340171,1.0
1.0,1.0,1.0,1.0,1.0,1.0,1.0,1.0,1.0,1.0,2.0,4.0,150.023761958443,0.0
1.0,0.0,1.0,1.0,1.0,2.0,1.0,1.0,1.0,1.0,2.0,4.0,112.4237115630965,1.0
0.0,0.0,1.0,3.0,1.0,1.0,1.0,0.0,0.0,2.0,2.0,4.0,0.0,0.0
1.0,0.0,1.0,1.0,1.0,2.0,1.0,0.0,0.0,3.0,3.0,4.0,513.5708228751853,1.0
0.0,0.0,1.0,1.0,1.0,2.0,0.0,0.0,0.0,3.0,1.0,4.0,109.31305344383436,1.0
1.0,1.0,1.0,1.0,3.0,3.0,1.0,1.0,0.0,1.0,4.0,4.0,149.34665355562151,0.0
0.0,0.0,1.0,2.0,2.0,1.0,0.0,0.0,0.0,3.0,3.0,4.0,134.66970962803993,0.0
0.0,0.0,1.0,1.0,1.0,1.0,1.0,1.0,0.0,3.0,3.0,4.0,322.24427434456425,1.0
1.0,1.0,1.0,1.0,1.0,1.0,0.0,0.0,0.0,3.0,3.0,4.0,181.17757005411812,0.0
0.0,0.0,1.0,1.0,1.0,1.0,0.0,0.0,0.0,3.0,3.0,4.0,0.0,1.0
0.0,0.0,1.0,1.0,1.0,1.0,1.0,1.0,0.0,3.0,1.0,4.0,0.0,0.0
1.0,1.0,1.0,1.0,1.0,1.0,1.0,1.0,1.0,3.0,3.0,4.0,106.38549514365724,1.0
0.0,0.0,1.0,3.0,1.0,1.0,1.0,0.0,0.0,3.0,1.0,4.0,11.709675257824331,1.0
0.0,0.0,1.0,2.0,1.0,1.0,0.0,0.0,0.0,3.0,2.0,4.0,234.21977611212625,1.0
0.0,0.0,1.0,1.0,1.0,1.0,0.0,1.0,0.0,3.0,2.0,4.0,302.7028754836127,1.0
1.0,0.0,1.0,1.0,1.0,2.0,1.0,1.0,0.0,2.0,3.0,4.0,0.0,1.0
1.0,1.0,1.0,1.0,1.0,2.0,1.0,1.0,1.0,2.0,3.0,4.0,0.0,1.0
0.0,0.0,1.0,2.0,1.0,2.0,0.0,0.0,0.0,3.0,1.0,4.0,45.52422472173188,1.0
0.0,0.0,1.0,2.0,1.0,2.0,1.0,1.0,0.0,2.0,2.0,4.0,116.25813933215652,1.0
0.0,0.0,1.0,1.0,1.0,1.0,0.0,0.0,0.0,3.0,2.0,4.0,82.03870989191213,1.0
1.0,0.0,1.0,1.0,3.0,2.0,1.0,0.0,0.0,3.0,2.0,4.0,30.0,0.0
1.0,1.0,1.0,1.0,1.0,3.0,1.0,0.0,0.0,3.0,2.0,4.0,63.08310343827665,1.0
1.0,1.0,1.0,1.0,1.0,1.0,1.0,0.0,0.0,3.0,2.0,4.0,200.63674879246946,1.0
1.0,0.0,1.0,1.0,1.0,2.0,1.0,1.0,0.0,1.0,2.0,4.0,73.94456743248773,0.0
1.0,0.0,1.0,1.0,1.0,1.0,1.0,1.0,1.0,1.0,2.0,4.0,163.3984591675159,0.0
0.0,0.0,1.0,2.0,1.0,2.0,1.0,1.0,1.0,1.0,2.0,4.0,1687.1278753742315,1.0
1.0,1.0,1.0,1.0,1.0,3.0,1.0,1.0,1.0,1.0,2.0,4.0,238.90485992062574,1.0
1.0,0.0,1.0,1.0,3.0,2.0,0.0,1.0,0.0,2.0,4.0,4.0,188.36269284928588,1.0
0.0,0.0,1.0,1.0,1.0,1.0,1.0,0.0,0.0,1.0,2.0,4.0,0.0,1.0
0.0,0.0,1.0,1.0,1.0,1.0,1.0,0.0,0.0,1.0,2.0,4.0,26.019975731691925,1.0
0.0,0.0,1.0,2.0,1.0,2.0,1.0,0.0,0.0,1.0,2.0,4.0,348.6840831954804,0.0
0.0,0.0,1.0,1.0,1.0,3.0,1.0,0.0,0.0,1.0,2.0,4.0,594.1248984647302,1.0
0.0,1.0,1.0,3.0,3.0,3.0,1.0,0.0,1.0,1.0,2.0,4.0,276.7932239602109,1.0
0.0,1.0,1.0,1.0,1.0,3.0,1.0,0.0,0.0,2.0,2.0,3.0,129.86128968297743,1.0
1.0,0.0,1.0,1.0,1.0,1.0,1.0,1.0,0.0,1.0,3.0,4.0,118.37273128539998,1.0
1.0,0.0,1.0,1.0,1.0,1.0,1.0,1.0,0.0,1.0,3.0,4.0,424.5718037415441,0.0
0.0,0.0,1.0,2.0,1.0,3.0,1.0,0.0,0.0,1.0,3.0,4.0,425.81120545594393,0.0
0.0,0.0,0.0,1.0,1.0,1.0,1.0,1.0,0.0,1.0,2.0,1.0,507.6383626122694,0.0
0.0,0.0,1.0,1.0,1.0,1.0,1.0,1.0,0.0,1.0,2.0,4.0,48.44305884458436,1.0
0.0,0.0,1.0,3.0,1.0,2.0,1.0,0.0,0.0,3.0,1.0,4.0,775.193969340404,1.0
0.0,0.0,1.0,2.0,1.0,1.0,1.0,0.0,0.0,3.0,6.0,4.0,97.43957624905434,0.0
0.0,0.0,1.0,2.0,1.0,3.0,1.0,0.0,0.0,1.0,1.0,4.0,214.7279550673605,1.0
1.0,0.0,1.0,1.0,1.0,1.0,1.0,0.0,0.0,2.0,2.0,4.0,121.9295969133541,1.0
0.0,0.0,1.0,2.0,1.0,1.0,0.0,1.0,0.0,3.0,2.0,4.0,295.1357130972185,1.0
1.0,1.0,1.0,1.0,3.0,3.0,0.0,1.0,1.0,2.0,2.0,4.0,137.97144024334452,1.0
1.0,0.0,1.0,1.0,1.0,1.0,1.0,1.0,0.0,1.0,1.0,4.0,309.84741540185945,0.0
1.0,1.0,1.0,2.0,2.0,3.0,1.0,1.0,1.0,1.0,1.0,4.0,191.49247122985057,0.0
1.0,0.0,1.0,2.0,3.0,3.0,1.0,1.0,1.0,1.0,2.0,4.0,406.76150850342117,1.0
0.0,0.0,1.0,1.0,1.0,1.0,0.0,0.0,0.0,3.0,1.0,4.0,192.63386006670828,0.0
0.0,0.0,1.0,3.0,1.0,2.0,1.0,0.0,0.0,3.0,1.0,4.0,35.66252631786958,0.0
0.0,0.0,1.0,1.0,1.0,2.0,0.0,0.0,0.0,3.0,2.0,4.0,258.2198917248804,1.0
0.0,0.0,1.0,1.0,1.0,2.0,0.0,0.0,0.0,3.0,2.0,4.0,406.0284167498294,0.0
1.0,0.0,1.0,1.0,1.0,1.0,0.0,0.0,0.0,3.0,2.0,4.0,73.07968218679076,0.0
0.0,0.0,1.0,1.0,2.0,3.0,1.0,0.0,0.0,1.0,3.0,4.0,259.016767211466,1.0
1.0,1.0,1.0,2.0,1.0,2.0,0.0,1.0,1.0,2.0,2.0,4.0,0.0,1.0
0.0,0.0,1.0,1.0,3.0,2.0,1.0,1.0,0.0,1.0,1.0,4.0,0.0,1.0
0.0,0.0,1.0,1.0,1.0,3.0,1.0,1.0,0.0,1.0,2.0,4.0,191.85431405387317,1.0
1.0,0.0,1.0,1.0,1.0,2.0,1.0,0.0,0.0,1.0,3.0,4.0,143.24644084056763,0.0
0.0,0.0,1.0,3.0,3.0,3.0,1.0,0.0,0.0,3.0,1.0,4.0,297.24108649068194,1.0
0.0,0.0,1.0,2.0,1.0,1.0,0.0,0.0,0.0,3.0,1.0,4.0,480.3763023979071,1.0
0.0,0.0,1.0,1.0,1.0,2.0,0.0,0.0,0.0,3.0,1.0,4.0,342.5689259839309,0.0
1.0,0.0,1.0,1.0,1.0,2.0,0.0,0.0,0.0,2.0,1.0,4.0,0.0,1.0
1.0,0.0,1.0,1.0,1.0,3.0,1.0,0.0,1.0,3.0,4.0,4.0,0.0,1.0
1.0,0.0,1.0,2.0,1.0,1.0,1.0,0.0,0.0,1.0,2.0,4.0,323.49353410673274,0.0
0.0,1.0,1.0,1.0,1.0,3.0,1.0,0.0,0.0,3.0,2.0,4.0,451.2341000997952,0.0
0.0,0.0,1.0,1.0,1.0,1.0,0.0,0.0,0.0,3.0,2.0,4.0,45.98438929271068,0.0
1.0,0.0,1.0,1.0,1.0,1.0,1.0,0.0,0.0,3.0,1.0,4.0,6.250935094242645,1.0
0.0,0.0,1.0,2.0,1.0,3.0,0.0,0.0,0.0,3.0,3.0,4.0,0.0,1.0
0.0,0.0,1.0,2.0,1.0,1.0,1.0,0.0,0.0,3.0,2.0,4.0,0.0,0.0
0.0,0.0,1.0,1.0,1.0,1.0,1.0,1.0,0.0,2.0,1.0,4.0,146.15936437358152,1.0
0.0,0.0,1.0,1.0,3.0,3.0,0.0,0.0,0.0,3.0,2.0,4.0,0.0,1.0
1.0,1.0,1.0,1.0,3.0,3.0,1.0,1.0,1.0,1.0,2.0,4.0,288.789824063869,1.0
0.0,1.0,1.0,1.0,1.0,3.0,1.0,1.0,1.0,1.0,2.0,4.0,173.9047993880393,0.0
0.0,0.0,1.0,1.0,1.0,3.0,1.0,0.0,0.0,2.0,3.0,4.0,352.76225567230415,1.0
0.0,0.0,1.0,1.0,1.0,1.0,1.0,1.0,0.0,2.0,1.0,4.0,347.73304489481995,0.0
0.0,0.0,1.0,2.0,1.0,3.0,1.0,1.0,0.0,1.0,2.0,4.0,0.0,1.0
0.0,0.0,1.0,2.0,1.0,1.0,1.0,1.0,0.0,1.0,2.0,4.0,230.31740525927052,0.0
0.0,0.0,1.0,1.0,1.0,3.0,0.0,0.0,0.0,3.0,2.0,4.0,212.39910309791708,0.0
1.0,0.0,1.0,1.0,1.0,1.0,0.0,0.0,0.0,3.0,1.0,4.0,192.97294571139446,0.0
0.0,0.0,1.0,2.0,1.0,1.0,0.0,0.0,0.0,2.0,1.0,4.0,168.3049640619786,0.0
1.0,1.0,1.0,1.0,1.0,2.0,1.0,1.0,0.0,1.0,2.0,3.0,238.41242697714404,0.0
0.0,0.0,1.0,2.0,1.0,2.0,1.0,1.0,1.0,1.0,2.0,3.0,783.1486610662229,1.0
0.0,0.0,1.0,1.0,1.0,2.0,1.0,0.0,1.0,1.0,2.0,4.0,293.9054210796893,1.0
1.0,0.0,1.0,1.0,3.0,2.0,0.0,0.0,0.0,3.0,1.0,4.0,30.0,0.0
0.0,0.0,1.0,1.0,1.0,1.0,0.0,0.0,0.0,3.0,1.0,4.0,0.0,0.0
1.0,0.0,1.0,1.0,3.0,3.0,1.0,0.0,1.0,3.0,2.0,4.0,0.0,0.0
1.0,0.0,1.0,1.0,1.0,1.0,1.0,0.0,0.0,1.0,2.0,3.0,157.05467959704941,1.0
1.0,0.0,1.0,1.0,1.0,1.0,1.0,1.0,1.0,1.0,3.0,4.0,21.653239166456522,0.0
1.0,0.0,1.0,1.0,1.0,2.0,1.0,1.0,1.0,1.0,3.0,3.0,314.62415423735484,1.0
1.0,0.0,1.0,1.0,3.0,2.0,1.0,1.0,1.0,1.0,3.0,3.0,268.51121786677146,1.0
0.0,0.0,1.0,1.0,1.0,2.0,1.0,1.0,1.0,1.0,3.0,4.0,725.2624734269523,1.0
0.0,0.0,1.0,1.0,1.0,1.0,1.0,1.0,1.0,1.0,3.0,4.0,174.62528882365572,1.0
0.0,0.0,1.0,1.0,1.0,2.0,1.0,1.0,0.0,1.0,3.0,4.0,0.0,1.0
0.0,0.0,1.0,1.0,1.0,2.0,1.0,0.0,0.0,1.0,5.0,2.0,0.0,1.0
0.0,0.0,1.0,1.0,1.0,3.0,1.0,0.0,0.0,1.0,3.0,4.0,307.3206361658017,1.0
1.0,0.0,1.0,2.0,1.0,1.0,0.0,0.0,0.0,3.0,2.0,4.0,140.99867570557606,1.0
0.0,1.0,1.0,1.0,1.0,2.0,1.0,0.0,0.0,2.0,3.0,4.0,321.4220229811178,0.0
1.0,0.0,1.0,1.0,3.0,2.0,1.0,0.0,0.0,1.0,2.0,3.0,0.0,1.0
1.0,0.0,1.0,1.0,1.0,2.0,0.0,1.0,1.0,3.0,3.0,4.0,130.1162123986887,1.0
1.0,0.0,1.0,1.0,1.0,1.0,0.0,0.0,0.0,3.0,2.0,4.0,199.5660019936181,1.0
0.0,0.0,1.0,1.0,3.0,2.0,1.0,1.0,1.0,2.0,1.0,4.0,195.68564686636705,0.0
0.0,0.0,1.0,1.0,1.0,1.0,0.0,0.0,0.0,3.0,4.0,4.0,38.75929810795717,1.0
1.0,1.0,1.0,1.0,1.0,2.0,0.0,1.0,0.0,2.0,1.0,4.0,202.22948842504118,0.0
1.0,0.0,1.0,1.0,1.0,2.0,0.0,0.0,0.0,3.0,1.0,4.0,315.4263200177294,1.0
0.0,0.0,1.0,1.0,1.0,1.0,0.0,0.0,0.0,3.0,2.0,3.0,168.3049640619786,0.0
1.0,0.0,1.0,1.0,3.0,2.0,0.0,0.0,0.0,3.0,1.0,4.0,143.73964009995365,1.0
0.0,0.0,1.0,1.0,3.0,2.0,0.0,0.0,0.0,3.0,1.0,4.0,378.4894730360446,0.0
1.0,0.0,1.0,1.0,3.0,2.0,1.0,0.0,0.0,3.0,2.0,4.0,317.18114747125367,1.0
0.0,1.0,1.0,2.0,1.0,1.0,1.0,0.0,0.0,2.0,2.0,4.0,34.645182666330435,1.0
0.0,0.0,1.0,1.0,1.0,1.0,1.0,0.0,0.0,2.0,2.0,4.0,282.22677788486163,0.0
0.0,0.0,1.0,3.0,3.0,2.0,1.0,0.0,0.0,3.0,3.0,4.0,300.8024050130265,0.0
0.0,0.0,1.0,3.0,2.0,1.0,1.0,0.0,0.0,3.0,3.0,4.0,271.8173081817473,1.0
0.0,0.0,1.0,3.0,1.0,1.0,1.0,0.0,0.0,2.0,1.0,4.0,320.45937191504987,1.0
0.0,0.0,1.0,1.0,1.0,1.0,1.0,0.0,0.0,2.0,1.0,4.0,454.718022495587,0.0
0.0,0.0,1.0,2.0,1.0,1.0,1.0,0.0,0.0,2.0,3.0,4.0,24.251627866431306,0.0
1.0,0.0,1.0,1.0,3.0,2.0,1.0,0.0,0.0,2.0,2.0,4.0,0.0,1.0
1.0,0.0,1.0,1.0,3.0,3.0,1.0,1.0,1.0,1.0,2.0,4.0,155.97110255554077,1.0
0.0,0.0,1.0,1.0,1.0,1.0,0.0,0.0,0.0,3.0,1.0,4.0,320.45937191504987,1.0
0.0,0.0,1.0,1.0,1.0,1.0,1.0,0.0,0.0,1.0,2.0,4.0,339.8870851923735,1.0
1.0,0.0,1.0,1.0,1.0,2.0,1.0,0.0,0.0,2.0,2.0,4.0,0.0,1.0
0.0,0.0,1.0,1.0,3.0,2.0,1.0,0.0,0.0,1.0,2.0,4.0,405.92761610250795,0.0
0.0,0.0,1.0,1.0,1.0,3.0,0.0,0.0,0.0,3.0,1.0,4.0,0.0,1.0
0.0,0.0,1.0,1.0,2.0,2.0,1.0,0.0,0.0,2.0,1.0,4.0,522.7332002929279,1.0
0.0,0.0,1.0,1.0,1.0,3.0,1.0,1.0,0.0,1.0,3.0,4.0,439.83531083993415,0.0
0.0,0.0,1.0,1.0,3.0,3.0,0.0,0.0,0.0,3.0,2.0,4.0,258.4759612375716,0.0
1.0,1.0,1.0,1.0,3.0,2.0,1.0,0.0,0.0,1.0,2.0,4.0,306.4396866917616,0.0
0.0,0.0,1.0,1.0,1.0,2.0,1.0,0.0,0.0,1.0,5.0,4.0,629.377852172982,1.0
1.0,0.0,1.0,1.0,3.0,2.0,1.0,0.0,0.0,2.0,2.0,4.0,472.5788744189839,1.0
0.0,0.0,1.0,1.0,1.0,1.0,1.0,0.0,0.0,2.0,3.0,4.0,0.0,1.0
0.0,0.0,1.0,2.0,1.0,1.0,1.0,0.0,0.0,3.0,2.0,4.0,168.3049640619786,0.0
1.0,0.0,1.0,1.0,3.0,2.0,1.0,0.0,0.0,3.0,2.0,4.0,424.72399690763336,0.0
0.0,1.0,1.0,3.0,1.0,3.0,1.0,1.0,0.0,1.0,2.0,4.0,22.50453213613114,0.0
1.0,0.0,1.0,1.0,1.0,2.0,1.0,1.0,1.0,2.0,3.0,4.0,192.36199845381668,1.0
1.0,1.0,1.0,1.0,3.0,3.0,1.0,0.0,0.0,3.0,4.0,4.0,238.9310831210089,0.0
1.0,0.0,1.0,2.0,1.0,2.0,0.0,0.0,0.0,3.0,1.0,4.0,340.1991425287579,1.0
0.0,1.0,1.0,1.0,1.0,2.0,1.0,1.0,0.0,3.0,1.0,4.0,370.2082649027297,0.0
0.0,0.0,1.0,1.0,2.0,2.0,0.0,0.0,0.0,2.0,3.0,4.0,93.75015267137688,1.0
0.0,0.0,1.0,1.0,3.0,3.0,0.0,0.0,0.0,2.0,1.0,4.0,241.34588863977498,0.0
0.0,0.0,1.0,1.0,3.0,1.0,0.0,1.0,0.0,2.0,3.0,4.0,248.21973681863258,0.0
1.0,0.0,1.0,1.0,1.0,1.0,0.0,1.0,0.0,2.0,2.0,4.0,319.4598491822211,0.0
0.0,0.0,1.0,1.0,1.0,1.0,0.0,0.0,0.0,2.0,1.0,4.0,371.31546044639583,0.0
0.0,0.0,1.0,1.0,3.0,2.0,1.0,0.0,0.0,3.0,1.0,4.0,140.0370048101202,1.0
0.0,0.0,1.0,3.0,1.0,2.0,0.0,0.0,0.0,2.0,3.0,3.0,209.53988740991775,0.0
0.0,0.0,1.0,1.0,1.0,1.0,0.0,0.0,0.0,2.0,3.0,4.0,158.7904205540145,1.0
1.0,0.0,1.0,1.0,3.0,3.0,1.0,0.0,0.0,3.0,2.0,4.0,338.3348544922572,0.0
0.0,0.0,1.0,1.0,3.0,3.0,1.0,1.0,1.0,2.0,2.0,4.0,332.3200126346171,1.0
1.0,0.0,1.0,1.0,1.0,1.0,0.0,0.0,0.0,3.0,2.0,4.0,33.616653805923754,1.0
0.0,0.0,1.0,1.0,1.0,2.0,1.0,1.0,1.0,2.0,2.0,4.0,2.217746388818842,1.0
1.0,0.0,1.0,1.0,1.0,2.0,1.0,1.0,0.0,3.0,1.0,4.0,30.0,0.0
0.0,0.0,1.0,1.0,3.0,2.0,1.0,1.0,0.0,3.0,1.0,4.0,537.6206929886087,1.0
0.0,0.0,1.0,1.0,1.0,2.0,1.0,0.0,0.0,3.0,4.0,4.0,0.0,1.0
1.0,1.0,1.0,2.0,1.0,3.0,0.0,0.0,0.0,2.0,6.0,4.0,304.50136904303145,1.0
0.0,0.0,1.0,1.0,1.0,1.0,1.0,0.0,0.0,3.0,2.0,4.0,234.21977611212625,1.0
1.0,0.0,1.0,1.0,1.0,1.0,1.0,1.0,0.0,1.0,2.0,4.0,0.0,0.0
0.0,1.0,1.0,1.0,3.0,3.0,1.0,0.0,0.0,2.0,2.0,4.0,0.0,1.0
1.0,0.0,1.0,1.0,3.0,2.0,1.0,0.0,0.0,2.0,3.0,4.0,447.2796538737837,0.0
1.0,0.0,1.0,1.0,1.0,1.0,1.0,0.0,0.0,3.0,1.0,4.0,344.05495512960636,1.0
0.0,0.0,1.0,1.0,1.0,1.0,1.0,1.0,0.0,1.0,2.0,4.0,47.78148109398073,0.0
0.0,0.0,1.0,3.0,1.0,2.0,1.0,0.0,0.0,3.0,1.0,4.0,30.0,0.0
0.0,0.0,1.0,1.0,1.0,2.0,1.0,1.0,0.0,1.0,2.0,4.0,259.3376135234375,1.0
0.0,0.0,1.0,1.0,2.0,1.0,0.0,0.0,0.0,3.0,1.0,4.0,263.1493312717555,0.0
0.0,0.0,1.0,1.0,1.0,1.0,0.0,0.0,0.0,2.0,2.0,4.0,266.76790653074437,1.0
0.0,0.0,1.0,1.0,1.0,1.0,1.0,0.0,0.0,3.0,2.0,4.0,192.37124042059656,0.0
1.0,0.0,1.0,1.0,3.0,3.0,1.0,0.0,0.0,2.0,3.0,2.0,462.0581193729876,0.0
0.0,0.0,1.0,1.0,1.0,1.0,1.0,1.0,0.0,1.0,2.0,3.0,93.83070305464494,1.0
0.0,0.0,1.0,1.0,1.0,1.0,0.0,0.0,0.0,3.0,3.0,3.0,153.37711076240035,1.0
1.0,0.0,1.0,1.0,3.0,2.0,1.0,1.0,1.0,1.0,2.0,4.0,0.0,1.0
1.0,0.0,1.0,2.0,1.0,1.0,1.0,1.0,0.0,1.0,1.0,4.0,38.51209501686733,0.0
0.0,1.0,1.0,1.0,2.0,3.0,1.0,0.0,0.0,1.0,2.0,4.0,94.52177549105588,0.0
0.0,1.0,1.0,1.0,1.0,1.0,1.0,1.0,0.0,1.0,2.0,4.0,61.61230975275686,1.0
1.0,0.0,1.0,1.0,3.0,3.0,1.0,0.0,0.0,3.0,1.0,4.0,79.88461842178292,0.0
0.0,0.0,1.0,1.0,3.0,2.0,1.0,0.0,0.0,2.0,1.0,4.0,335.23874888224043,0.0
0.0,0.0,1.0,1.0,1.0,2.0,1.0,0.0,0.0,2.0,3.0,4.0,30.0,0.0
1.0,0.0,1.0,1.0,1.0,2.0,0.0,0.0,0.0,2.0,1.0,4.0,0.0,1.0
0.0,0.0,1.0,2.0,1.0,3.0,1.0,0.0,0.0,2.0,5.0,4.0,69.3256770586295,1.0
0.0,0.0,1.0,2.0,1.0,2.0,1.0,0.0,0.0,2.0,3.0,4.0,287.1322151016713,0.0
0.0,0.0,1.0,3.0,1.0,2.0,1.0,0.0,0.0,2.0,1.0,3.0,114.36348090509159,1.0
1.0,0.0,1.0,1.0,2.0,3.0,0.0,1.0,1.0,2.0,1.0,4.0,119.66490529170684,1.0
0.0,0.0,1.0,2.0,1.0,1.0,1.0,0.0,0.0,3.0,2.0,4.0,100.47102973235825,1.0
1.0,1.0,1.0,2.0,1.0,2.0,0.0,0.0,0.0,3.0,1.0,4.0,0.0,1.0
1.0,1.0,1.0,2.0,3.0,3.0,0.0,1.0,1.0,2.0,1.0,4.0,49.97633119947936,1.0
1.0,0.0,1.0,1.0,3.0,3.0,1.0,1.0,1.0,2.0,2.0,4.0,278.1622437604987,0.0
1.0,1.0,1.0,1.0,1.0,3.0,0.0,1.0,1.0,2.0,2.0,4.0,359.5288600813386,1.0
1.0,1.0,1.0,1.0,1.0,2.0,1.0,1.0,1.0,1.0,3.0,4.0,248.7511408691928,1.0
1.0,1.0,1.0,1.0,1.0,2.0,1.0,1.0,1.0,1.0,2.0,4.0,41.52671158192083,0.0
0.0,0.0,1.0,1.0,3.0,3.0,1.0,1.0,1.0,3.0,1.0,4.0,492.4651770942856,1.0
1.0,0.0,1.0,2.0,3.0,2.0,0.0,0.0,0.0,3.0,2.0,3.0,192.99588238050535,0.0
1.0,0.0,1.0,2.0,1.0,2.0,1.0,0.0,0.0,3.0,1.0,4.0,415.81439692932065,1.0
0.0,0.0,1.0,1.0,1.0,1.0,1.0,0.0,0.0,3.0,1.0,3.0,0.0,0.0
0.0,0.0,1.0,2.0,1.0,1.0,1.0,1.0,0.0,1.0,3.0,4.0,0.0,1.0
1.0,1.0,1.0,1.0,1.0,1.0,1.0,1.0,1.0,1.0,2.0,4.0,199.18719838002292,1.0
0.0,0.0,1.0,2.0,1.0,2.0,0.0,1.0,0.0,2.0,4.0,4.0,342.73304489481995,1.0
1.0,1.0,1.0,1.0,1.0,1.0,0.0,1.0,1.0,2.0,2.0,4.0,62.17899801304153,1.0
0.0,0.0,1.0,1.0,1.0,1.0,1.0,0.0,0.0,2.0,6.0,4.0,168.3049640619786,0.0
0.0,0.0,1.0,1.0,1.0,2.0,1.0,0.0,0.0,2.0,2.0,4.0,179.5061358278266,1.0
1.0,0.0,1.0,1.0,3.0,2.0,1.0,1.0,1.0,3.0,2.0,4.0,335.4013928296262,0.0
1.0,1.0,1.0,1.0,1.0,2.0,1.0,0.0,1.0,3.0,1.0,4.0,161.72994158171517,1.0
0.0,0.0,1.0,2.0,1.0,2.0,1.0,0.0,0.0,1.0,3.0,4.0,499.9095201281351,0.0
0.0,0.0,1.0,1.0,1.0,1.0,1.0,1.0,0.0,1.0,3.0,4.0,0.0,0.0
1.0,1.0,1.0,3.0,1.0,3.0,1.0,1.0,1.0,3.0,6.0,4.0,139.63632607468648,0.0
1.0,0.0,1.0,3.0,1.0,1.0,0.0,0.0,0.0,3.0,1.0,4.0,194.69264504802612,1.0
0.0,0.0,1.0,1.0,1.0,1.0,1.0,0.0,0.0,2.0,1.0,4.0,215.4633750203671,0.0
1.0,1.0,1.0,1.0,1.0,2.0,1.0,0.0,1.0,3.0,2.0,4.0,0.0,1.0
0.0,0.0,1.0,1.0,1.0,1.0,0.0,0.0,1.0,3.0,2.0,4.0,129.05330543208092,1.0
1.0,1.0,1.0,3.0,1.0,1.0,1.0,1.0,0.0,1.0,3.0,4.0,144.94563794759404,1.0
0.0,0.0,1.0,1.0,3.0,2.0,0.0,0.0,0.0,3.0,2.0,4.0,0.0,1.0
1.0,0.0,1.0,2.0,1.0,2.0,0.0,0.0,0.0,2.0,2.0,4.0,30.0,0.0
1.0,1.0,1.0,1.0,3.0,2.0,0.0,1.0,1.0,2.0,3.0,4.0,162.46644256374503,1.0
1.0,0.0,1.0,1.0,1.0,2.0,1.0,1.0,0.0,2.0,1.0,4.0,206.45928405766065,1.0
1.0,1.0,1.0,1.0,2.0,3.0,1.0,1.0,0.0,1.0,2.0,4.0,301.13322039564366,0.0
1.0,0.0,1.0,1.0,1.0,1.0,1.0,0.0,0.0,3.0,4.0,4.0,90.3478306693872,1.0
0.0,0.0,1.0,3.0,1.0,1.0,1.0,1.0,0.0,1.0,2.0,4.0,500.01115177301403,0.0
1.0,1.0,1.0,1.0,1.0,1.0,1.0,1.0,0.0,1.0,2.0,4.0,153.10283639962523,0.0
0.0,1.0,1.0,2.0,1.0,1.0,1.0,0.0,0.0,3.0,4.0,4.0,203.40511541990097,0.0
1.0,1.0,1.0,1.0,1.0,3.0,1.0,1.0,1.0,1.0,2.0,4.0,234.73822767240293,1.0
0.0,0.0,1.0,1.0,1.0,3.0,1.0,1.0,1.0,1.0,3.0,4.0,496.22445325531055,0.0
0.0,0.0,1.0,1.0,1.0,1.0,1.0,1.0,0.0,1.0,3.0,4.0,90.94360449911738,1.0
1.0,0.0,1.0,2.0,1.0,1.0,1.0,0.0,0.0,3.0,6.0,4.0,0.0,0.0
0.0,0.0,1.0,1.0,1.0,1.0,1.0,0.0,0.0,2.0,2.0,4.0,129.91943499873915,0.0
0.0,1.0,1.0,1.0,1.0,3.0,1.0,1.0,1.0,2.0,2.0,4.0,357.13123529738266,1.0
1.0,0.0,1.0,1.0,1.0,3.0,0.0,0.0,1.0,2.0,3.0,4.0,670.9079428797763,1.0
0.0,0.0,1.0,2.0,1.0,1.0,0.0,0.0,0.0,3.0,2.0,4.0,0.0,1.0
1.0,1.0,1.0,1.0,1.0,3.0,0.0,1.0,0.0,3.0,2.0,4.0,156.2662043288439,0.0
1.0,1.0,1.0,1.0,1.0,2.0,1.0,0.0,0.0,1.0,2.0,4.0,533.4035317820118,1.0
1.0,1.0,1.0,1.0,1.0,2.0,1.0,0.0,0.0,3.0,4.0,4.0,203.9047993880393,0.0
0.0,0.0,1.0,1.0,1.0,2.0,1.0,0.0,0.0,3.0,1.0,4.0,347.4321400961013,1.0
0.0,1.0,1.0,1.0,1.0,3.0,1.0,0.0,0.0,3.0,3.0,4.0,625.9946663338962,0.0
1.0,0.0,1.0,1.0,1.0,1.0,1.0,0.0,0.0,1.0,3.0,4.0,163.2849744402564,0.0
0.0,0.0,1.0,1.0,1.0,1.0,1.0,0.0,0.0,3.0,1.0,4.0,402.1160549183103,1.0
0.0,0.0,1.0,2.0,1.0,2.0,1.0,0.0,0.0,2.0,3.0,4.0,259.3376135234375,1.0
1.0,1.0,1.0,1.0,1.0,1.0,1.0,1.0,1.0,2.0,2.0,4.0,314.20163324429006,1.0
0.0,0.0,1.0,1.0,1.0,1.0,0.0,0.0,0.0,3.0,1.0,4.0,5.413309791614131,0.0
1.0,0.0,1.0,1.0,1.0,1.0,1.0,1.0,0.0,1.0,2.0,4.0,113.91769125472777,1.0
0.0,0.0,1.0,1.0,3.0,2.0,1.0,1.0,1.0,1.0,3.0,4.0,257.35901124779343,0.0
1.0,0.0,1.0,1.0,3.0,3.0,1.0,1.0,0.0,1.0,3.0,4.0,244.28743004587133,0.0
0.0,0.0,1.0,1.0,1.0,2.0,1.0,1.0,0.0,1.0,3.0,4.0,154.7828606824771,1.0
1.0,1.0,1.0,2.0,2.0,2.0,0.0,0.0,1.0,3.0,2.0,3.0,325.7445802145584,1.0
1.0,0.0,1.0,1.0,1.0,1.0,0.0,0.0,0.0,3.0,2.0,4.0,356.1957842882098,0.0
1.0,0.0,1.0,1.0,3.0,2.0,1.0,0.0,0.0,3.0,4.0,4.0,210.24085742059518,1.0
1.0,0.0,1.0,1.0,1.0,1.0,0.0,1.0,0.0,2.0,3.0,4.0,43.351589247843165,0.0
1.0,0.0,1.0,2.0,1.0,2.0,1.0,0.0,0.0,2.0,1.0,4.0,102.36397753368026,1.0
1.0,1.0,1.0,1.0,1.0,3.0,1.0,0.0,1.0,3.0,1.0,4.0,249.68635630281915,1.0
0.0,0.0,1.0,1.0,1.0,1.0,0.0,1.0,0.0,3.0,2.0,4.0,0.0,1.0
1.0,0.0,1.0,1.0,1.0,1.0,1.0,1.0,0.0,1.0,6.0,4.0,31.180664399697392,1.0
0.0,0.0,1.0,2.0,1.0,2.0,1.0,1.0,0.0,1.0,3.0,4.0,30.0,0.0
0.0,0.0,1.0,1.0,3.0,2.0,1.0,0.0,0.0,2.0,2.0,4.0,290.4171588107755,1.0
1.0,0.0,1.0,1.0,3.0,2.0,1.0,0.0,0.0,2.0,2.0,4.0,186.09043414725363,1.0
0.0,0.0,1.0,1.0,1.0,1.0,0.0,0.0,0.0,3.0,2.0,4.0,53.86896871711365,1.0
0.0,0.0,1.0,1.0,1.0,2.0,1.0,0.0,0.0,2.0,1.0,4.0,372.8946956584465,1.0
1.0,1.0,1.0,1.0,1.0,1.0,1.0,0.0,0.0,2.0,1.0,4.0,0.0,1.0
1.0,0.0,1.0,1.0,1.0,1.0,1.0,0.0,0.0,2.0,3.0,4.0,42.58921872113017,1.0
0.0,0.0,1.0,1.0,1.0,1.0,1.0,0.0,0.0,2.0,5.0,4.0,668.5584371155448,0.0
0.0,1.0,1.0,1.0,3.0,3.0,1.0,0.0,0.0,2.0,3.0,4.0,524.6131917121761,0.0
0.0,1.0,1.0,3.0,3.0,3.0,1.0,1.0,0.0,3.0,2.0,4.0,332.59050434890366,1.0
1.0,1.0,1.0,1.0,3.0,2.0,1.0,0.0,0.0,1.0,2.0,4.0,593.7402231827799,0.0
1.0,1.0,1.0,1.0,1.0,1.0,1.0,1.0,0.0,1.0,2.0,4.0,28.7723400457039,0.0
1.0,0.0,1.0,1.0,1.0,2.0,1.0,1.0,0.0,1.0,3.0,4.0,240.9469894391548,0.0
1.0,1.0,1.0,1.0,1.0,1.0,1.0,1.0,1.0,1.0,2.0,4.0,140.7460545819674,0.0
0.0,1.0,1.0,1.0,2.0,3.0,1.0,0.0,0.0,1.0,2.0,4.0,0.0,0.0
0.0,0.0,1.0,2.0,1.0,1.0,1.0,1.0,0.0,1.0,2.0,4.0,0.0,0.0
0.0,0.0,1.0,1.0,3.0,2.0,0.0,0.0,0.0,3.0,1.0,4.0,154.36784026512004,1.0
0.0,0.0,1.0,1.0,1.0,2.0,1.0,0.0,0.0,1.0,3.0,4.0,368.69773682261405,0.0
0.0,0.0,1.0,1.0,1.0,1.0,1.0,0.0,0.0,1.0,2.0,4.0,0.0,1.0
0.0,0.0,1.0,1.0,3.0,3.0,1.0,0.0,0.0,1.0,1.0,4.0,357.4113014978824,1.0
1.0,0.0,1.0,1.0,1.0,2.0,0.0,0.0,0.0,2.0,4.0,4.0,0.0,1.0
1.0,1.0,1.0,1.0,1.0,2.0,1.0,0.0,0.0,3.0,2.0,4.0,0.0,1.0
0.0,1.0,1.0,2.0,1.0,1.0,0.0,1.0,0.0,2.0,2.0,4.0,0.0,1.0
0.0,0.0,1.0,1.0,1.0,1.0,0.0,1.0,0.0,2.0,2.0,4.0,0.0,0.0
1.0,0.0,1.0,1.0,1.0,1.0,1.0,0.0,0.0,3.0,1.0,3.0,158.84816252512508,0.0
1.0,0.0,1.0,1.0,3.0,2.0,1.0,0.0,0.0,1.0,2.0,4.0,37.6626141935984,1.0
1.0,0.0,1.0,1.0,3.0,3.0,1.0,0.0,0.0,1.0,6.0,4.0,142.6000441464245,1.0
0.0,0.0,1.0,1.0,1.0,1.0,1.0,0.0,0.0,2.0,1.0,4.0,0.0,1.0
0.0,0.0,1.0,1.0,1.0,3.0,1.0,0.0,0.0,2.0,3.0,4.0,307.3206361658017,1.0
1.0,1.0,1.0,1.0,1.0,3.0,0.0,1.0,1.0,2.0,3.0,4.0,260.0908716157817,1.0
1.0,1.0,1.0,1.0,1.0,3.0,0.0,0.0,0.0,3.0,4.0,4.0,0.0,1.0
0.0,0.0,1.0,1.0,1.0,1.0,0.0,1.0,0.0,2.0,6.0,4.0,313.18702351215654,1.0
1.0,0.0,1.0,1.0,3.0,2.0,0.0,0.0,1.0,3.0,1.0,4.0,0.0,1.0
0.0,0.0,1.0,1.0,1.0,1.0,0.0,0.0,0.0,3.0,2.0,4.0,0.0,1.0
0.0,0.0,1.0,1.0,1.0,2.0,1.0,0.0,0.0,1.0,4.0,4.0,431.83750219792773,1.0
0.0,0.0,1.0,1.0,1.0,1.0,1.0,0.0,0.0,1.0,3.0,4.0,639.5956759098311,0.0
1.0,0.0,1.0,1.0,3.0,2.0,1.0,1.0,0.0,1.0,1.0,4.0,189.00260686152762,1.0
1.0,0.0,1.0,1.0,2.0,2.0,1.0,1.0,0.0,1.0,1.0,4.0,30.0,0.0
0.0,0.0,1.0,1.0,1.0,2.0,1.0,0.0,0.0,3.0,2.0,4.0,321.1337072855961,1.0
0.0,0.0,1.0,1.0,1.0,1.0,0.0,0.0,0.0,2.0,2.0,4.0,168.3049640619786,0.0
0.0,0.0,1.0,1.0,1.0,1.0,0.0,0.0,0.0,2.0,2.0,4.0,106.31740430730152,0.0
0.0,0.0,1.0,2.0,3.0,2.0,0.0,0.0,0.0,3.0,2.0,4.0,211.57909764105182,0.0
0.0,1.0,1.0,1.0,1.0,1.0,0.0,0.0,0.0,2.0,2.0,4.0,349.5189383733235,1.0
1.0,1.0,1.0,1.0,1.0,1.0,1.0,1.0,1.0,2.0,2.0,4.0,3.2479858749684785,0.0
1.0,0.0,1.0,1.0,1.0,1.0,1.0,0.0,0.0,3.0,2.0,4.0,0.0,1.0
1.0,0.0,1.0,1.0,1.0,3.0,0.0,0.0,0.0,3.0,2.0,4.0,126.7071769683953,1.0
1.0,0.0,1.0,1.0,1.0,2.0,1.0,0.0,0.0,3.0,2.0,4.0,417.57140343816116,0.0
0.0,0.0,1.0,1.0,3.0,2.0,1.0,0.0,0.0,2.0,2.0,4.0,312.17476312298595,1.0
1.0,0.0,1.0,2.0,1.0,1.0,1.0,0.0,0.0,1.0,2.0,4.0,0.0,1.0
1.0,0.0,1.0,1.0,1.0,1.0,0.0,0.0,1.0,3.0,2.0,4.0,275.3036738883662,1.0
1.0,0.0,1.0,1.0,3.0,3.0,1.0,1.0,1.0,1.0,2.0,4.0,183.03322038248768,1.0
1.0,1.0,1.0,2.0,1.0,1.0,0.0,0.0,0.0,3.0,2.0,4.0,168.3049640619786,0.0
0.0,0.0,1.0,2.0,1.0,1.0,1.0,0.0,0.0,3.0,1.0,4.0,563.7402231827799,0.0
0.0,0.0,1.0,1.0,3.0,2.0,0.0,0.0,0.0,2.0,2.0,4.0,133.03939968616032,1.0
0.0,0.0,1.0,2.0,3.0,3.0,1.0,1.0,0.0,1.0,1.0,4.0,531.6256916080872,0.0
0.0,0.0,1.0,1.0,1.0,2.0,1.0,1.0,0.0,1.0,1.0,4.0,502.36620086450176,1.0
0.0,0.0,1.0,2.0,1.0,1.0,1.0,0.0,0.0,2.0,2.0,4.0,0.0,1.0
1.0,0.0,1.0,1.0,1.0,1.0,1.0,1.0,0.0,1.0,2.0,4.0,49.261119103688586,1.0
0.0,0.0,1.0,1.0,1.0,1.0,0.0,0.0,0.0,3.0,1.0,4.0,329.29251137676926,1.0
1.0,0.0,1.0,1.0,3.0,3.0,1.0,0.0,0.0,3.0,3.0,4.0,135.4855669715948,1.0
0.0,0.0,1.0,1.0,1.0,1.0,1.0,0.0,0.0,1.0,2.0,4.0,0.0,1.0
0.0,0.0,1.0,1.0,1.0,2.0,1.0,1.0,0.0,1.0,2.0,4.0,11.600816694283335,1.0
1.0,0.0,1.0,1.0,1.0,2.0,1.0,0.0,0.0,3.0,3.0,3.0,329.23858391551084,1.0
0.0,0.0,1.0,2.0,1.0,2.0,1.0,1.0,0.0,1.0,3.0,4.0,294.68083006375826,1.0
1.0,1.0,1.0,2.0,1.0,2.0,1.0,1.0,1.0,1.0,2.0,4.0,0.0,1.0
0.0,0.0,1.0,1.0,1.0,2.0,1.0,1.0,0.0,2.0,4.0,4.0,451.0669950364013,1.0
0.0,0.0,1.0,1.0,1.0,2.0,1.0,0.0,0.0,3.0,1.0,4.0,201.94076807074782,0.0
0.0,0.0,1.0,2.0,1.0,1.0,0.0,1.0,0.0,2.0,3.0,4.0,35.09629181563162,1.0
1.0,0.0,1.0,1.0,1.0,1.0,1.0,0.0,0.0,2.0,2.0,4.0,112.59684366557389,1.0
1.0,0.0,1.0,1.0,1.0,1.0,1.0,1.0,0.0,1.0,3.0,4.0,34.75795995365573,0.0
0.0,0.0,1.0,1.0,1.0,2.0,1.0,0.0,0.0,3.0,1.0,4.0,388.9575645368834,0.0
0.0,0.0,1.0,1.0,3.0,3.0,1.0,0.0,0.0,1.0,5.0,4.0,307.3206361658017,1.0
0.0,1.0,1.0,1.0,1.0,3.0,0.0,0.0,0.0,2.0,2.0,4.0,439.15849749016377,0.0
1.0,0.0,1.0,1.0,3.0,2.0,1.0,0.0,0.0,3.0,1.0,4.0,121.55207910521018,1.0
0.0,0.0,1.0,2.0,1.0,1.0,1.0,1.0,0.0,1.0,3.0,4.0,168.3049640619786,0.0
0.0,0.0,1.0,1.0,1.0,1.0,0.0,0.0,0.0,3.0,1.0,4.0,219.02251416870774,0.0
0.0,0.0,1.0,2.0,3.0,2.0,0.0,0.0,0.0,3.0,1.0,4.0,219.7009716622885,1.0
0.0,0.0,1.0,2.0,1.0,1.0,1.0,0.0,0.0,3.0,3.0,4.0,73.07968218679076,1.0
1.0,0.0,1.0,1.0,3.0,3.0,1.0,0.0,0.0,2.0,3.0,4.0,0.0,1.0
0.0,1.0,1.0,1.0,3.0,3.0,1.0,0.0,0.0,2.0,2.0,4.0,117.44587982974585,0.0
0.0,0.0,1.0,1.0,3.0,3.0,1.0,0.0,0.0,1.0,1.0,4.0,684.0048041284394,1.0
0.0,0.0,1.0,1.0,3.0,2.0,1.0,1.0,0.0,3.0,1.0,4.0,30.0,0.0
0.0,0.0,1.0,2.0,1.0,3.0,1.0,0.0,0.0,3.0,2.0,4.0,225.49608927311198,0.0
1.0,0.0,1.0,1.0,1.0,2.0,1.0,0.0,0.0,3.0,2.0,4.0,325.55782106293384,0.0
0.0,0.0,1.0,2.0,1.0,2.0,0.0,0.0,0.0,3.0,4.0,4.0,128.52223820737717,0.0
0.0,0.0,1.0,2.0,1.0,1.0,1.0,1.0,0.0,1.0,2.0,4.0,116.92749149886524,0.0
1.0,1.0,1.0,1.0,1.0,2.0,1.0,1.0,1.0,1.0,2.0,4.0,265.0851298492043,1.0
1.0,0.0,1.0,1.0,1.0,1.0,0.0,0.0,0.0,3.0,4.0,4.0,136.05451942923517,0.0
1.0,1.0,1.0,1.0,1.0,1.0,0.0,0.0,0.0,2.0,3.0,4.0,0.0,0.0
1.0,0.0,1.0,2.0,1.0,1.0,1.0,1.0,0.0,2.0,1.0,4.0,176.08831047807837,0.0
1.0,0.0,1.0,1.0,1.0,1.0,1.0,1.0,0.0,2.0,1.0,4.0,285.96064388194947,1.0
1.0,0.0,1.0,1.0,1.0,2.0,1.0,0.0,0.0,1.0,2.0,4.0,30.0,0.0
1.0,0.0,1.0,2.0,1.0,1.0,1.0,0.0,0.0,1.0,1.0,4.0,326.0977818468353,1.0
0.0,0.0,1.0,1.0,1.0,2.0,0.0,0.0,0.0,3.0,1.0,4.0,589.2968298245497,0.0
1.0,0.0,1.0,3.0,1.0,1.0,1.0,1.0,1.0,1.0,2.0,3.0,171.6920652507105,1.0
0.0,0.0,1.0,1.0,1.0,1.0,1.0,1.0,1.0,1.0,2.0,4.0,472.7901338426247,0.0
1.0,0.0,1.0,2.0,3.0,3.0,0.0,0.0,0.0,3.0,6.0,4.0,33.454254512175325,1.0
0.0,0.0,1.0,2.0,1.0,1.0,1.0,0.0,0.0,2.0,1.0,4.0,320.45937191504987,1.0
0.0,0.0,1.0,2.0,1.0,3.0,1.0,0.0,0.0,3.0,1.0,4.0,375.82681545518653,0.0
0.0,0.0,1.0,1.0,1.0,2.0,1.0,0.0,0.0,1.0,3.0,4.0,605.718575114678,1.0
0.0,0.0,1.0,2.0,1.0,1.0,0.0,0.0,0.0,3.0,1.0,4.0,65.7717139681117,1.0
1.0,0.0,1.0,2.0,1.0,1.0,0.0,0.0,0.0,2.0,2.0,4.0,122.92516154482871,1.0
0.0,0.0,1.0,1.0,1.0,1.0,0.0,0.0,0.0,2.0,2.0,4.0,232.8158543178322,0.0
1.0,1.0,1.0,1.0,1.0,3.0,1.0,0.0,0.0,3.0,1.0,4.0,0.0,1.0
1.0,0.0,1.0,1.0,1.0,1.0,0.0,1.0,0.0,2.0,2.0,4.0,168.3049640619786,0.0
0.0,0.0,1.0,1.0,2.0,3.0,1.0,0.0,0.0,1.0,3.0,3.0,112.74804463655599,1.0
1.0,0.0,1.0,1.0,1.0,1.0,1.0,0.0,0.0,2.0,1.0,4.0,0.0,0.0
0.0,0.0,1.0,1.0,1.0,1.0,1.0,1.0,0.0,2.0,1.0,4.0,0.0,0.0
1.0,0.0,1.0,1.0,3.0,2.0,0.0,1.0,1.0,2.0,3.0,4.0,445.3583217257748,1.0
1.0,0.0,1.0,3.0,1.0,2.0,0.0,1.0,0.0,2.0,3.0,4.0,201.70474850035254,1.0
0.0,0.0,1.0,2.0,1.0,1.0,0.0,0.0,0.0,2.0,1.0,4.0,595.8740947347803,0.0
0.0,0.0,1.0,1.0,1.0,1.0,1.0,0.0,0.0,3.0,1.0,4.0,222.30658877562033,1.0
1.0,0.0,1.0,1.0,1.0,1.0,1.0,0.0,0.0,3.0,1.0,4.0,44.4763092261593,0.0
1.0,0.0,1.0,1.0,2.0,2.0,1.0,0.0,0.0,1.0,1.0,3.0,250.09245099020796,1.0
0.0,0.0,1.0,1.0,1.0,1.0,1.0,0.0,0.0,1.0,2.0,4.0,581.2161701014461,0.0
0.0,0.0,1.0,1.0,1.0,2.0,1.0,0.0,0.0,1.0,2.0,4.0,200.9577736996404,1.0
0.0,0.0,1.0,1.0,1.0,1.0,1.0,0.0,0.0,1.0,3.0,4.0,406.5982101340043,0.0
0.0,0.0,1.0,1.0,1.0,3.0,1.0,0.0,0.0,1.0,2.0,4.0,311.9179027091802,1.0
0.0,0.0,1.0,1.0,3.0,3.0,1.0,0.0,0.0,2.0,2.0,4.0,309.75929778619434,1.0
0.0,0.0,1.0,1.0,1.0,2.0,1.0,0.0,0.0,2.0,2.0,4.0,593.9717768681734,1.0
0.0,0.0,1.0,2.0,1.0,2.0,0.0,0.0,0.0,2.0,1.0,4.0,465.03753600533133,0.0
0.0,0.0,1.0,1.0,1.0,2.0,0.0,0.0,0.0,2.0,5.0,4.0,151.83148858801314,1.0
1.0,1.0,1.0,1.0,1.0,2.0,1.0,1.0,1.0,1.0,2.0,4.0,60.63560684168978,1.0
1.0,1.0,1.0,1.0,1.0,1.0,1.0,1.0,1.0,1.0,2.0,4.0,220.64038457125554,0.0
0.0,0.0,1.0,1.0,1.0,3.0,0.0,1.0,0.0,2.0,3.0,3.0,623.3886705484671,0.0
0.0,0.0,1.0,3.0,1.0,1.0,0.0,1.0,1.0,2.0,3.0,4.0,449.9847171913232,1.0
0.0,0.0,1.0,1.0,3.0,3.0,0.0,0.0,0.0,3.0,2.0,4.0,221.58088973487804,0.0
0.0,0.0,1.0,1.0,1.0,2.0,1.0,1.0,0.0,2.0,2.0,4.0,272.343279551073,0.0
0.0,0.0,1.0,1.0,1.0,1.0,1.0,1.0,0.0,1.0,2.0,4.0,4.736646067662365,0.0
1.0,0.0,1.0,2.0,1.0,1.0,0.0,0.0,0.0,3.0,2.0,4.0,368.31027914608273,1.0
1.0,0.0,1.0,1.0,1.0,1.0,0.0,0.0,1.0,3.0,2.0,4.0,16.100803479508457,1.0
1.0,0.0,1.0,1.0,1.0,1.0,0.0,1.0,1.0,2.0,2.0,4.0,0.0,1.0
1.0,0.0,1.0,1.0,2.0,1.0,0.0,0.0,0.0,3.0,2.0,4.0,256.607999230524,1.0
0.0,0.0,1.0,1.0,1.0,2.0,0.0,0.0,0.0,3.0,1.0,4.0,128.63050440320947,0.0
0.0,0.0,1.0,2.0,1.0,1.0,1.0,1.0,1.0,2.0,2.0,4.0,483.0318516465531,0.0
0.0,0.0,1.0,3.0,1.0,1.0,0.0,1.0,1.0,2.0,2.0,4.0,0.0,1.0
1.0,0.0,1.0,1.0,1.0,1.0,0.0,1.0,0.0,2.0,1.0,4.0,31.59037765059211,0.0
0.0,0.0,1.0,1.0,3.0,3.0,0.0,0.0,0.0,3.0,3.0,4.0,307.3206361658017,1.0
0.0,0.0,1.0,2.0,1.0,2.0,0.0,1.0,1.0,2.0,1.0,4.0,370.82681545518653,1.0
0.0,0.0,1.0,2.0,3.0,3.0,0.0,0.0,0.0,3.0,3.0,3.0,0.0,1.0
0.0,0.0,1.0,2.0,3.0,3.0,0.0,0.0,0.0,3.0,1.0,4.0,355.26006027083895,0.0
0.0,0.0,1.0,2.0,1.0,3.0,1.0,0.0,0.0,2.0,3.0,4.0,198.26773427406005,0.0
0.0,0.0,1.0,1.0,1.0,2.0,0.0,0.0,0.0,3.0,1.0,4.0,261.1334915049397,0.0
0.0,0.0,1.0,1.0,1.0,2.0,0.0,0.0,0.0,3.0,1.0,4.0,665.384284593494,1.0
0.0,0.0,1.0,1.0,1.0,2.0,1.0,0.0,0.0,2.0,3.0,4.0,192.28835885549154,1.0
1.0,0.0,1.0,1.0,1.0,2.0,1.0,1.0,0.0,3.0,1.0,4.0,210.0754034806166,1.0
0.0,0.0,1.0,1.0,1.0,1.0,1.0,1.0,0.0,1.0,2.0,4.0,0.0,0.0
0.0,0.0,1.0,1.0,1.0,1.0,0.0,0.0,0.0,3.0,2.0,4.0,106.82264655451881,1.0
0.0,0.0,1.0,2.0,1.0,1.0,0.0,0.0,0.0,3.0,2.0,4.0,180.66019211213558,0.0
1.0,0.0,1.0,2.0,1.0,1.0,0.0,0.0,0.0,3.0,2.0,4.0,0.0,1.0
0.0,0.0,1.0,2.0,1.0,2.0,1.0,0.0,0.0,1.0,2.0,4.0,563.6097764790877,1.0
0.0,0.0,1.0,1.0,1.0,2.0,1.0,1.0,0.0,1.0,2.0,4.0,269.7113230802389,1.0
1.0,0.0,1.0,2.0,1.0,1.0,1.0,0.0,0.0,1.0,1.0,3.0,5.63528121782796,0.0
0.0,0.0,1.0,2.0,1.0,2.0,1.0,0.0,0.0,1.0,1.0,4.0,0.0,1.0
0.0,0.0,1.0,2.0,1.0,2.0,0.0,0.0,0.0,3.0,1.0,4.0,279.53858993848985,0.0
0.0,0.0,1.0,1.0,1.0,2.0,1.0,0.0,0.0,1.0,5.0,3.0,374.7716556324207,1.0
1.0,0.0,1.0,1.0,3.0,3.0,1.0,0.0,0.0,1.0,2.0,4.0,352.58890610471644,1.0
1.0,1.0,1.0,1.0,3.0,3.0,0.0,1.0,0.0,2.0,2.0,4.0,507.2452400877162,0.0
0.0,0.0,1.0,2.0,1.0,1.0,0.0,0.0,0.0,2.0,4.0,4.0,40.520180424706865,0.0
0.0,0.0,1.0,1.0,1.0,3.0,1.0,1.0,0.0,1.0,2.0,3.0,703.5477985321094,1.0
0.0,0.0,1.0,1.0,3.0,3.0,1.0,1.0,1.0,1.0,3.0,3.0,381.6946884603074,1.0
0.0,0.0,1.0,2.0,1.0,1.0,1.0,1.0,0.0,3.0,2.0,4.0,0.0,1.0
0.0,0.0,1.0,1.0,1.0,1.0,1.0,0.0,0.0,2.0,1.0,4.0,107.80498036571124,0.0
0.0,0.0,1.0,1.0,3.0,3.0,0.0,0.0,0.0,2.0,2.0,4.0,606.0207399214886,1.0
1.0,1.0,1.0,1.0,1.0,2.0,0.0,0.0,0.0,3.0,2.0,4.0,0.0,1.0
1.0,1.0,1.0,2.0,2.0,1.0,0.0,0.0,0.0,3.0,1.0,4.0,205.01452520111368,1.0
0.0,0.0,1.0,1.0,1.0,2.0,1.0,0.0,0.0,1.0,2.0,4.0,259.3376135234375,1.0
1.0,0.0,1.0,1.0,1.0,1.0,0.0,0.0,0.0,3.0,2.0,3.0,0.0,0.0
1.0,1.0,1.0,1.0,1.0,3.0,1.0,0.0,0.0,2.0,2.0,4.0,303.3932507217637,1.0
0.0,0.0,1.0,1.0,1.0,3.0,1.0,0.0,0.0,2.0,2.0,4.0,173.9047993880393,0.0
1.0,1.0,1.0,1.0,1.0,3.0,0.0,0.0,1.0,3.0,1.0,4.0,375.7260148078652,1.0
1.0,0.0,1.0,1.0,3.0,2.0,1.0,1.0,0.0,3.0,5.0,4.0,326.82355169821346,0.0
0.0,1.0,1.0,1.0,1.0,3.0,1.0,1.0,0.0,3.0,2.0,4.0,36.37744179964696,1.0
0.0,0.0,1.0,2.0,1.0,3.0,1.0,0.0,0.0,2.0,3.0,4.0,242.343279551073,0.0
0.0,1.0,1.0,1.0,2.0,3.0,0.0,0.0,0.0,3.0,2.0,4.0,325.0030028088035,1.0
0.0,0.0,1.0,2.0,1.0,3.0,0.0,0.0,0.0,3.0,2.0,4.0,0.0,0.0
1.0,0.0,1.0,1.0,3.0,3.0,0.0,0.0,0.0,3.0,2.0,4.0,164.05452438556253,1.0
1.0,0.0,1.0,2.0,1.0,1.0,0.0,1.0,0.0,2.0,2.0,4.0,155.7165651720399,1.0
0.0,0.0,1.0,1.0,3.0,3.0,0.0,0.0,1.0,2.0,4.0,4.0,42.22381637459022,1.0
1.0,0.0,1.0,1.0,1.0,2.0,0.0,0.0,0.0,3.0,2.0,4.0,0.0,1.0
0.0,0.0,1.0,2.0,1.0,2.0,1.0,1.0,0.0,1.0,1.0,4.0,184.82066004016417,0.0
0.0,0.0,1.0,1.0,1.0,1.0,1.0,1.0,0.0,1.0,1.0,4.0,561.4317833489681,1.0
1.0,0.0,1.0,1.0,1.0,1.0,1.0,0.0,0.0,2.0,2.0,4.0,90.07747493245915,1.0
1.0,0.0,1.0,1.0,1.0,1.0,1.0,0.0,0.0,2.0,2.0,4.0,40.701621589885335,1.0
1.0,0.0,1.0,1.0,3.0,2.0,1.0,0.0,0.0,2.0,3.0,3.0,15.209689888692758,1.0
1.0,1.0,1.0,1.0,1.0,3.0,1.0,1.0,1.0,1.0,2.0,4.0,0.0,0.0
0.0,0.0,1.0,2.0,1.0,1.0,1.0,0.0,0.0,3.0,1.0,4.0,252.16640558616388,1.0
0.0,0.0,1.0,1.0,1.0,2.0,1.0,0.0,0.0,1.0,4.0,4.0,478.9826073812127,0.0
1.0,1.0,1.0,1.0,1.0,1.0,1.0,1.0,0.0,1.0,3.0,4.0,250.56668040406717,1.0
1.0,0.0,1.0,1.0,1.0,2.0,1.0,0.0,0.0,2.0,2.0,4.0,100.37909727675506,1.0
0.0,0.0,1.0,1.0,1.0,1.0,1.0,0.0,0.0,3.0,1.0,4.0,59.299393616741966,1.0
1.0,1.0,1.0,1.0,2.0,3.0,1.0,1.0,1.0,3.0,1.0,3.0,352.18769852634676,0.0
0.0,0.0,1.0,1.0,2.0,3.0,0.0,0.0,0.0,3.0,1.0,4.0,221.3231708301438,1.0
0.0,0.0,1.0,1.0,1.0,2.0,1.0,0.0,0.0,2.0,3.0,4.0,872.8462609970961,1.0
1.0,1.0,1.0,1.0,2.0,3.0,1.0,1.0,0.0,2.0,2.0,4.0,97.95925398904933,0.0
0.0,0.0,1.0,3.0,1.0,1.0,1.0,1.0,1.0,2.0,1.0,4.0,560.2414747001185,0.0
0.0,0.0,1.0,1.0,1.0,2.0,1.0,0.0,0.0,3.0,1.0,4.0,337.42455633050315,0.0
1.0,0.0,1.0,1.0,1.0,2.0,0.0,0.0,0.0,3.0,2.0,4.0,0.0,1.0
1.0,0.0,1.0,1.0,1.0,1.0,1.0,0.0,0.0,1.0,2.0,4.0,76.84540538883833,1.0
1.0,0.0,1.0,1.0,1.0,1.0,1.0,1.0,0.0,1.0,2.0,4.0,223.56160933984745,1.0
1.0,1.0,1.0,1.0,3.0,3.0,1.0,1.0,1.0,1.0,2.0,4.0,433.96354710308435,0.0
0.0,0.0,1.0,2.0,1.0,1.0,1.0,1.0,1.0,1.0,4.0,4.0,64.75671838218405,1.0
0.0,0.0,1.0,1.0,1.0,3.0,1.0,0.0,0.0,3.0,2.0,4.0,0.0,0.0
1.0,0.0,1.0,2.0,1.0,1.0,1.0,0.0,0.0,3.0,1.0,3.0,22.30283634145022,1.0
1.0,0.0,1.0,1.0,2.0,2.0,1.0,1.0,0.0,1.0,2.0,4.0,361.3328644376685,1.0
0.0,0.0,1.0,1.0,3.0,3.0,1.0,0.0,0.0,2.0,2.0,4.0,126.75017337922709,0.0
1.0,1.0,1.0,1.0,1.0,1.0,1.0,1.0,0.0,1.0,3.0,4.0,119.3039980221568,1.0
1.0,0.0,1.0,1.0,3.0,3.0,1.0,0.0,0.0,1.0,6.0,4.0,850.8232054432915,1.0
1.0,0.0,1.0,1.0,1.0,1.0,1.0,1.0,0.0,1.0,3.0,4.0,181.17757005411812,0.0
0.0,1.0,1.0,2.0,1.0,3.0,0.0,1.0,0.0,3.0,2.0,4.0,351.41084359781735,1.0
0.0,0.0,1.0,2.0,1.0,1.0,1.0,0.0,0.0,1.0,2.0,4.0,376.1021285392221,1.0
1.0,0.0,1.0,1.0,2.0,3.0,1.0,0.0,0.0,3.0,1.0,4.0,117.07264443100802,1.0
0.0,1.0,1.0,3.0,1.0,3.0,1.0,0.0,0.0,2.0,1.0,4.0,441.6315390100423,1.0
0.0,0.0,1.0,1.0,1.0,1.0,1.0,0.0,0.0,3.0,1.0,4.0,285.1434012534648,0.0
0.0,0.0,1.0,1.0,1.0,2.0,1.0,0.0,0.0,3.0,1.0,4.0,149.31056676065714,1.0
1.0,0.0,1.0,1.0,1.0,1.0,0.0,1.0,0.0,2.0,1.0,3.0,228.04578916022743,1.0
1.0,0.0,1.0,1.0,3.0,3.0,1.0,1.0,0.0,1.0,1.0,4.0,17.495817246496873,1.0
1.0,0.0,1.0,1.0,3.0,3.0,1.0,1.0,0.0,1.0,3.0,4.0,173.54550337545732,0.0
0.0,0.0,1.0,1.0,1.0,2.0,1.0,0.0,0.0,1.0,1.0,4.0,323.484178963064,0.0
0.0,0.0,1.0,1.0,3.0,2.0,1.0,1.0,1.0,1.0,2.0,4.0,165.39575139033835,1.0
1.0,0.0,1.0,1.0,1.0,3.0,1.0,1.0,0.0,1.0,3.0,4.0,251.7364299212696,1.0
1.0,0.0,1.0,1.0,1.0,1.0,1.0,1.0,1.0,1.0,3.0,4.0,216.04245851452248,0.0
0.0,0.0,1.0,2.0,1.0,1.0,1.0,1.0,0.0,1.0,3.0,4.0,8.45829654939708,1.0
0.0,0.0,1.0,1.0,3.0,2.0,1.0,1.0,0.0,1.0,2.0,4.0,704.3570082655258,0.0
0.0,0.0,1.0,1.0,1.0,1.0,1.0,0.0,0.0,1.0,3.0,4.0,297.8403047346095,1.0
0.0,0.0,1.0,1.0,1.0,2.0,0.0,0.0,0.0,3.0,1.0,4.0,203.9047993880393,0.0
0.0,1.0,1.0,1.0,1.0,2.0,0.0,1.0,1.0,2.0,1.0,4.0,536.045461323326,1.0
0.0,0.0,1.0,2.0,3.0,2.0,0.0,0.0,0.0,3.0,1.0,4.0,0.0,1.0
1.0,0.0,1.0,1.0,1.0,3.0,0.0,0.0,0.0,3.0,2.0,4.0,275.56922014326517,1.0
0.0,0.0,1.0,2.0,1.0,1.0,0.0,0.0,0.0,3.0,1.0,4.0,507.41156115579645,0.0
1.0,1.0,1.0,1.0,2.0,3.0,1.0,1.0,1.0,2.0,2.0,4.0,350.5523718157381,1.0
1.0,1.0,1.0,1.0,1.0,1.0,1.0,1.0,1.0,2.0,3.0,4.0,464.96094332473336,1.0
0.0,0.0,1.0,2.0,1.0,3.0,1.0,0.0,0.0,1.0,2.0,3.0,414.2379313256714,1.0
1.0,0.0,1.0,2.0,1.0,1.0,1.0,0.0,0.0,2.0,2.0,3.0,0.0,0.0
1.0,0.0,1.0,1.0,1.0,1.0,1.0,1.0,0.0,2.0,2.0,4.0,142.91993605262016,0.0
0.0,0.0,1.0,1.0,1.0,1.0,0.0,0.0,0.0,3.0,1.0,4.0,210.75035730181617,0.0
1.0,0.0,1.0,1.0,1.0,1.0,1.0,0.0,0.0,1.0,2.0,4.0,52.19152413754904,1.0
1.0,1.0,1.0,1.0,1.0,2.0,1.0,0.0,0.0,3.0,2.0,4.0,30.0,0.0
0.0,1.0,1.0,3.0,1.0,3.0,1.0,0.0,0.0,2.0,3.0,4.0,418.42073470921963,0.0
1.0,0.0,1.0,1.0,1.0,2.0,1.0,0.0,0.0,2.0,3.0,4.0,0.0,1.0
0.0,0.0,1.0,1.0,1.0,1.0,1.0,1.0,1.0,2.0,3.0,4.0,94.26768961230589,0.0
0.0,0.0,1.0,1.0,1.0,1.0,1.0,1.0,0.0,2.0,2.0,4.0,168.3049640619786,0.0
1.0,0.0,1.0,2.0,1.0,2.0,1.0,1.0,1.0,2.0,1.0,4.0,241.10053969915182,1.0
0.0,0.0,1.0,2.0,1.0,3.0,1.0,1.0,0.0,2.0,2.0,4.0,155.9033219984869,1.0
1.0,0.0,1.0,1.0,3.0,3.0,0.0,1.0,0.0,2.0,1.0,4.0,0.0,0.0
1.0,0.0,1.0,2.0,1.0,1.0,1.0,1.0,0.0,2.0,3.0,4.0,68.71294562155538,0.0
0.0,0.0,1.0,1.0,1.0,1.0,1.0,1.0,0.0,2.0,3.0,4.0,193.27631719554677,1.0
0.0,1.0,1.0,2.0,1.0,1.0,1.0,0.0,0.0,3.0,2.0,4.0,229.0352336310816,0.0
0.0,0.0,1.0,1.0,3.0,1.0,1.0,1.0,0.0,1.0,2.0,4.0,587.0718981372895,1.0
0.0,0.0,1.0,1.0,1.0,2.0,1.0,0.0,0.0,1.0,2.0,4.0,0.0,1.0
1.0,0.0,1.0,1.0,1.0,2.0,1.0,1.0,1.0,1.0,2.0,4.0,290.95983714668483,1.0
0.0,0.0,1.0,3.0,1.0,2.0,1.0,1.0,1.0,1.0,3.0,4.0,161.931520672786,0.0
1.0,0.0,1.0,1.0,3.0,3.0,1.0,0.0,0.0,2.0,1.0,4.0,30.314534833039133,1.0
0.0,0.0,1.0,1.0,1.0,2.0,1.0,0.0,0.0,3.0,1.0,4.0,301.70468888181205,1.0
0.0,0.0,1.0,1.0,1.0,2.0,1.0,1.0,0.0,3.0,3.0,4.0,66.49177798125062,1.0
1.0,1.0,1.0,1.0,3.0,3.0,0.0,0.0,0.0,3.0,2.0,4.0,285.5517712539775,1.0
1.0,1.0,1.0,1.0,1.0,3.0,0.0,0.0,0.0,3.0,1.0,4.0,117.41437962745792,0.0
0.0,0.0,1.0,1.0,1.0,1.0,1.0,0.0,0.0,1.0,2.0,4.0,197.04447641475434,1.0
1.0,1.0,1.0,1.0,3.0,3.0,1.0,0.0,1.0,1.0,2.0,4.0,143.84987452923588,1.0
1.0,0.0,1.0,1.0,1.0,1.0,1.0,1.0,0.0,1.0,2.0,4.0,348.298015726891,0.0
1.0,0.0,1.0,1.0,3.0,3.0,1.0,1.0,0.0,1.0,6.0,4.0,47.99801348564529,0.0
0.0,0.0,1.0,2.0,1.0,1.0,1.0,0.0,0.0,3.0,1.0,4.0,93.9315037019663,0.0
0.0,0.0,1.0,1.0,1.0,1.0,1.0,1.0,0.0,1.0,2.0,4.0,14.724202633190437,1.0
0.0,0.0,1.0,3.0,1.0,1.0,0.0,0.0,0.0,3.0,1.0,4.0,208.30416078131174,1.0
0.0,0.0,1.0,1.0,1.0,2.0,1.0,0.0,0.0,2.0,3.0,4.0,76.95144025926656,0.0
0.0,0.0,1.0,2.0,1.0,1.0,1.0,1.0,0.0,1.0,2.0,4.0,114.97869997388413,0.0
0.0,0.0,1.0,1.0,1.0,1.0,1.0,1.0,0.0,1.0,3.0,4.0,269.1836150549301,0.0
0.0,0.0,1.0,1.0,3.0,3.0,1.0,1.0,0.0,1.0,2.0,4.0,125.7128769627065,1.0
0.0,0.0,1.0,3.0,1.0,1.0,1.0,0.0,0.0,3.0,1.0,4.0,168.3049640619786,0.0
1.0,0.0,1.0,2.0,1.0,2.0,1.0,0.0,0.0,3.0,1.0,3.0,0.0,1.0
0.0,0.0,1.0,2.0,1.0,1.0,1.0,0.0,0.0,2.0,2.0,4.0,307.29754751487815,0.0
0.0,0.0,1.0,1.0,1.0,1.0,1.0,0.0,0.0,2.0,2.0,4.0,146.7457751835867,1.0
0.0,0.0,1.0,1.0,1.0,1.0,1.0,0.0,0.0,3.0,1.0,4.0,0.0,1.0
0.0,0.0,1.0,1.0,1.0,1.0,0.0,0.0,0.0,2.0,2.0,4.0,129.52245894735412,1.0
1.0,1.0,1.0,1.0,1.0,1.0,1.0,0.0,0.0,1.0,3.0,4.0,233.41968169833282,1.0
0.0,0.0,1.0,1.0,3.0,3.0,1.0,0.0,0.0,1.0,5.0,4.0,448.99258769539887,1.0
0.0,0.0,1.0,1.0,2.0,2.0,1.0,0.0,0.0,1.0,2.0,4.0,510.9292989540673,0.0
1.0,1.0,1.0,1.0,1.0,3.0,1.0,0.0,0.0,1.0,3.0,4.0,163.2113689656814,1.0
0.0,0.0,1.0,1.0,1.0,1.0,1.0,0.0,0.0,1.0,3.0,4.0,109.168414130885,1.0
1.0,1.0,1.0,2.0,3.0,3.0,1.0,1.0,1.0,2.0,2.0,4.0,135.2613653308315,0.0
1.0,1.0,1.0,2.0,3.0,3.0,0.0,1.0,1.0,2.0,2.0,4.0,174.90391704023398,1.0
0.0,0.0,1.0,1.0,1.0,1.0,1.0,0.0,0.0,1.0,2.0,4.0,75.78633708259784,0.0
1.0,0.0,1.0,1.0,3.0,2.0,1.0,0.0,0.0,1.0,6.0,4.0,417.6917666588483,1.0
1.0,1.0,1.0,1.0,1.0,3.0,1.0,1.0,1.0,1.0,3.0,4.0,20.29991171855299,1.0
1.0,1.0,1.0,1.0,3.0,3.0,1.0,1.0,1.0,1.0,3.0,4.0,195.18155444007283,0.0
1.0,1.0,1.0,1.0,3.0,3.0,1.0,1.0,1.0,1.0,3.0,4.0,0.0,1.0
1.0,1.0,1.0,1.0,1.0,2.0,1.0,1.0,1.0,1.0,2.0,4.0,179.17425494702863,1.0
1.0,0.0,1.0,1.0,1.0,1.0,1.0,1.0,0.0,1.0,3.0,4.0,180.36229469625533,1.0
0.0,0.0,1.0,1.0,1.0,1.0,1.0,1.0,0.0,1.0,2.0,4.0,157.9396000845308,0.0
1.0,0.0,1.0,1.0,1.0,1.0,1.0,0.0,0.0,1.0,3.0,4.0,208.41242697714404,1.0
1.0,1.0,1.0,1.0,1.0,3.0,1.0,0.0,0.0,2.0,2.0,4.0,225.77975202503092,0.0
0.0,0.0,1.0,1.0,2.0,2.0,0.0,0.0,0.0,2.0,2.0,4.0,426.45385982426734,1.0
1.0,0.0,1.0,1.0,3.0,2.0,0.0,0.0,0.0,2.0,2.0,4.0,326.181442018663,1.0
0.0,1.0,1.0,1.0,3.0,3.0,1.0,0.0,0.0,3.0,2.0,4.0,90.94360449911741,1.0
0.0,0.0,1.0,1.0,1.0,1.0,1.0,0.0,0.0,2.0,2.0,4.0,217.69139436171116,0.0
1.0,0.0,1.0,1.0,1.0,2.0,1.0,0.0,0.0,3.0,1.0,4.0,13.044365972047107,1.0
0.0,0.0,1.0,1.0,2.0,2.0,1.0,1.0,1.0,3.0,1.0,4.0,251.1513512961277,1.0
0.0,0.0,1.0,1.0,1.0,1.0,1.0,1.0,1.0,1.0,3.0,4.0,363.3688528880317,1.0
1.0,1.0,1.0,2.0,3.0,2.0,0.0,0.0,0.0,2.0,2.0,4.0,241.04059911809773,0.0
1.0,0.0,1.0,1.0,1.0,2.0,0.0,0.0,0.0,2.0,2.0,4.0,66.636132909027,1.0
0.0,0.0,1.0,1.0,1.0,1.0,1.0,1.0,1.0,1.0,2.0,4.0,244.22190962511246,0.0
1.0,0.0,1.0,1.0,1.0,1.0,1.0,0.0,0.0,2.0,2.0,4.0,198.1682083353416,0.0
1.0,0.0,1.0,2.0,1.0,1.0,0.0,0.0,0.0,3.0,1.0,4.0,45.055878947187274,0.0
0.0,0.0,1.0,1.0,1.0,2.0,1.0,1.0,0.0,1.0,2.0,4.0,40.567132361104896,1.0
1.0,0.0,1.0,2.0,3.0,3.0,0.0,0.0,0.0,2.0,1.0,4.0,260.8832067077885,1.0
0.0,0.0,1.0,2.0,1.0,2.0,1.0,0.0,0.0,1.0,2.0,4.0,33.97583049962174,1.0
1.0,0.0,1.0,2.0,1.0,3.0,1.0,0.0,0.0,2.0,2.0,4.0,216.92159504004053,1.0
0.0,0.0,1.0,1.0,1.0,1.0,0.0,0.0,0.0,2.0,3.0,4.0,168.3049640619786,0.0
1.0,1.0,1.0,1.0,3.0,2.0,0.0,0.0,0.0,3.0,2.0,4.0,148.57800855271495,1.0
0.0,0.0,1.0,1.0,1.0,1.0,0.0,0.0,0.0,3.0,1.0,4.0,73.02290832011533,1.0
1.0,0.0,1.0,2.0,1.0,2.0,1.0,1.0,0.0,1.0,2.0,4.0,6.548394222110145,1.0
0.0,0.0,1.0,1.0,1.0,1.0,1.0,0.0,0.0,3.0,2.0,4.0,255.75014371775828,1.0
1.0,0.0,1.0,1.0,1.0,2.0,1.0,0.0,0.0,1.0,5.0,4.0,177.66032381949103,0.0
1.0,1.0,1.0,1.0,1.0,2.0,0.0,0.0,0.0,3.0,3.0,4.0,211.93187921932176,1.0
1.0,1.0,1.0,1.0,1.0,2.0,1.0,1.0,1.0,1.0,3.0,4.0,1083.911471536062,0.0
0.0,0.0,1.0,2.0,1.0,1.0,0.0,0.0,0.0,3.0,2.0,4.0,168.3049640619786,0.0
0.0,0.0,1.0,1.0,3.0,3.0,0.0,0.0,0.0,3.0,4.0,3.0,191.7213884530005,1.0
0.0,0.0,1.0,1.0,3.0,3.0,1.0,1.0,1.0,1.0,5.0,4.0,449.08444026825697,1.0
0.0,0.0,1.0,2.0,1.0,3.0,1.0,0.0,0.0,1.0,3.0,3.0,366.47376169322143,1.0
0.0,0.0,1.0,1.0,1.0,1.0,1.0,1.0,0.0,1.0,3.0,4.0,49.17339103747333,1.0
0.0,0.0,1.0,1.0,3.0,2.0,1.0,0.0,1.0,1.0,3.0,3.0,62.32298737456567,1.0
0.0,0.0,1.0,1.0,1.0,1.0,0.0,0.0,0.0,3.0,2.0,4.0,152.83577978323893,0.0
0.0,0.0,1.0,1.0,3.0,2.0,0.0,0.0,0.0,3.0,3.0,4.0,520.1715927574651,0.0
0.0,0.0,1.0,1.0,1.0,1.0,0.0,0.0,0.0,3.0,1.0,4.0,419.4936398775677,0.0
0.0,0.0,1.0,1.0,3.0,3.0,1.0,1.0,0.0,1.0,1.0,4.0,375.7260148078652,0.0
1.0,0.0,1.0,2.0,1.0,1.0,1.0,0.0,0.0,3.0,1.0,4.0,242.76165264051005,1.0
1.0,0.0,1.0,1.0,1.0,1.0,1.0,1.0,1.0,1.0,2.0,4.0,62.72672721032875,0.0
1.0,1.0,1.0,2.0,1.0,3.0,1.0,1.0,1.0,1.0,2.0,4.0,306.23655769572935,1.0
1.0,0.0,1.0,1.0,1.0,1.0,1.0,1.0,0.0,2.0,2.0,4.0,228.10870844352323,1.0
0.0,0.0,1.0,1.0,1.0,1.0,0.0,0.0,0.0,3.0,2.0,4.0,0.0,0.0
1.0,1.0,1.0,1.0,1.0,1.0,0.0,0.0,0.0,2.0,2.0,4.0,91.00408488751023,1.0
1.0,0.0,1.0,1.0,1.0,1.0,1.0,0.0,0.0,3.0,2.0,4.0,17.418141946013694,0.0
0.0,0.0,1.0,1.0,1.0,1.0,0.0,0.0,0.0,3.0,2.0,4.0,234.82875925491584,1.0
0.0,0.0,1.0,1.0,1.0,1.0,1.0,0.0,0.0,3.0,2.0,4.0,0.0,1.0
0.0,0.0,1.0,1.0,1.0,1.0,0.0,0.0,0.0,3.0,2.0,4.0,0.0,0.0
0.0,0.0,1.0,3.0,1.0,3.0,0.0,0.0,0.0,2.0,2.0,4.0,445.3369472010385,1.0
0.0,0.0,1.0,2.0,1.0,2.0,1.0,0.0,0.0,1.0,1.0,3.0,0.0,1.0
1.0,1.0,1.0,1.0,1.0,3.0,1.0,1.0,1.0,3.0,1.0,4.0,180.51583718435916,0.0
0.0,0.0,1.0,1.0,1.0,1.0,1.0,0.0,0.0,1.0,2.0,4.0,178.39833083753953,0.0
1.0,1.0,1.0,1.0,1.0,1.0,1.0,1.0,1.0,1.0,2.0,4.0,394.40647486857097,1.0
0.0,0.0,1.0,1.0,1.0,1.0,0.0,0.0,0.0,3.0,1.0,4.0,0.0,1.0
0.0,0.0,1.0,1.0,1.0,1.0,1.0,0.0,0.0,2.0,2.0,4.0,450.7502569926526,0.0
0.0,0.0,1.0,1.0,1.0,1.0,1.0,0.0,0.0,1.0,2.0,4.0,325.31052034689134,0.0
0.0,0.0,1.0,1.0,1.0,2.0,1.0,1.0,0.0,1.0,3.0,4.0,374.2945677433461,1.0
1.0,0.0,1.0,1.0,1.0,1.0,1.0,0.0,0.0,2.0,1.0,4.0,249.74174155224972,1.0
1.0,0.0,1.0,1.0,1.0,1.0,0.0,0.0,0.0,3.0,3.0,4.0,0.0,1.0
1.0,0.0,1.0,1.0,1.0,1.0,0.0,0.0,0.0,3.0,3.0,4.0,0.0,1.0
1.0,0.0,1.0,2.0,1.0,1.0,0.0,0.0,0.0,3.0,2.0,4.0,171.6920652507105,1.0
1.0,0.0,1.0,1.0,1.0,1.0,0.0,1.0,1.0,2.0,4.0,4.0,132.19362361449188,1.0
1.0,0.0,1.0,1.0,1.0,2.0,1.0,0.0,0.0,1.0,1.0,4.0,30.0,0.0
0.0,0.0,1.0,3.0,1.0,3.0,1.0,0.0,0.0,1.0,1.0,4.0,812.6507037127151,1.0
0.0,0.0,1.0,1.0,1.0,2.0,1.0,1.0,1.0,1.0,2.0,4.0,473.7583145548487,0.0
1.0,0.0,1.0,1.0,1.0,3.0,1.0,0.0,0.0,1.0,2.0,4.0,0.0,1.0
1.0,0.0,1.0,1.0,1.0,2.0,1.0,0.0,0.0,3.0,2.0,4.0,264.76575885034003,0.0
0.0,0.0,1.0,1.0,1.0,1.0,0.0,0.0,0.0,3.0,2.0,4.0,0.0,0.0
0.0,0.0,1.0,1.0,1.0,1.0,1.0,0.0,0.0,2.0,3.0,4.0,653.6077282666657,1.0
0.0,1.0,1.0,1.0,1.0,3.0,0.0,1.0,0.0,3.0,1.0,4.0,354.48431996717187,1.0
0.0,0.0,1.0,1.0,1.0,2.0,0.0,1.0,0.0,3.0,3.0,4.0,370.72818773786844,0.0
0.0,0.0,1.0,1.0,1.0,2.0,1.0,1.0,0.0,1.0,2.0,4.0,116.79947031131795,1.0
1.0,0.0,1.0,1.0,1.0,3.0,1.0,0.0,0.0,2.0,4.0,4.0,238.90485992062574,1.0
0.0,0.0,1.0,1.0,1.0,2.0,1.0,0.0,0.0,3.0,1.0,4.0,360.3106828677386,1.0
0.0,0.0,1.0,2.0,1.0,1.0,1.0,1.0,1.0,1.0,2.0,4.0,0.0,0.0
1.0,1.0,1.0,1.0,1.0,3.0,1.0,1.0,0.0,1.0,2.0,4.0,225.3751284963263,0.0
1.0,1.0,1.0,3.0,1.0,1.0,1.0,1.0,1.0,1.0,3.0,4.0,334.1059418147528,0.0
0.0,1.0,1.0,1.0,1.0,1.0,0.0,0.0,0.0,3.0,2.0,4.0,116.71095910720064,0.0
1.0,1.0,1.0,1.0,1.0,1.0,1.0,0.0,1.0,1.0,2.0,4.0,37.351837562137504,1.0
1.0,0.0,1.0,1.0,3.0,3.0,1.0,1.0,0.0,1.0,3.0,4.0,160.7954766896521,0.0
0.0,0.0,1.0,3.0,1.0,1.0,0.0,1.0,0.0,3.0,2.0,4.0,157.8882022554122,0.0
0.0,0.0,1.0,2.0,1.0,2.0,0.0,0.0,0.0,3.0,2.0,4.0,368.0626927444895,0.0
0.0,0.0,1.0,1.0,1.0,2.0,1.0,1.0,0.0,3.0,1.0,4.0,224.26008784036372,1.0
1.0,0.0,1.0,1.0,3.0,3.0,1.0,1.0,1.0,1.0,3.0,4.0,298.55296662607316,1.0
0.0,0.0,1.0,1.0,1.0,3.0,0.0,0.0,0.0,3.0,1.0,4.0,360.60020559412214,0.0
0.0,0.0,1.0,1.0,1.0,2.0,0.0,0.0,0.0,3.0,1.0,4.0,337.11215664702706,1.0
0.0,0.0,1.0,1.0,1.0,3.0,1.0,1.0,0.0,1.0,3.0,4.0,246.84692649760441,1.0
0.0,1.0,1.0,1.0,1.0,3.0,0.0,0.0,0.0,2.0,2.0,4.0,449.46094446569964,1.0
1.0,0.0,1.0,1.0,3.0,2.0,0.0,0.0,0.0,2.0,2.0,4.0,30.0,0.0
1.0,0.0,1.0,2.0,3.0,2.0,0.0,0.0,0.0,3.0,1.0,4.0,0.0,1.0
0.0,0.0,1.0,1.0,1.0,3.0,1.0,0.0,0.0,2.0,2.0,4.0,464.83620252367314,0.0
0.0,0.0,1.0,2.0,1.0,1.0,0.0,0.0,0.0,3.0,2.0,4.0,215.99106068540385,1.0
0.0,0.0,1.0,1.0,3.0,3.0,0.0,0.0,0.0,3.0,1.0,4.0,375.3913073067164,0.0
0.0,1.0,1.0,1.0,1.0,3.0,0.0,0.0,0.0,2.0,2.0,4.0,307.3206361658017,1.0
1.0,1.0,1.0,1.0,1.0,2.0,1.0,0.0,0.0,2.0,2.0,4.0,123.62024064875175,1.0
1.0,1.0,1.0,1.0,1.0,1.0,0.0,1.0,0.0,2.0,2.0,4.0,27.030460226126568,0.0
0.0,0.0,1.0,1.0,1.0,2.0,1.0,0.0,0.0,2.0,3.0,4.0,392.29589959288273,1.0
0.0,1.0,1.0,2.0,1.0,2.0,1.0,1.0,0.0,1.0,3.0,4.0,271.8232629910492,1.0
0.0,0.0,1.0,1.0,1.0,1.0,1.0,0.0,0.0,3.0,2.0,4.0,0.0,0.0
0.0,0.0,1.0,2.0,1.0,3.0,1.0,1.0,0.0,1.0,2.0,4.0,0.0,0.0
0.0,0.0,1.0,1.0,3.0,2.0,0.0,1.0,1.0,2.0,1.0,4.0,140.50057963826032,1.0
1.0,0.0,1.0,1.0,1.0,2.0,0.0,0.0,0.0,2.0,3.0,4.0,314.2814320364622,1.0
1.0,0.0,1.0,1.0,1.0,2.0,1.0,1.0,0.0,1.0,2.0,4.0,363.555190174563,0.0
0.0,0.0,1.0,1.0,1.0,1.0,0.0,0.0,0.0,2.0,1.0,4.0,0.0,1.0
0.0,1.0,1.0,2.0,1.0,3.0,0.0,0.0,0.0,3.0,1.0,4.0,157.8882022554122,0.0
0.0,0.0,1.0,3.0,1.0,2.0,1.0,1.0,0.0,1.0,2.0,4.0,41.01313322872011,1.0
0.0,0.0,1.0,1.0,3.0,2.0,1.0,1.0,0.0,1.0,2.0,4.0,414.37996567851314,0.0
0.0,0.0,1.0,3.0,1.0,1.0,1.0,0.0,0.0,1.0,2.0,3.0,469.53151770068,1.0
0.0,0.0,1.0,1.0,1.0,1.0,1.0,0.0,0.0,2.0,2.0,4.0,211.8021637624082,1.0
0.0,0.0,1.0,1.0,1.0,2.0,0.0,0.0,0.0,3.0,1.0,3.0,332.9709746564423,1.0
1.0,0.0,1.0,1.0,3.0,3.0,0.0,1.0,0.0,3.0,3.0,4.0,70.34050333069973,0.0
0.0,1.0,1.0,1.0,2.0,3.0,0.0,0.0,0.0,2.0,2.0,4.0,379.24920745205145,1.0
0.0,0.0,1.0,1.0,1.0,1.0,1.0,1.0,0.0,1.0,2.0,4.0,0.0,1.0
1.0,0.0,1.0,2.0,1.0,1.0,1.0,1.0,0.0,1.0,2.0,4.0,606.4600417482826,0.0
0.0,0.0,1.0,1.0,3.0,2.0,0.0,0.0,0.0,3.0,1.0,4.0,0.0,1.0
0.0,0.0,1.0,2.0,2.0,2.0,0.0,0.0,0.0,3.0,1.0,4.0,179.66553378226325,0.0
0.0,0.0,1.0,3.0,1.0,1.0,1.0,0.0,0.0,3.0,2.0,4.0,141.46782922084927,0.0
0.0,1.0,1.0,1.0,2.0,3.0,1.0,0.0,0.0,3.0,2.0,4.0,307.3206361658017,1.0
1.0,0.0,1.0,1.0,1.0,2.0,1.0,0.0,0.0,3.0,2.0,4.0,225.82352951442653,1.0
1.0,0.0,1.0,1.0,1.0,3.0,0.0,0.0,0.0,3.0,2.0,4.0,258.24233473537384,0.0
0.0,1.0,1.0,1.0,1.0,3.0,1.0,0.0,0.0,3.0,3.0,4.0,255.69406899265655,1.0
1.0,1.0,1.0,1.0,2.0,2.0,0.0,1.0,1.0,2.0,2.0,4.0,0.0,1.0
0.0,0.0,1.0,2.0,1.0,3.0,0.0,0.0,0.0,3.0,2.0,4.0,252.69168406178431,0.0
0.0,0.0,1.0,1.0,1.0,1.0,1.0,0.0,0.0,2.0,2.0,4.0,0.0,1.0
1.0,0.0,1.0,1.0,1.0,1.0,1.0,1.0,0.0,1.0,2.0,4.0,14.868557560966812,1.0
1.0,1.0,1.0,1.0,2.0,3.0,1.0,0.0,1.0,3.0,1.0,4.0,195.6729103493849,1.0
0.0,0.0,1.0,1.0,2.0,2.0,0.0,0.0,1.0,3.0,1.0,4.0,267.44255460084753,1.0
0.0,0.0,1.0,1.0,1.0,1.0,1.0,0.0,0.0,3.0,3.0,4.0,0.0,0.0
1.0,0.0,1.0,2.0,3.0,3.0,1.0,1.0,0.0,1.0,2.0,4.0,653.0204594926904,1.0
0.0,0.0,1.0,1.0,3.0,3.0,0.0,0.0,0.0,3.0,1.0,4.0,160.57977905363248,1.0
0.0,0.0,1.0,1.0,1.0,2.0,0.0,1.0,1.0,2.0,2.0,4.0,82.83997355192528,1.0
1.0,0.0,1.0,1.0,1.0,3.0,0.0,1.0,1.0,2.0,2.0,4.0,0.0,1.0
0.0,0.0,1.0,1.0,1.0,1.0,1.0,1.0,0.0,1.0,2.0,4.0,16.781260354003805,1.0
0.0,0.0,1.0,1.0,1.0,3.0,0.0,0.0,0.0,2.0,3.0,4.0,218.64736513168575,1.0
0.0,0.0,1.0,1.0,1.0,1.0,1.0,0.0,0.0,3.0,2.0,4.0,422.5783659306117,0.0
1.0,0.0,1.0,1.0,1.0,3.0,0.0,0.0,0.0,2.0,3.0,4.0,0.0,0.0
0.0,0.0,1.0,1.0,1.0,1.0,0.0,0.0,0.0,3.0,2.0,4.0,168.3049640619786,0.0
0.0,0.0,1.0,1.0,1.0,1.0,1.0,0.0,0.0,1.0,2.0,4.0,50.13540722217075,1.0
0.0,0.0,1.0,2.0,3.0,3.0,1.0,1.0,0.0,3.0,1.0,4.0,0.0,1.0
1.0,0.0,1.0,1.0,1.0,1.0,0.0,0.0,0.0,3.0,1.0,4.0,45.399703010954866,1.0
0.0,0.0,1.0,1.0,1.0,2.0,0.0,0.0,0.0,3.0,2.0,4.0,217.30658877562024,1.0
1.0,0.0,1.0,1.0,1.0,1.0,0.0,0.0,1.0,3.0,3.0,4.0,0.0,1.0
1.0,0.0,1.0,1.0,1.0,2.0,1.0,1.0,0.0,1.0,2.0,4.0,8.009987865845961,1.0
0.0,0.0,1.0,1.0,1.0,1.0,0.0,0.0,0.0,2.0,2.0,4.0,430.22051979820696,1.0
0.0,0.0,1.0,3.0,2.0,3.0,1.0,0.0,0.0,3.0,1.0,4.0,362.5072698515181,1.0
1.0,0.0,1.0,1.0,1.0,2.0,1.0,0.0,0.0,3.0,1.0,4.0,210.0754034806166,1.0
1.0,0.0,1.0,1.0,1.0,1.0,0.0,0.0,0.0,2.0,2.0,4.0,384.912523851053,0.0
0.0,0.0,1.0,1.0,3.0,2.0,1.0,1.0,0.0,2.0,1.0,4.0,183.57347089994312,1.0
0.0,0.0,1.0,1.0,1.0,3.0,1.0,0.0,0.0,3.0,1.0,4.0,556.664537459184,0.0
1.0,0.0,1.0,1.0,1.0,1.0,1.0,1.0,0.0,1.0,1.0,4.0,330.64888384612294,0.0
1.0,1.0,1.0,1.0,1.0,3.0,0.0,0.0,0.0,3.0,2.0,4.0,28.484386635740595,0.0
1.0,0.0,1.0,1.0,3.0,2.0,1.0,1.0,0.0,2.0,2.0,4.0,302.9281028184418,1.0
1.0,0.0,1.0,1.0,3.0,2.0,1.0,1.0,1.0,1.0,3.0,4.0,225.00870327684882,1.0
1.0,1.0,1.0,1.0,3.0,3.0,0.0,1.0,1.0,2.0,1.0,4.0,437.5647762499217,1.0
0.0,0.0,1.0,1.0,1.0,1.0,1.0,0.0,0.0,3.0,6.0,4.0,166.38709862824632,0.0
0.0,0.0,1.0,1.0,3.0,3.0,0.0,1.0,0.0,2.0,2.0,4.0,373.6056995368161,1.0
0.0,1.0,1.0,1.0,1.0,2.0,0.0,1.0,1.0,2.0,3.0,4.0,253.5721025843995,1.0
1.0,0.0,1.0,1.0,1.0,1.0,1.0,0.0,0.0,2.0,2.0,4.0,0.0,1.0
0.0,0.0,1.0,2.0,1.0,2.0,1.0,1.0,0.0,1.0,2.0,4.0,0.0,1.0
0.0,0.0,1.0,1.0,1.0,2.0,1.0,0.0,0.0,1.0,3.0,4.0,53.7048473517054,0.0
0.0,1.0,1.0,2.0,1.0,1.0,1.0,0.0,0.0,3.0,1.0,3.0,535.1222892563419,1.0
0.0,1.0,1.0,1.0,1.0,1.0,1.0,0.0,0.0,3.0,2.0,4.0,126.43398526757852,1.0
0.0,0.0,1.0,1.0,1.0,2.0,1.0,0.0,0.0,3.0,2.0,4.0,184.71605836744772,0.0
0.0,0.0,1.0,2.0,1.0,1.0,1.0,0.0,0.0,2.0,2.0,4.0,46.77099659954609,1.0
0.0,0.0,1.0,1.0,1.0,2.0,1.0,0.0,0.0,2.0,1.0,4.0,244.11005731264632,0.0
0.0,0.0,1.0,2.0,1.0,2.0,1.0,0.0,0.0,3.0,1.0,3.0,460.90677628007865,1.0
0.0,0.0,1.0,1.0,1.0,1.0,1.0,0.0,0.0,2.0,1.0,4.0,606.2906966607827,1.0
1.0,0.0,1.0,1.0,2.0,3.0,1.0,0.0,0.0,2.0,5.0,4.0,437.0005139233932,1.0
0.0,0.0,1.0,2.0,3.0,2.0,1.0,0.0,0.0,3.0,1.0,4.0,355.55238143334185,1.0
1.0,0.0,1.0,3.0,1.0,1.0,1.0,0.0,0.0,2.0,1.0,4.0,97.5393688899025,1.0
1.0,1.0,1.0,1.0,1.0,3.0,1.0,0.0,0.0,2.0,2.0,3.0,0.0,1.0
1.0,0.0,1.0,1.0,1.0,1.0,0.0,0.0,0.0,3.0,1.0,4.0,375.5244135132225,0.0
0.0,0.0,1.0,2.0,1.0,2.0,1.0,0.0,0.0,2.0,3.0,4.0,907.7883165871576,0.0
0.0,0.0,1.0,1.0,1.0,2.0,1.0,0.0,0.0,1.0,1.0,4.0,211.88720899823477,0.0
0.0,0.0,1.0,1.0,1.0,2.0,1.0,0.0,0.0,3.0,1.0,4.0,311.6433101349169,0.0
1.0,0.0,1.0,3.0,1.0,1.0,0.0,1.0,0.0,2.0,1.0,4.0,59.72685136747591,1.0
0.0,0.0,1.0,1.0,1.0,1.0,1.0,0.0,0.0,3.0,2.0,4.0,0.0,1.0
1.0,0.0,1.0,1.0,3.0,2.0,1.0,1.0,1.0,1.0,2.0,4.0,904.0794364487369,1.0
1.0,1.0,1.0,1.0,1.0,3.0,1.0,1.0,1.0,1.0,2.0,4.0,537.938722357691,0.0
0.0,0.0,1.0,2.0,1.0,1.0,1.0,1.0,1.0,1.0,4.0,3.0,190.09739551551627,1.0
0.0,0.0,1.0,1.0,1.0,3.0,1.0,0.0,0.0,2.0,2.0,4.0,238.55188368427457,1.0
1.0,0.0,1.0,2.0,1.0,1.0,0.0,0.0,0.0,3.0,2.0,4.0,39.029963597537886,1.0
1.0,1.0,1.0,1.0,2.0,3.0,0.0,0.0,0.0,3.0,2.0,4.0,18.94658427064946,0.0
0.0,1.0,1.0,1.0,1.0,3.0,1.0,0.0,0.0,3.0,1.0,4.0,274.27436277511595,0.0
0.0,0.0,1.0,1.0,1.0,2.0,0.0,1.0,0.0,3.0,2.0,4.0,227.6427764560768,1.0
0.0,0.0,1.0,1.0,1.0,3.0,0.0,0.0,0.0,3.0,2.0,4.0,60.484714738301896,0.0
0.0,0.0,1.0,1.0,1.0,2.0,1.0,0.0,0.0,1.0,1.0,4.0,222.30487814987742,1.0
0.0,0.0,1.0,2.0,2.0,3.0,0.0,0.0,0.0,3.0,1.0,4.0,379.0222274928776,0.0
0.0,1.0,1.0,3.0,1.0,2.0,1.0,1.0,1.0,1.0,2.0,4.0,86.40319557068916,0.0
0.0,0.0,1.0,1.0,1.0,2.0,1.0,0.0,0.0,1.0,2.0,4.0,0.0,1.0
0.0,0.0,1.0,1.0,1.0,3.0,1.0,1.0,0.0,1.0,2.0,4.0,325.0486249006176,0.0
0.0,0.0,1.0,1.0,1.0,1.0,1.0,1.0,0.0,1.0,2.0,4.0,230.96788444220283,1.0
1.0,0.0,1.0,1.0,3.0,2.0,1.0,0.0,0.0,1.0,3.0,4.0,30.0,0.0
1.0,0.0,1.0,1.0,1.0,1.0,1.0,1.0,0.0,1.0,2.0,4.0,399.93350039158184,1.0
0.0,0.0,1.0,1.0,1.0,2.0,1.0,0.0,0.0,2.0,2.0,4.0,233.3299857587981,1.0
1.0,0.0,1.0,1.0,1.0,1.0,1.0,0.0,0.0,2.0,2.0,4.0,171.6920652507105,1.0
1.0,0.0,1.0,1.0,1.0,2.0,1.0,1.0,1.0,1.0,3.0,4.0,196.62847417906957,0.0
1.0,0.0,1.0,3.0,1.0,1.0,1.0,0.0,0.0,3.0,2.0,4.0,0.0,0.0
0.0,0.0,1.0,1.0,1.0,2.0,1.0,0.0,0.0,3.0,2.0,4.0,71.32159807598786,0.0
0.0,0.0,1.0,1.0,3.0,3.0,1.0,0.0,0.0,3.0,4.0,4.0,856.2722164969109,1.0
0.0,0.0,1.0,1.0,1.0,1.0,1.0,1.0,0.0,1.0,2.0,2.0,360.1442664145617,0.0
0.0,0.0,1.0,1.0,1.0,1.0,1.0,0.0,0.0,3.0,4.0,4.0,448.8144863917897,0.0
1.0,0.0,1.0,1.0,1.0,1.0,0.0,0.0,0.0,3.0,1.0,4.0,10.030042463221745,1.0
0.0,1.0,1.0,1.0,1.0,1.0,1.0,0.0,0.0,3.0,2.0,4.0,0.0,1.0
0.0,0.0,1.0,1.0,1.0,1.0,1.0,1.0,0.0,1.0,2.0,4.0,119.63842517167589,0.0
0.0,0.0,1.0,1.0,1.0,1.0,1.0,1.0,0.0,2.0,2.0,4.0,129.35103747061964,1.0
0.0,0.0,1.0,1.0,1.0,1.0,0.0,0.0,0.0,2.0,2.0,4.0,53.45164353618797,0.0
0.0,0.0,1.0,1.0,1.0,1.0,0.0,0.0,0.0,2.0,2.0,4.0,0.0,1.0
0.0,0.0,1.0,1.0,1.0,1.0,0.0,0.0,0.0,3.0,4.0,4.0,156.19203185403973,1.0
0.0,0.0,1.0,1.0,1.0,2.0,0.0,0.0,0.0,3.0,1.0,4.0,0.0,1.0
1.0,0.0,1.0,1.0,1.0,2.0,1.0,0.0,0.0,1.0,2.0,4.0,12.863922312326633,1.0
1.0,0.0,1.0,1.0,1.0,2.0,1.0,1.0,0.0,1.0,3.0,4.0,194.36380387377798,0.0
0.0,0.0,1.0,1.0,1.0,1.0,0.0,0.0,0.0,3.0,1.0,4.0,0.0,1.0
0.0,0.0,1.0,1.0,3.0,3.0,1.0,0.0,0.0,3.0,1.0,4.0,309.25128258904476,1.0
0.0,0.0,1.0,1.0,2.0,2.0,1.0,0.0,0.0,1.0,3.0,4.0,378.32267618567255,0.0
1.0,0.0,1.0,1.0,1.0,2.0,1.0,0.0,0.0,1.0,2.0,4.0,267.06743759032963,1.0
0.0,0.0,1.0,3.0,1.0,2.0,0.0,0.0,0.0,3.0,3.0,4.0,625.8810147022137,1.0
0.0,1.0,1.0,1.0,1.0,1.0,1.0,0.0,0.0,1.0,2.0,4.0,261.0833484950679,1.0
1.0,0.0,1.0,1.0,1.0,1.0,0.0,0.0,0.0,3.0,1.0,3.0,433.06478332913065,1.0
0.0,0.0,1.0,1.0,3.0,3.0,0.0,0.0,0.0,3.0,1.0,3.0,0.0,1.0
1.0,1.0,1.0,2.0,1.0,2.0,1.0,1.0,1.0,2.0,2.0,4.0,30.0,0.0
0.0,0.0,1.0,1.0,1.0,1.0,1.0,1.0,0.0,2.0,1.0,4.0,48.71978812452718,1.0
0.0,0.0,1.0,2.0,1.0,2.0,1.0,1.0,1.0,2.0,3.0,4.0,30.0,0.0
1.0,0.0,1.0,1.0,1.0,1.0,1.0,0.0,0.0,2.0,3.0,4.0,281.6433101349169,1.0
0.0,0.0,1.0,1.0,3.0,2.0,1.0,0.0,0.0,2.0,2.0,4.0,30.0,0.0
0.0,0.0,1.0,1.0,1.0,1.0,0.0,0.0,0.0,3.0,2.0,4.0,147.60291365134532,1.0
0.0,0.0,1.0,1.0,1.0,1.0,1.0,0.0,0.0,2.0,2.0,4.0,0.0,0.0
1.0,0.0,1.0,2.0,1.0,2.0,1.0,0.0,0.0,1.0,1.0,4.0,186.12099932544584,1.0
0.0,0.0,1.0,3.0,1.0,2.0,0.0,0.0,0.0,3.0,3.0,4.0,238.88731237461468,1.0
0.0,0.0,1.0,1.0,1.0,3.0,1.0,0.0,0.0,2.0,5.0,4.0,0.0,1.0
0.0,0.0,1.0,2.0,3.0,3.0,1.0,0.0,0.0,3.0,1.0,4.0,353.5143768042521,0.0
0.0,0.0,1.0,1.0,3.0,2.0,1.0,0.0,0.0,1.0,2.0,4.0,239.09086878359466,1.0
1.0,1.0,1.0,3.0,1.0,1.0,1.0,1.0,1.0,2.0,1.0,4.0,0.0,0.0
1.0,0.0,1.0,1.0,1.0,1.0,0.0,1.0,1.0,2.0,3.0,4.0,43.50462298574958,1.0
1.0,0.0,1.0,1.0,1.0,3.0,1.0,0.0,0.0,2.0,1.0,4.0,143.74806587544128,1.0
1.0,0.0,1.0,1.0,3.0,3.0,1.0,0.0,0.0,2.0,2.0,4.0,281.11720131398687,1.0
0.0,0.0,1.0,1.0,3.0,3.0,0.0,0.0,0.0,2.0,1.0,4.0,451.4468944712461,0.0
0.0,0.0,1.0,2.0,1.0,1.0,1.0,0.0,0.0,2.0,1.0,4.0,411.7317872643484,1.0
1.0,0.0,1.0,2.0,1.0,1.0,1.0,1.0,0.0,3.0,1.0,4.0,540.6250905064547,0.0
1.0,0.0,1.0,1.0,1.0,1.0,1.0,1.0,0.0,1.0,2.0,4.0,475.9211116526059,0.0
0.0,0.0,1.0,3.0,1.0,3.0,1.0,1.0,0.0,1.0,2.0,4.0,197.0973967545981,0.0
0.0,0.0,1.0,2.0,1.0,1.0,1.0,0.0,0.0,1.0,2.0,4.0,0.0,1.0
0.0,0.0,1.0,1.0,1.0,1.0,1.0,0.0,0.0,1.0,2.0,4.0,512.4532315619549,1.0
0.0,1.0,1.0,1.0,1.0,3.0,0.0,0.0,0.0,3.0,2.0,4.0,0.0,0.0
0.0,0.0,1.0,1.0,3.0,2.0,0.0,0.0,0.0,2.0,3.0,4.0,276.784466931681,1.0
0.0,0.0,1.0,1.0,1.0,3.0,0.0,0.0,0.0,3.0,2.0,4.0,367.915140608583,1.0
1.0,0.0,1.0,1.0,1.0,1.0,1.0,0.0,0.0,3.0,1.0,4.0,236.03113353395935,1.0
0.0,0.0,1.0,1.0,1.0,2.0,1.0,0.0,0.0,2.0,2.0,4.0,39.20262664574402,0.0
1.0,0.0,1.0,1.0,3.0,3.0,1.0,0.0,0.0,3.0,1.0,4.0,355.57848112037425,0.0
0.0,0.0,1.0,1.0,3.0,3.0,0.0,0.0,0.0,3.0,1.0,4.0,262.7965290061307,0.0
0.0,0.0,1.0,1.0,1.0,3.0,0.0,0.0,0.0,3.0,1.0,4.0,375.4236128659011,1.0
0.0,0.0,1.0,1.0,1.0,1.0,0.0,0.0,0.0,2.0,2.0,4.0,151.63567456977154,0.0
0.0,0.0,1.0,1.0,3.0,3.0,1.0,0.0,0.0,1.0,2.0,4.0,1073.5586409857237,1.0
1.0,0.0,1.0,3.0,1.0,1.0,1.0,0.0,0.0,2.0,3.0,4.0,282.1107521393887,1.0
1.0,0.0,1.0,1.0,1.0,1.0,0.0,0.0,0.0,3.0,2.0,4.0,211.68480450856123,1.0
0.0,1.0,1.0,2.0,2.0,3.0,0.0,0.0,0.0,3.0,1.0,4.0,304.0564961288925,0.0
1.0,0.0,1.0,1.0,3.0,3.0,1.0,0.0,0.0,3.0,1.0,4.0,469.2795160823766,1.0
0.0,0.0,1.0,2.0,1.0,2.0,0.0,0.0,0.0,3.0,2.0,4.0,543.8680101981657,0.0
0.0,0.0,1.0,1.0,1.0,1.0,0.0,0.0,0.0,2.0,1.0,4.0,534.978648333909,0.0
0.0,0.0,1.0,2.0,1.0,2.0,1.0,0.0,0.0,3.0,1.0,4.0,461.3733980860974,1.0
0.0,1.0,1.0,1.0,1.0,2.0,1.0,0.0,0.0,2.0,1.0,4.0,16.75403981377789,1.0
0.0,0.0,1.0,1.0,1.0,1.0,1.0,0.0,0.0,2.0,2.0,4.0,341.4901247737204,0.0
0.0,0.0,1.0,2.0,1.0,1.0,1.0,1.0,0.0,1.0,2.0,4.0,0.0,0.0
0.0,0.0,1.0,1.0,1.0,1.0,1.0,0.0,0.0,1.0,2.0,4.0,384.8092031875486,0.0
0.0,0.0,1.0,1.0,1.0,3.0,1.0,1.0,0.0,1.0,2.0,4.0,135.6433499111813,1.0
0.0,0.0,1.0,1.0,1.0,3.0,1.0,0.0,0.0,2.0,5.0,4.0,412.965974152491,1.0
0.0,0.0,1.0,1.0,1.0,1.0,0.0,0.0,0.0,3.0,2.0,4.0,186.34547465144104,1.0
0.0,0.0,1.0,1.0,1.0,1.0,0.0,0.0,0.0,3.0,1.0,4.0,567.74793094449,1.0
0.0,0.0,1.0,1.0,1.0,2.0,0.0,0.0,0.0,3.0,2.0,4.0,412.8464811197478,1.0
0.0,1.0,1.0,2.0,2.0,3.0,0.0,0.0,0.0,2.0,4.0,4.0,403.58038383084363,1.0
0.0,0.0,1.0,1.0,3.0,3.0,0.0,0.0,0.0,3.0,4.0,4.0,0.0,0.0
0.0,0.0,1.0,1.0,3.0,2.0,0.0,1.0,0.0,2.0,2.0,4.0,133.55234163269085,1.0
0.0,0.0,1.0,1.0,1.0,3.0,1.0,0.0,0.0,3.0,2.0,4.0,0.0,1.0
0.0,0.0,1.0,1.0,1.0,1.0,0.0,0.0,0.0,3.0,1.0,4.0,306.30746596541246,0.0
0.0,0.0,1.0,1.0,1.0,2.0,1.0,0.0,0.0,3.0,2.0,4.0,233.98325533175915,1.0
0.0,0.0,1.0,1.0,1.0,1.0,1.0,0.0,0.0,3.0,1.0,4.0,156.38402390798228,1.0
0.0,0.0,1.0,1.0,1.0,3.0,1.0,1.0,1.0,1.0,3.0,2.0,0.0,1.0
0.0,0.0,1.0,1.0,1.0,1.0,1.0,0.0,0.0,2.0,2.0,4.0,100.39450682135671,1.0
0.0,0.0,1.0,1.0,2.0,2.0,1.0,0.0,0.0,2.0,1.0,4.0,194.43277976408703,1.0
1.0,1.0,1.0,1.0,1.0,3.0,1.0,1.0,1.0,3.0,1.0,4.0,335.0655744828167,0.0
1.0,0.0,1.0,1.0,3.0,3.0,1.0,0.0,0.0,2.0,3.0,4.0,0.0,1.0
1.0,1.0,1.0,1.0,1.0,2.0,1.0,1.0,1.0,2.0,1.0,4.0,30.0,0.0
0.0,0.0,1.0,1.0,1.0,1.0,0.0,0.0,0.0,3.0,1.0,3.0,25.26211236086594,0.0
0.0,0.0,1.0,1.0,1.0,1.0,0.0,0.0,0.0,3.0,1.0,4.0,243.72886005763462,1.0
0.0,0.0,1.0,2.0,3.0,3.0,1.0,0.0,0.0,3.0,1.0,4.0,304.0564961288925,0.0
1.0,0.0,1.0,1.0,1.0,1.0,1.0,1.0,1.0,1.0,2.0,4.0,228.44167320611638,0.0
1.0,0.0,1.0,1.0,1.0,3.0,1.0,1.0,1.0,1.0,2.0,4.0,32.62421367746117,1.0
0.0,0.0,1.0,1.0,1.0,1.0,1.0,0.0,0.0,1.0,2.0,4.0,0.0,0.0
0.0,0.0,1.0,1.0,1.0,3.0,1.0,0.0,0.0,1.0,1.0,4.0,0.0,0.0
0.0,0.0,1.0,2.0,3.0,3.0,1.0,1.0,0.0,1.0,2.0,4.0,0.0,0.0
0.0,0.0,1.0,1.0,1.0,1.0,1.0,1.0,0.0,1.0,2.0,4.0,8.574682709916784,1.0
0.0,0.0,1.0,2.0,1.0,1.0,0.0,0.0,0.0,3.0,2.0,4.0,0.0,0.0
1.0,1.0,1.0,1.0,1.0,2.0,0.0,1.0,1.0,2.0,2.0,4.0,210.24085742059518,1.0
0.0,0.0,1.0,1.0,3.0,3.0,1.0,0.0,0.0,2.0,3.0,4.0,0.0,0.0
0.0,0.0,1.0,1.0,1.0,2.0,1.0,0.0,0.0,1.0,2.0,4.0,44.53629568476231,1.0
1.0,0.0,1.0,2.0,1.0,1.0,1.0,1.0,0.0,2.0,3.0,4.0,314.9944819853689,0.0
0.0,0.0,1.0,1.0,1.0,2.0,1.0,1.0,0.0,1.0,2.0,4.0,289.4551816782535,1.0
0.0,0.0,1.0,2.0,1.0,3.0,0.0,0.0,0.0,2.0,2.0,4.0,297.02500831822607,0.0
0.0,0.0,1.0,1.0,1.0,1.0,1.0,1.0,0.0,1.0,2.0,4.0,247.20781381704535,1.0
1.0,0.0,1.0,1.0,1.0,1.0,1.0,0.0,0.0,2.0,1.0,4.0,272.83081349735215,0.0
0.0,1.0,1.0,3.0,1.0,2.0,0.0,0.0,0.0,3.0,2.0,4.0,0.0,1.0
0.0,0.0,1.0,2.0,1.0,1.0,0.0,1.0,0.0,2.0,1.0,4.0,591.1334292442632,1.0
0.0,0.0,1.0,1.0,2.0,2.0,0.0,0.0,0.0,3.0,1.0,4.0,627.0466548271993,1.0
0.0,0.0,1.0,1.0,1.0,1.0,1.0,0.0,0.0,3.0,6.0,2.0,120.45706568680646,0.0
1.0,0.0,1.0,1.0,1.0,1.0,0.0,0.0,0.0,3.0,1.0,4.0,145.0767024152587,1.0
1.0,0.0,1.0,2.0,1.0,1.0,1.0,0.0,0.0,2.0,2.0,4.0,0.0,0.0
1.0,1.0,1.0,1.0,1.0,3.0,1.0,1.0,1.0,1.0,2.0,4.0,314.8401479764111,0.0
0.0,0.0,1.0,1.0,1.0,1.0,1.0,1.0,0.0,1.0,2.0,4.0,0.0,0.0
0.0,1.0,1.0,2.0,3.0,3.0,1.0,1.0,0.0,1.0,1.0,4.0,354.48431996717187,1.0
1.0,1.0,1.0,1.0,1.0,1.0,1.0,0.0,0.0,1.0,2.0,4.0,10.826619583228263,1.0
1.0,0.0,1.0,2.0,1.0,1.0,0.0,0.0,0.0,3.0,1.0,4.0,106.10087191563696,1.0
0.0,0.0,1.0,1.0,3.0,3.0,1.0,1.0,0.0,1.0,2.0,4.0,949.1913921007878,1.0
1.0,0.0,1.0,1.0,1.0,1.0,1.0,0.0,0.0,1.0,5.0,4.0,0.0,1.0
1.0,0.0,1.0,1.0,3.0,3.0,1.0,0.0,0.0,1.0,5.0,4.0,0.0,0.0
0.0,0.0,1.0,1.0,1.0,3.0,1.0,0.0,0.0,1.0,5.0,4.0,0.0,1.0
0.0,1.0,1.0,2.0,1.0,2.0,1.0,1.0,0.0,1.0,3.0,4.0,653.8586913711677,0.0
0.0,0.0,1.0,2.0,1.0,1.0,1.0,0.0,0.0,3.0,1.0,4.0,524.0444765601917,0.0
0.0,0.0,1.0,1.0,1.0,2.0,1.0,0.0,0.0,2.0,1.0,4.0,30.0,0.0
1.0,0.0,1.0,1.0,3.0,2.0,1.0,0.0,0.0,3.0,3.0,4.0,334.6671450578146,1.0
0.0,0.0,1.0,2.0,1.0,2.0,1.0,0.0,0.0,2.0,1.0,4.0,276.4921091639348,1.0
1.0,0.0,1.0,1.0,1.0,2.0,1.0,0.0,0.0,1.0,2.0,4.0,121.85189278349117,1.0
0.0,0.0,1.0,2.0,1.0,2.0,1.0,0.0,0.0,1.0,1.0,4.0,370.2082649027297,0.0
1.0,1.0,1.0,1.0,1.0,2.0,1.0,1.0,1.0,1.0,2.0,4.0,203.9047993880393,0.0
0.0,0.0,1.0,1.0,1.0,2.0,1.0,1.0,0.0,1.0,3.0,4.0,612.4721335776806,0.0
1.0,0.0,1.0,1.0,1.0,2.0,1.0,0.0,0.0,3.0,4.0,4.0,14.84880256925181,1.0
0.0,0.0,1.0,1.0,1.0,1.0,0.0,0.0,0.0,2.0,2.0,4.0,354.0651055542305,0.0
1.0,1.0,1.0,1.0,3.0,2.0,1.0,0.0,1.0,1.0,1.0,4.0,351.93852223461806,1.0
1.0,1.0,1.0,2.0,1.0,3.0,1.0,1.0,1.0,1.0,1.0,4.0,119.88225642678792,1.0
0.0,0.0,1.0,1.0,1.0,2.0,1.0,0.0,0.0,1.0,2.0,4.0,164.61704013724278,1.0
0.0,0.0,1.0,1.0,3.0,2.0,1.0,0.0,0.0,3.0,4.0,4.0,30.0,0.0
1.0,0.0,1.0,1.0,1.0,3.0,1.0,1.0,0.0,1.0,2.0,4.0,1193.6232913705082,0.0
0.0,0.0,1.0,1.0,1.0,3.0,1.0,0.0,0.0,2.0,3.0,4.0,216.53239166456524,1.0
1.0,0.0,1.0,1.0,3.0,3.0,1.0,0.0,0.0,3.0,2.0,4.0,759.4657105242961,1.0
0.0,0.0,1.0,1.0,1.0,2.0,1.0,0.0,0.0,1.0,5.0,3.0,259.3376135234375,1.0
0.0,0.0,1.0,2.0,1.0,1.0,0.0,0.0,0.0,2.0,2.0,4.0,181.8872089982348,1.0
0.0,0.0,1.0,1.0,1.0,1.0,1.0,1.0,0.0,1.0,3.0,4.0,49.26111910368859,1.0
0.0,1.0,1.0,1.0,1.0,1.0,1.0,0.0,0.0,3.0,2.0,4.0,13.64154067486761,1.0
0.0,0.0,1.0,2.0,1.0,2.0,1.0,0.0,0.0,3.0,1.0,4.0,470.90932589315895,1.0
1.0,1.0,1.0,1.0,1.0,1.0,1.0,1.0,1.0,1.0,2.0,3.0,0.0,0.0
0.0,0.0,1.0,1.0,1.0,1.0,1.0,1.0,0.0,1.0,2.0,4.0,46.98752899121065,1.0
1.0,0.0,1.0,1.0,1.0,1.0,1.0,1.0,1.0,1.0,2.0,4.0,229.7047788241597,0.0
1.0,0.0,1.0,2.0,1.0,1.0,1.0,1.0,0.0,3.0,2.0,4.0,4.619357688844058,1.0
0.0,0.0,1.0,1.0,1.0,1.0,1.0,1.0,1.0,1.0,2.0,4.0,212.20174383127392,1.0
1.0,0.0,1.0,1.0,1.0,2.0,1.0,1.0,1.0,1.0,3.0,4.0,63.71294562155538,1.0
1.0,0.0,1.0,1.0,1.0,2.0,1.0,0.0,0.0,1.0,2.0,4.0,311.4921091639348,0.0
0.0,0.0,1.0,1.0,1.0,2.0,0.0,0.0,0.0,3.0,1.0,4.0,330.25824977486366,0.0
0.0,0.0,1.0,1.0,3.0,2.0,1.0,0.0,0.0,3.0,1.0,4.0,302.83688348312364,1.0
1.0,0.0,1.0,1.0,1.0,1.0,1.0,0.0,0.0,1.0,3.0,4.0,159.80090504844912,1.0
0.0,0.0,1.0,1.0,2.0,2.0,1.0,0.0,0.0,1.0,2.0,4.0,406.8446089460031,1.0
0.0,0.0,1.0,2.0,3.0,2.0,1.0,0.0,0.0,2.0,3.0,4.0,70.78633708259783,1.0
1.0,0.0,1.0,1.0,1.0,1.0,1.0,1.0,0.0,2.0,2.0,4.0,35.240646743407986,1.0
1.0,1.0,1.0,1.0,2.0,1.0,0.0,0.0,0.0,3.0,1.0,4.0,454.0033706327469,1.0
1.0,0.0,1.0,1.0,3.0,2.0,1.0,0.0,0.0,3.0,1.0,4.0,358.40746069125726,0.0
0.0,0.0,1.0,1.0,3.0,3.0,1.0,0.0,0.0,1.0,2.0,4.0,308.017327142844,1.0
0.0,0.0,1.0,1.0,1.0,1.0,0.0,0.0,0.0,3.0,3.0,4.0,46.01313322872011,0.0
0.0,0.0,1.0,1.0,1.0,1.0,0.0,0.0,0.0,2.0,1.0,4.0,210.4333959660133,0.0
1.0,0.0,1.0,1.0,1.0,1.0,1.0,1.0,0.0,1.0,2.0,4.0,108.26619583228262,0.0
1.0,0.0,1.0,1.0,2.0,2.0,1.0,0.0,0.0,2.0,2.0,3.0,222.3590112477935,1.0
0.0,0.0,1.0,1.0,1.0,1.0,0.0,0.0,0.0,3.0,2.0,4.0,0.0,1.0
0.0,0.0,1.0,2.0,3.0,3.0,1.0,0.0,0.0,1.0,2.0,3.0,145.07670241525872,1.0
0.0,0.0,1.0,3.0,1.0,1.0,1.0,0.0,0.0,1.0,2.0,4.0,272.6864585695758,1.0
1.0,0.0,1.0,1.0,3.0,1.0,1.0,1.0,1.0,2.0,3.0,4.0,302.51018664817536,0.0
1.0,1.0,1.0,3.0,1.0,2.0,0.0,1.0,0.0,3.0,2.0,4.0,69.31391681927879,1.0
1.0,0.0,1.0,1.0,1.0,1.0,1.0,1.0,0.0,1.0,2.0,4.0,16.239929374842394,1.0
0.0,1.0,1.0,2.0,2.0,3.0,1.0,0.0,0.0,3.0,3.0,4.0,297.02500831822607,0.0
0.0,0.0,1.0,3.0,1.0,1.0,0.0,0.0,0.0,3.0,1.0,4.0,414.1181990584811,1.0
1.0,0.0,1.0,1.0,1.0,2.0,0.0,0.0,0.0,2.0,2.0,4.0,203.9047993880393,0.0
0.0,0.0,1.0,3.0,3.0,3.0,0.0,0.0,0.0,2.0,2.0,4.0,9.440812276575047,0.0
0.0,0.0,1.0,1.0,1.0,2.0,1.0,0.0,0.0,3.0,1.0,4.0,65.08431743543096,1.0
0.0,0.0,1.0,1.0,1.0,2.0,0.0,0.0,0.0,3.0,2.0,4.0,0.0,1.0
1.0,1.0,1.0,1.0,1.0,1.0,0.0,1.0,1.0,2.0,2.0,4.0,97.25913258933392,1.0
0.0,0.0,1.0,3.0,1.0,1.0,1.0,1.0,0.0,1.0,2.0,3.0,107.54442119340074,1.0
0.0,0.0,1.0,2.0,1.0,2.0,0.0,0.0,0.0,3.0,1.0,4.0,30.0,0.0
0.0,0.0,1.0,2.0,1.0,1.0,1.0,0.0,0.0,3.0,1.0,3.0,150.12912488743189,1.0
0.0,0.0,1.0,1.0,1.0,1.0,0.0,0.0,0.0,3.0,1.0,4.0,319.02439038579274,1.0
0.0,0.0,1.0,2.0,1.0,1.0,1.0,0.0,0.0,3.0,4.0,4.0,310.0743848636575,0.0
0.0,0.0,1.0,2.0,1.0,2.0,1.0,1.0,1.0,1.0,2.0,3.0,227.41143371996662,1.0
0.0,0.0,1.0,1.0,1.0,1.0,1.0,0.0,0.0,1.0,3.0,4.0,0.0,0.0
0.0,0.0,1.0,1.0,1.0,2.0,1.0,0.0,0.0,1.0,2.0,4.0,0.0,1.0
0.0,0.0,1.0,1.0,1.0,1.0,1.0,1.0,0.0,1.0,2.0,4.0,178.63922312326628,1.0
1.0,0.0,1.0,1.0,3.0,3.0,1.0,0.0,0.0,2.0,2.0,4.0,430.49526561471095,1.0
1.0,0.0,1.0,1.0,1.0,3.0,1.0,1.0,0.0,2.0,3.0,4.0,0.0,1.0
0.0,0.0,1.0,2.0,1.0,2.0,1.0,1.0,0.0,2.0,1.0,4.0,223.44462540333095,0.0
0.0,0.0,1.0,1.0,1.0,2.0,1.0,0.0,0.0,2.0,2.0,4.0,88.83070305464494,1.0
0.0,0.0,1.0,2.0,3.0,2.0,1.0,1.0,0.0,1.0,2.0,4.0,312.58084110802906,1.0
1.0,0.0,1.0,1.0,1.0,1.0,1.0,0.0,0.0,1.0,2.0,4.0,138.29202080976899,1.0
0.0,0.0,1.0,1.0,1.0,1.0,1.0,1.0,0.0,2.0,3.0,4.0,337.79053099672177,0.0
1.0,1.0,1.0,1.0,1.0,2.0,0.0,0.0,1.0,3.0,1.0,4.0,81.61295666582609,1.0
0.0,0.0,1.0,2.0,1.0,1.0,1.0,0.0,0.0,3.0,3.0,4.0,0.0,0.0
0.0,1.0,1.0,2.0,3.0,2.0,0.0,0.0,0.0,3.0,5.0,4.0,259.3376135234375,1.0
0.0,0.0,1.0,1.0,3.0,3.0,1.0,0.0,0.0,2.0,5.0,3.0,348.61715057995,0.0
1.0,1.0,1.0,2.0,1.0,2.0,1.0,1.0,1.0,1.0,2.0,4.0,303.7391017817258,1.0
0.0,0.0,1.0,2.0,1.0,1.0,1.0,1.0,0.0,1.0,2.0,4.0,168.3049640619786,0.0
0.0,0.0,1.0,1.0,1.0,2.0,1.0,1.0,1.0,1.0,5.0,4.0,259.3376135234375,1.0
0.0,1.0,1.0,3.0,1.0,1.0,1.0,1.0,0.0,1.0,6.0,4.0,4.677099659954608,1.0
1.0,0.0,1.0,2.0,2.0,2.0,1.0,0.0,0.0,2.0,2.0,4.0,359.04690063443775,0.0
0.0,0.0,1.0,1.0,1.0,2.0,0.0,0.0,0.0,3.0,1.0,4.0,536.6857964950825,0.0
0.0,0.0,1.0,2.0,1.0,2.0,0.0,0.0,0.0,3.0,1.0,3.0,8.100209695706196,1.0
0.0,0.0,1.0,1.0,1.0,1.0,1.0,0.0,0.0,3.0,3.0,4.0,0.0,0.0
0.0,0.0,1.0,1.0,1.0,1.0,1.0,0.0,0.0,2.0,1.0,4.0,472.9067433954105,0.0
0.0,0.0,1.0,1.0,3.0,2.0,0.0,0.0,0.0,3.0,4.0,4.0,259.3376135234375,1.0
1.0,1.0,1.0,1.0,1.0,2.0,1.0,0.0,0.0,1.0,2.0,3.0,219.4719126922659,1.0
0.0,0.0,1.0,2.0,1.0,1.0,1.0,0.0,0.0,1.0,2.0,4.0,168.3049640619786,0.0
0.0,0.0,1.0,1.0,1.0,3.0,0.0,1.0,1.0,2.0,1.0,4.0,606.7574331478193,1.0
0.0,0.0,1.0,1.0,1.0,1.0,1.0,1.0,1.0,1.0,3.0,4.0,356.55667160765086,0.0
1.0,0.0,0.0,1.0,3.0,1.0,1.0,1.0,0.0,1.0,2.0,1.0,422.1891745170189,1.0
1.0,0.0,1.0,1.0,1.0,1.0,0.0,0.0,0.0,3.0,1.0,3.0,205.01452520111368,1.0
1.0,1.0,1.0,1.0,3.0,2.0,1.0,1.0,1.0,2.0,2.0,4.0,362.3902109050731,0.0
1.0,0.0,1.0,1.0,1.0,2.0,0.0,0.0,0.0,2.0,2.0,4.0,30.0,0.0
1.0,1.0,1.0,3.0,3.0,3.0,1.0,1.0,1.0,1.0,2.0,4.0,51.42644302033425,1.0
0.0,0.0,0.0,2.0,1.0,3.0,1.0,0.0,1.0,1.0,2.0,1.0,420.48786024661365,1.0
1.0,0.0,1.0,1.0,2.0,2.0,1.0,0.0,0.0,3.0,1.0,4.0,333.6913057460464,1.0
1.0,0.0,1.0,1.0,1.0,2.0,0.0,0.0,0.0,3.0,1.0,4.0,114.23110035751588,0.0
1.0,0.0,1.0,1.0,1.0,2.0,1.0,0.0,0.0,1.0,2.0,4.0,177.9698709565576,1.0
0.0,0.0,1.0,1.0,1.0,2.0,1.0,0.0,0.0,2.0,6.0,4.0,581.264588620409,0.0
1.0,1.0,1.0,1.0,1.0,2.0,1.0,1.0,0.0,1.0,2.0,4.0,261.0750028774178,1.0
1.0,0.0,1.0,1.0,1.0,3.0,1.0,0.0,0.0,2.0,1.0,4.0,398.4196006628,1.0
1.0,1.0,1.0,1.0,1.0,1.0,1.0,0.0,0.0,1.0,2.0,4.0,119.81221579571222,1.0
0.0,1.0,1.0,1.0,1.0,3.0,0.0,0.0,0.0,3.0,2.0,3.0,0.0,0.0
0.0,0.0,1.0,1.0,1.0,2.0,1.0,0.0,0.0,3.0,2.0,4.0,419.03653035733555,0.0
0.0,0.0,1.0,2.0,1.0,1.0,1.0,0.0,0.0,2.0,2.0,4.0,191.4146342314756,1.0
1.0,0.0,1.0,1.0,1.0,1.0,1.0,0.0,0.0,2.0,1.0,4.0,242.516278664313,1.0
1.0,0.0,1.0,1.0,1.0,1.0,1.0,1.0,0.0,1.0,3.0,4.0,234.57675763661243,1.0
0.0,1.0,1.0,2.0,1.0,3.0,0.0,1.0,1.0,3.0,3.0,4.0,144.03734693526877,1.0
0.0,0.0,1.0,1.0,1.0,2.0,1.0,0.0,0.0,3.0,2.0,4.0,30.0,0.0
0.0,1.0,1.0,1.0,1.0,2.0,0.0,0.0,0.0,3.0,2.0,4.0,0.0,1.0
1.0,1.0,1.0,3.0,1.0,3.0,0.0,0.0,0.0,2.0,3.0,4.0,0.0,1.0
0.0,0.0,1.0,1.0,1.0,1.0,1.0,0.0,0.0,2.0,2.0,4.0,0.0,0.0
0.0,0.0,1.0,1.0,3.0,3.0,1.0,0.0,0.0,1.0,5.0,4.0,191.99205394258115,0.0
0.0,0.0,1.0,2.0,1.0,2.0,1.0,0.0,1.0,1.0,3.0,4.0,59.41838652020817,1.0
1.0,1.0,1.0,1.0,1.0,2.0,1.0,1.0,1.0,1.0,3.0,3.0,232.46385619213984,1.0
0.0,1.0,1.0,3.0,1.0,1.0,1.0,1.0,1.0,1.0,3.0,4.0,333.3516169675981,0.0
0.0,0.0,1.0,1.0,1.0,2.0,1.0,0.0,0.0,1.0,2.0,4.0,308.75543552195495,1.0
1.0,0.0,1.0,1.0,1.0,1.0,0.0,0.0,0.0,2.0,2.0,3.0,183.06009278641784,1.0
0.0,0.0,1.0,1.0,3.0,3.0,0.0,0.0,0.0,3.0,1.0,4.0,306.1226687157791,1.0
0.0,1.0,1.0,1.0,1.0,2.0,1.0,0.0,0.0,1.0,2.0,4.0,0.0,1.0
0.0,0.0,1.0,1.0,1.0,1.0,1.0,0.0,0.0,2.0,2.0,4.0,228.0276370269031,0.0
0.0,0.0,1.0,2.0,1.0,1.0,0.0,1.0,0.0,2.0,2.0,4.0,309.6413200803283,1.0
1.0,0.0,1.0,2.0,1.0,2.0,1.0,0.0,0.0,1.0,6.0,4.0,525.5043595781848,1.0
0.0,0.0,1.0,2.0,1.0,1.0,0.0,1.0,0.0,2.0,1.0,4.0,169.54486267335457,0.0
1.0,0.0,1.0,1.0,3.0,3.0,1.0,0.0,0.0,1.0,2.0,4.0,186.50628055943577,1.0
0.0,0.0,1.0,2.0,1.0,1.0,0.0,0.0,0.0,3.0,2.0,4.0,649.326509504115,1.0
0.0,0.0,1.0,2.0,1.0,3.0,0.0,0.0,0.0,3.0,1.0,4.0,319.3671125866854,1.0
1.0,0.0,1.0,1.0,1.0,1.0,0.0,0.0,0.0,2.0,2.0,4.0,0.0,0.0
0.0,0.0,1.0,1.0,1.0,1.0,0.0,0.0,0.0,2.0,2.0,4.0,238.62506714125388,1.0
1.0,0.0,1.0,1.0,1.0,3.0,0.0,0.0,0.0,2.0,1.0,4.0,48.92138941916991,1.0
1.0,1.0,1.0,1.0,3.0,2.0,0.0,1.0,1.0,2.0,2.0,4.0,16.61411895592478,1.0
0.0,0.0,1.0,1.0,1.0,2.0,1.0,0.0,0.0,1.0,2.0,4.0,402.4301082403986,0.0
0.0,0.0,1.0,1.0,1.0,1.0,1.0,0.0,0.0,1.0,2.0,4.0,50.98307766915093,1.0
0.0,1.0,1.0,2.0,1.0,2.0,1.0,0.0,1.0,3.0,3.0,4.0,736.884790410878,0.0
1.0,0.0,1.0,1.0,1.0,2.0,1.0,1.0,0.0,3.0,3.0,4.0,138.41034170285386,1.0
0.0,0.0,1.0,1.0,1.0,2.0,1.0,0.0,0.0,1.0,2.0,4.0,259.3376135234375,1.0
0.0,0.0,1.0,1.0,3.0,3.0,1.0,1.0,0.0,1.0,2.0,4.0,297.02500831822607,0.0
0.0,0.0,1.0,1.0,1.0,2.0,1.0,0.0,0.0,1.0,1.0,4.0,670.5469313433101,1.0
0.0,0.0,1.0,2.0,1.0,1.0,1.0,1.0,0.0,3.0,1.0,4.0,289.5555653483322,1.0
1.0,0.0,1.0,1.0,3.0,3.0,0.0,0.0,0.0,3.0,1.0,4.0,0.5187755216963542,0.0
1.0,0.0,1.0,1.0,3.0,3.0,0.0,1.0,1.0,3.0,1.0,4.0,135.2976535638672,1.0
0.0,0.0,1.0,1.0,1.0,1.0,1.0,1.0,1.0,1.0,1.0,4.0,66.31304494727311,0.0
0.0,0.0,1.0,1.0,1.0,3.0,1.0,1.0,0.0,3.0,2.0,4.0,150.47184708832455,1.0
0.0,0.0,1.0,1.0,3.0,3.0,1.0,0.0,0.0,3.0,1.0,4.0,216.9900782073826,1.0
0.0,0.0,1.0,2.0,1.0,3.0,1.0,0.0,0.0,3.0,1.0,4.0,127.74198350136925,0.0
1.0,0.0,1.0,1.0,1.0,2.0,1.0,1.0,1.0,3.0,2.0,4.0,146.32970260109028,1.0
1.0,1.0,1.0,2.0,1.0,3.0,0.0,0.0,0.0,3.0,1.0,4.0,7.293640052522179,1.0
1.0,1.0,1.0,1.0,1.0,3.0,0.0,1.0,1.0,2.0,2.0,4.0,0.0,1.0
0.0,0.0,1.0,1.0,1.0,3.0,0.0,0.0,0.0,3.0,1.0,4.0,342.52716449008176,1.0
1.0,0.0,1.0,1.0,1.0,3.0,0.0,0.0,0.0,3.0,1.0,4.0,251.17029778246118,1.0
1.0,0.0,1.0,1.0,1.0,1.0,1.0,0.0,0.0,1.0,4.0,4.0,494.4792841515718,1.0
1.0,0.0,1.0,1.0,1.0,1.0,0.0,0.0,0.0,3.0,1.0,4.0,187.9501159648426,0.0
0.0,0.0,1.0,1.0,3.0,3.0,1.0,0.0,0.0,1.0,1.0,4.0,275.98857754246046,1.0
0.0,0.0,1.0,1.0,1.0,1.0,1.0,0.0,0.0,1.0,2.0,4.0,637.1407771838401,1.0
0.0,0.0,1.0,1.0,1.0,2.0,0.0,0.0,0.0,3.0,1.0,4.0,509.3077105306977,0.0
1.0,0.0,1.0,1.0,2.0,3.0,1.0,1.0,0.0,1.0,3.0,4.0,300.4386934345842,0.0
1.0,1.0,1.0,2.0,2.0,2.0,1.0,1.0,1.0,3.0,2.0,4.0,138.26619583228262,0.0
0.0,0.0,1.0,2.0,1.0,1.0,1.0,0.0,0.0,1.0,2.0,4.0,11.277728732529441,1.0
1.0,0.0,1.0,2.0,1.0,1.0,1.0,0.0,0.0,1.0,1.0,4.0,127.61859090782963,1.0
0.0,0.0,1.0,1.0,1.0,1.0,0.0,0.0,0.0,3.0,1.0,4.0,262.18246615679124,0.0
0.0,0.0,1.0,1.0,1.0,3.0,1.0,0.0,0.0,1.0,2.0,4.0,0.0,1.0
1.0,1.0,1.0,1.0,3.0,3.0,0.0,1.0,1.0,2.0,2.0,4.0,256.7081908735553,1.0
1.0,0.0,1.0,1.0,1.0,1.0,0.0,1.0,0.0,2.0,2.0,4.0,117.28837881830614,1.0
0.0,0.0,1.0,1.0,1.0,1.0,1.0,0.0,0.0,1.0,2.0,4.0,279.7461054391308,0.0
0.0,0.0,1.0,1.0,1.0,1.0,1.0,0.0,0.0,1.0,3.0,3.0,38.422371939736095,1.0
1.0,1.0,1.0,1.0,1.0,3.0,0.0,0.0,0.0,3.0,1.0,4.0,725.3148094198618,1.0
0.0,0.0,1.0,1.0,1.0,2.0,1.0,0.0,0.0,1.0,3.0,4.0,173.31025395694252,0.0
0.0,0.0,1.0,1.0,1.0,2.0,1.0,1.0,0.0,1.0,1.0,4.0,0.0,1.0
1.0,0.0,1.0,1.0,1.0,1.0,1.0,0.0,0.0,1.0,3.0,4.0,413.7421391368656,0.0
0.0,0.0,1.0,1.0,1.0,1.0,1.0,0.0,0.0,1.0,2.0,4.0,234.21977611212625,1.0
1.0,1.0,1.0,1.0,1.0,1.0,1.0,0.0,0.0,1.0,2.0,4.0,74.70367512427501,1.0
0.0,0.0,1.0,1.0,3.0,2.0,0.0,0.0,0.0,3.0,1.0,4.0,688.2261304450136,0.0
0.0,0.0,1.0,1.0,1.0,2.0,0.0,0.0,0.0,3.0,1.0,4.0,0.0,1.0
0.0,0.0,1.0,1.0,1.0,2.0,1.0,1.0,0.0,3.0,2.0,4.0,126.78332203093136,0.0
1.0,1.0,1.0,1.0,1.0,3.0,1.0,1.0,1.0,1.0,1.0,4.0,282.09691304786304,1.0
0.0,0.0,1.0,2.0,1.0,1.0,1.0,1.0,0.0,3.0,2.0,4.0,315.9485426136066,0.0
0.0,0.0,1.0,2.0,1.0,2.0,1.0,0.0,0.0,1.0,2.0,4.0,30.0,0.0
1.0,1.0,1.0,1.0,1.0,2.0,1.0,0.0,1.0,2.0,2.0,4.0,313.09393110140445,1.0
0.0,0.0,1.0,1.0,1.0,1.0,0.0,1.0,0.0,2.0,1.0,4.0,298.55348587090174,1.0
1.0,0.0,1.0,1.0,3.0,2.0,1.0,1.0,0.0,1.0,2.0,4.0,30.0,0.0
1.0,0.0,1.0,1.0,1.0,1.0,1.0,1.0,0.0,1.0,2.0,4.0,320.871142252842,0.0
1.0,0.0,1.0,1.0,3.0,2.0,1.0,1.0,0.0,3.0,2.0,4.0,250.07515738085783,1.0
0.0,0.0,1.0,1.0,1.0,2.0,1.0,1.0,0.0,3.0,2.0,4.0,30.0,0.0
0.0,0.0,1.0,1.0,3.0,2.0,0.0,0.0,0.0,2.0,1.0,4.0,15.094861149769358,1.0
1.0,1.0,1.0,2.0,1.0,1.0,1.0,0.0,1.0,2.0,2.0,4.0,80.59032795408592,0.0
0.0,0.0,1.0,1.0,1.0,2.0,0.0,0.0,0.0,2.0,2.0,4.0,300.8024050130265,0.0
1.0,0.0,1.0,1.0,3.0,3.0,1.0,0.0,0.0,1.0,2.0,3.0,164.02627920228213,1.0
0.0,0.0,1.0,1.0,3.0,3.0,1.0,1.0,0.0,1.0,2.0,4.0,347.64971703629874,1.0
0.0,1.0,1.0,1.0,1.0,3.0,1.0,0.0,0.0,1.0,2.0,3.0,12.63105618043297,0.0
0.0,0.0,1.0,1.0,1.0,1.0,0.0,0.0,0.0,3.0,2.0,3.0,87.69561862414893,0.0
0.0,0.0,1.0,1.0,2.0,3.0,1.0,0.0,0.0,1.0,2.0,4.0,97.2680576424785,1.0
0.0,0.0,1.0,1.0,1.0,1.0,0.0,0.0,0.0,3.0,2.0,4.0,0.0,1.0
0.0,0.0,1.0,2.0,1.0,2.0,1.0,0.0,0.0,1.0,2.0,3.0,653.5789327106384,1.0
1.0,0.0,1.0,1.0,1.0,2.0,1.0,0.0,0.0,1.0,2.0,4.0,0.0,1.0
1.0,1.0,1.0,1.0,1.0,1.0,0.0,0.0,0.0,3.0,3.0,4.0,35.80002208854145,1.0
0.0,0.0,1.0,2.0,1.0,3.0,0.0,0.0,0.0,3.0,1.0,4.0,98.73877059904176,0.0
0.0,0.0,1.0,2.0,1.0,1.0,1.0,1.0,0.0,1.0,2.0,3.0,1.623992937484239,1.0
1.0,0.0,1.0,1.0,2.0,1.0,1.0,1.0,0.0,1.0,2.0,3.0,136.0020115744435,1.0
0.0,0.0,1.0,2.0,1.0,1.0,1.0,0.0,0.0,1.0,2.0,2.0,91.56957126961285,1.0
0.0,1.0,1.0,2.0,1.0,2.0,1.0,0.0,0.0,1.0,2.0,3.0,440.4849999418349,0.0
0.0,0.0,1.0,1.0,1.0,1.0,1.0,0.0,0.0,1.0,2.0,3.0,0.0,1.0
0.0,0.0,1.0,1.0,3.0,3.0,0.0,0.0,0.0,3.0,2.0,4.0,255.2227043260998,0.0
0.0,0.0,1.0,1.0,1.0,1.0,1.0,0.0,0.0,1.0,3.0,3.0,247.02737015732492,1.0
1.0,1.0,1.0,1.0,3.0,3.0,1.0,0.0,0.0,1.0,2.0,4.0,0.0,1.0
0.0,1.0,1.0,1.0,1.0,2.0,0.0,0.0,0.0,2.0,2.0,4.0,276.8704118482706,0.0
1.0,0.0,1.0,1.0,3.0,2.0,1.0,0.0,0.0,1.0,1.0,4.0,44.84756099778013,1.0
0.0,0.0,1.0,1.0,1.0,2.0,1.0,1.0,0.0,3.0,2.0,4.0,301.2161875618836,1.0
0.0,0.0,1.0,2.0,1.0,3.0,0.0,0.0,0.0,3.0,1.0,4.0,225.8589716034689,0.0
1.0,0.0,1.0,1.0,3.0,2.0,1.0,1.0,1.0,1.0,2.0,4.0,424.2650673053053,0.0
1.0,0.0,1.0,1.0,3.0,3.0,1.0,1.0,1.0,1.0,3.0,4.0,315.5196988562467,1.0
1.0,0.0,1.0,1.0,1.0,3.0,1.0,1.0,0.0,1.0,2.0,4.0,0.0,0.0
1.0,1.0,1.0,1.0,1.0,2.0,1.0,0.0,1.0,2.0,2.0,4.0,132.76075939432448,1.0
0.0,0.0,1.0,2.0,1.0,2.0,0.0,0.0,0.0,3.0,2.0,3.0,593.9094642050292,1.0
1.0,0.0,1.0,1.0,1.0,1.0,1.0,0.0,0.0,1.0,2.0,4.0,0.0,0.0
0.0,0.0,1.0,1.0,1.0,1.0,1.0,0.0,0.0,1.0,2.0,3.0,128.60941402916853,0.0
1.0,0.0,1.0,2.0,1.0,1.0,1.0,0.0,0.0,1.0,2.0,3.0,0.0,1.0
1.0,0.0,1.0,1.0,1.0,1.0,1.0,0.0,0.0,1.0,3.0,3.0,0.0,1.0
0.0,0.0,1.0,1.0,1.0,1.0,1.0,1.0,0.0,1.0,2.0,3.0,345.062048225728,0.0
0.0,0.0,1.0,2.0,1.0,2.0,0.0,0.0,0.0,3.0,1.0,4.0,175.4272796107319,1.0
0.0,0.0,1.0,1.0,1.0,1.0,1.0,0.0,0.0,1.0,2.0,3.0,231.7505062931848,1.0
1.0,0.0,1.0,1.0,3.0,2.0,1.0,1.0,1.0,3.0,2.0,4.0,76.18602303530075,1.0
0.0,0.0,1.0,1.0,1.0,1.0,1.0,1.0,0.0,3.0,1.0,3.0,692.8196527750422,0.0
0.0,0.0,1.0,2.0,1.0,2.0,0.0,0.0,0.0,3.0,1.0,4.0,282.0548081227675,0.0
1.0,0.0,1.0,1.0,3.0,3.0,1.0,1.0,0.0,1.0,1.0,4.0,537.948038846738,1.0
1.0,0.0,1.0,1.0,3.0,2.0,0.0,0.0,0.0,3.0,1.0,4.0,234.4987955170275,1.0
0.0,0.0,1.0,1.0,1.0,2.0,1.0,0.0,0.0,3.0,1.0,3.0,368.96989857038176,0.0
0.0,0.0,1.0,1.0,1.0,1.0,1.0,0.0,0.0,2.0,1.0,3.0,828.6140653406975,1.0
1.0,1.0,1.0,2.0,1.0,3.0,0.0,1.0,1.0,2.0,2.0,3.0,301.3065765070059,1.0
0.0,1.0,1.0,2.0,3.0,3.0,0.0,0.0,0.0,3.0,1.0,3.0,564.0258880168826,1.0
0.0,0.0,1.0,1.0,1.0,2.0,1.0,0.0,0.0,1.0,6.0,3.0,268.35581066734244,0.0
0.0,0.0,1.0,2.0,1.0,1.0,1.0,0.0,0.0,1.0,2.0,3.0,248.9200407208494,1.0
0.0,0.0,1.0,1.0,1.0,2.0,0.0,0.0,0.0,3.0,1.0,3.0,232.55302801146604,1.0
1.0,0.0,1.0,1.0,3.0,2.0,1.0,1.0,0.0,1.0,2.0,3.0,564.5810030877705,1.0
1.0,0.0,1.0,1.0,1.0,1.0,0.0,0.0,0.0,3.0,1.0,3.0,179.51548000467585,1.0
1.0,0.0,1.0,1.0,1.0,1.0,0.0,0.0,0.0,3.0,2.0,4.0,184.73859472085803,1.0
0.0,0.0,1.0,1.0,3.0,3.0,0.0,0.0,0.0,3.0,2.0,4.0,0.0,1.0
1.0,1.0,1.0,1.0,1.0,3.0,0.0,0.0,0.0,3.0,2.0,3.0,426.7254389780473,1.0
0.0,0.0,1.0,1.0,1.0,1.0,1.0,0.0,0.0,1.0,2.0,3.0,1542.9335258298997,1.0
1.0,0.0,1.0,1.0,1.0,1.0,1.0,0.0,0.0,1.0,2.0,3.0,0.0,0.0
1.0,0.0,1.0,1.0,1.0,1.0,0.0,0.0,0.0,3.0,3.0,3.0,300.1084663044546,1.0
1.0,0.0,1.0,2.0,1.0,2.0,1.0,1.0,0.0,3.0,2.0,3.0,30.0,0.0
0.0,0.0,1.0,1.0,1.0,1.0,1.0,0.0,0.0,1.0,2.0,4.0,246.93125253514845,0.0
0.0,1.0,1.0,3.0,3.0,3.0,1.0,1.0,1.0,1.0,1.0,3.0,1346.0871305450494,1.0
1.0,0.0,1.0,1.0,1.0,1.0,1.0,0.0,1.0,1.0,3.0,3.0,244.65413440001416,1.0
1.0,1.0,1.0,2.0,1.0,1.0,1.0,1.0,1.0,3.0,2.0,3.0,0.0,0.0
0.0,0.0,1.0,2.0,1.0,1.0,0.0,0.0,0.0,2.0,1.0,3.0,239.97202306225446,0.0
0.0,0.0,1.0,1.0,2.0,1.0,1.0,0.0,0.0,3.0,1.0,3.0,565.1010319216184,1.0
1.0,1.0,1.0,1.0,3.0,3.0,0.0,0.0,0.0,3.0,1.0,3.0,90.05565631322149,0.0
0.0,0.0,1.0,2.0,1.0,2.0,1.0,1.0,0.0,1.0,2.0,3.0,259.3376135234375,1.0
0.0,0.0,1.0,1.0,1.0,1.0,1.0,0.0,0.0,1.0,2.0,3.0,229.0352336310816,0.0
1.0,0.0,1.0,1.0,1.0,1.0,1.0,0.0,0.0,1.0,2.0,3.0,222.34609527411024,1.0
0.0,0.0,1.0,1.0,2.0,3.0,0.0,0.0,0.0,3.0,1.0,3.0,381.69043376193224,1.0
1.0,0.0,1.0,1.0,2.0,2.0,1.0,0.0,0.0,1.0,2.0,3.0,64.73540449619067,0.0
1.0,1.0,1.0,1.0,3.0,3.0,0.0,0.0,0.0,3.0,3.0,3.0,52.314225826158946,1.0
1.0,1.0,1.0,1.0,1.0,2.0,1.0,0.0,0.0,1.0,2.0,3.0,181.42559855938396,1.0
0.0,0.0,1.0,1.0,1.0,1.0,1.0,0.0,0.0,1.0,2.0,3.0,73.07968218679076,1.0
0.0,0.0,1.0,1.0,1.0,1.0,1.0,0.0,0.0,1.0,1.0,3.0,222.80051194749495,0.0
1.0,0.0,1.0,1.0,1.0,3.0,1.0,1.0,1.0,1.0,2.0,3.0,162.26638126472142,1.0
1.0,0.0,1.0,1.0,1.0,1.0,1.0,1.0,0.0,1.0,2.0,3.0,101.22889310318423,1.0
1.0,0.0,1.0,1.0,1.0,1.0,1.0,1.0,0.0,3.0,2.0,3.0,61.019908424544035,0.0
1.0,1.0,1.0,1.0,1.0,3.0,1.0,0.0,1.0,2.0,2.0,3.0,0.0,1.0
0.0,1.0,1.0,2.0,1.0,3.0,0.0,0.0,0.0,3.0,2.0,3.0,441.00058732499986,0.0
0.0,0.0,1.0,1.0,1.0,1.0,1.0,0.0,0.0,1.0,2.0,3.0,254.43154523861205,0.0
1.0,0.0,1.0,1.0,3.0,3.0,1.0,0.0,0.0,1.0,3.0,3.0,311.247166790173,1.0
0.0,0.0,1.0,1.0,1.0,1.0,0.0,0.0,0.0,3.0,1.0,3.0,365.05258686771754,1.0
0.0,0.0,1.0,1.0,1.0,1.0,1.0,0.0,0.0,1.0,2.0,3.0,65.14756108126016,1.0
0.0,0.0,1.0,2.0,3.0,3.0,0.0,0.0,0.0,3.0,1.0,3.0,640.7905583787266,1.0
1.0,0.0,1.0,1.0,3.0,3.0,0.0,0.0,0.0,3.0,1.0,3.0,235.58476410982607,0.0
0.0,0.0,1.0,1.0,1.0,1.0,1.0,0.0,0.0,1.0,1.0,3.0,285.1434012534648,0.0
0.0,0.0,1.0,1.0,3.0,3.0,1.0,0.0,0.0,1.0,2.0,3.0,511.7501890327517,1.0
0.0,0.0,1.0,1.0,1.0,1.0,0.0,0.0,0.0,3.0,2.0,3.0,0.0,1.0
1.0,0.0,1.0,1.0,1.0,2.0,1.0,0.0,0.0,1.0,2.0,3.0,31.945839327766443,1.0
1.0,0.0,1.0,1.0,1.0,3.0,1.0,0.0,0.0,1.0,1.0,3.0,338.882178386752,1.0
1.0,0.0,1.0,1.0,1.0,2.0,0.0,0.0,0.0,3.0,1.0,3.0,50.543510659175624,0.0
0.0,0.0,1.0,1.0,1.0,1.0,1.0,0.0,0.0,1.0,2.0,3.0,252.19062083647538,1.0
1.0,0.0,1.0,1.0,1.0,1.0,1.0,0.0,0.0,1.0,2.0,3.0,100.41724444645084,1.0
0.0,0.0,1.0,1.0,1.0,3.0,0.0,0.0,0.0,3.0,1.0,3.0,44.822205074565005,0.0
1.0,1.0,1.0,1.0,2.0,1.0,1.0,1.0,1.0,1.0,3.0,3.0,480.9698544066209,0.0
0.0,1.0,1.0,2.0,2.0,3.0,1.0,1.0,0.0,1.0,1.0,3.0,39.23106613945162,0.0
0.0,0.0,1.0,1.0,1.0,1.0,1.0,1.0,1.0,1.0,1.0,3.0,608.7510304597903,1.0
1.0,1.0,1.0,1.0,1.0,1.0,1.0,1.0,1.0,2.0,2.0,3.0,53.98874298836493,0.0
1.0,1.0,1.0,1.0,3.0,3.0,1.0,0.0,1.0,2.0,2.0,3.0,313.5679148094323,1.0
0.0,0.0,1.0,1.0,1.0,3.0,0.0,0.0,0.0,2.0,1.0,3.0,235.64776451440193,0.0
1.0,0.0,1.0,1.0,3.0,2.0,0.0,0.0,0.0,2.0,1.0,3.0,120.50331923803589,1.0
1.0,0.0,1.0,2.0,1.0,2.0,1.0,0.0,0.0,3.0,1.0,3.0,168.03045456678808,1.0
1.0,0.0,1.0,1.0,1.0,1.0,1.0,0.0,0.0,1.0,2.0,3.0,49.39248208796511,1.0
0.0,0.0,1.0,1.0,1.0,1.0,0.0,0.0,0.0,3.0,1.0,2.0,274.8043746789348,1.0
1.0,1.0,1.0,1.0,1.0,3.0,0.0,0.0,0.0,3.0,2.0,3.0,238.90485992062574,1.0
0.0,0.0,1.0,1.0,1.0,2.0,1.0,0.0,0.0,1.0,2.0,3.0,203.9047993880393,0.0
0.0,0.0,1.0,3.0,1.0,1.0,0.0,0.0,0.0,3.0,2.0,3.0,467.0566517886358,1.0
0.0,0.0,1.0,1.0,3.0,3.0,1.0,0.0,0.0,1.0,6.0,3.0,703.3927001959744,1.0
1.0,0.0,1.0,1.0,3.0,2.0,1.0,0.0,0.0,1.0,2.0,3.0,334.4235014833279,1.0
1.0,1.0,1.0,1.0,1.0,2.0,1.0,1.0,0.0,1.0,2.0,3.0,30.0,0.0
1.0,1.0,1.0,1.0,3.0,3.0,1.0,0.0,0.0,3.0,1.0,3.0,88.14358825196183,0.0
1.0,0.0,1.0,1.0,1.0,1.0,0.0,1.0,0.0,2.0,2.0,3.0,168.3049640619786,0.0
0.0,0.0,1.0,1.0,3.0,2.0,0.0,0.0,0.0,3.0,1.0,2.0,91.34338101625251,1.0
1.0,0.0,1.0,1.0,3.0,3.0,0.0,0.0,0.0,3.0,4.0,2.0,143.69474127835736,1.0
0.0,0.0,1.0,1.0,1.0,1.0,1.0,0.0,0.0,1.0,2.0,3.0,0.0,0.0
0.0,0.0,1.0,1.0,1.0,1.0,1.0,1.0,0.0,1.0,2.0,3.0,33.372574484799344,1.0
0.0,0.0,1.0,1.0,1.0,2.0,0.0,0.0,0.0,3.0,1.0,3.0,536.336565182879,1.0
0.0,0.0,1.0,1.0,3.0,2.0,0.0,0.0,0.0,3.0,2.0,3.0,276.44148108436224,0.0
1.0,0.0,1.0,2.0,1.0,1.0,1.0,1.0,0.0,1.0,2.0,3.0,172.90895829281897,0.0
0.0,0.0,1.0,1.0,1.0,1.0,0.0,0.0,0.0,2.0,4.0,3.0,470.61394101114604,1.0
1.0,0.0,1.0,1.0,1.0,1.0,1.0,0.0,0.0,2.0,2.0,3.0,362.1815577484874,1.0
1.0,0.0,1.0,1.0,1.0,1.0,1.0,1.0,1.0,1.0,2.0,3.0,133.3302076130632,1.0
0.0,0.0,1.0,1.0,1.0,1.0,1.0,0.0,0.0,1.0,2.0,3.0,0.0,1.0
1.0,0.0,1.0,2.0,1.0,1.0,1.0,1.0,0.0,3.0,2.0,3.0,783.8473838106123,1.0
0.0,1.0,1.0,2.0,1.0,2.0,1.0,0.0,0.0,1.0,2.0,3.0,0.0,1.0
0.0,0.0,1.0,1.0,1.0,3.0,0.0,0.0,0.0,2.0,1.0,3.0,377.33882516500705,1.0
0.0,0.0,1.0,1.0,1.0,2.0,1.0,0.0,0.0,1.0,2.0,3.0,70.33522793329666,1.0
1.0,0.0,1.0,1.0,3.0,2.0,0.0,0.0,0.0,3.0,2.0,3.0,122.02626645744023,0.0
0.0,0.0,1.0,1.0,1.0,1.0,1.0,0.0,0.0,1.0,2.0,2.0,86.53245264296928,0.0
0.0,0.0,1.0,1.0,1.0,2.0,1.0,0.0,0.0,1.0,2.0,2.0,278.1976551717107,0.0
0.0,1.0,1.0,1.0,1.0,2.0,1.0,0.0,0.0,1.0,2.0,3.0,0.0,1.0
0.0,0.0,1.0,1.0,3.0,3.0,0.0,0.0,0.0,3.0,1.0,3.0,199.86996585335459,1.0
1.0,0.0,1.0,2.0,1.0,1.0,1.0,0.0,0.0,1.0,2.0,3.0,0.0,1.0
0.0,0.0,1.0,1.0,1.0,2.0,0.0,1.0,0.0,2.0,2.0,3.0,294.80319994212437,1.0
0.0,0.0,1.0,2.0,2.0,2.0,1.0,0.0,0.0,3.0,1.0,3.0,0.0,1.0
0.0,0.0,1.0,1.0,1.0,3.0,0.0,1.0,0.0,2.0,2.0,3.0,509.5434948466433,0.0
0.0,0.0,1.0,1.0,1.0,1.0,1.0,0.0,0.0,1.0,2.0,3.0,162.1855543720418,1.0
1.0,0.0,1.0,1.0,3.0,2.0,0.0,0.0,0.0,3.0,1.0,3.0,218.17968943456765,0.0
0.0,0.0,1.0,2.0,1.0,1.0,1.0,0.0,0.0,1.0,2.0,3.0,264.20773806862985,0.0
0.0,0.0,1.0,1.0,3.0,2.0,1.0,0.0,0.0,1.0,1.0,3.0,417.732380909808,1.0
0.0,0.0,1.0,2.0,1.0,2.0,1.0,0.0,0.0,1.0,2.0,3.0,362.5128715737626,0.0
0.0,0.0,1.0,1.0,1.0,1.0,1.0,0.0,0.0,1.0,2.0,3.0,123.57186069438777,0.0
0.0,0.0,1.0,1.0,1.0,2.0,1.0,0.0,0.0,1.0,2.0,3.0,122.42932430141465,1.0
1.0,0.0,1.0,1.0,1.0,2.0,1.0,0.0,0.0,1.0,2.0,3.0,387.5372108448215,1.0
1.0,1.0,1.0,1.0,1.0,2.0,0.0,0.0,0.0,3.0,1.0,3.0,483.13674476593314,1.0
1.0,0.0,1.0,1.0,1.0,1.0,1.0,0.0,0.0,3.0,4.0,3.0,0.0,1.0
0.0,0.0,1.0,1.0,1.0,3.0,1.0,0.0,0.0,1.0,2.0,3.0,40.59982343710598,0.0
0.0,1.0,1.0,1.0,1.0,1.0,0.0,1.0,0.0,2.0,2.0,3.0,383.4691320703199,1.0
1.0,0.0,1.0,1.0,1.0,2.0,1.0,1.0,0.0,2.0,1.0,3.0,30.0,0.0
1.0,0.0,1.0,1.0,3.0,2.0,0.0,0.0,0.0,3.0,2.0,2.0,267.2163421912762,1.0
1.0,0.0,1.0,2.0,1.0,1.0,1.0,0.0,0.0,1.0,1.0,3.0,80.64504643128254,0.0
1.0,0.0,1.0,3.0,1.0,1.0,1.0,0.0,0.0,1.0,2.0,2.0,0.0,0.0
1.0,1.0,1.0,1.0,1.0,3.0,1.0,0.0,0.0,1.0,2.0,3.0,362.43298449534984,1.0
0.0,0.0,1.0,2.0,1.0,3.0,1.0,0.0,0.0,1.0,1.0,3.0,453.1694725283655,0.0
1.0,0.0,1.0,1.0,3.0,3.0,0.0,0.0,0.0,3.0,3.0,3.0,112.59684366557393,1.0
1.0,1.0,1.0,2.0,1.0,2.0,1.0,1.0,1.0,3.0,2.0,3.0,313.3812550493439,0.0
1.0,1.0,1.0,1.0,1.0,2.0,0.0,0.0,0.0,2.0,1.0,3.0,180.96005286720361,1.0
0.0,0.0,1.0,1.0,1.0,1.0,1.0,0.0,0.0,1.0,2.0,3.0,257.14850070227334,0.0
0.0,0.0,1.0,1.0,3.0,3.0,0.0,0.0,0.0,3.0,1.0,3.0,249.00749280938913,0.0
0.0,1.0,1.0,1.0,3.0,3.0,1.0,0.0,0.0,1.0,2.0,3.0,285.86575476481903,1.0
0.0,0.0,1.0,2.0,1.0,2.0,1.0,1.0,0.0,3.0,2.0,3.0,405.6848344788311,1.0
1.0,1.0,1.0,2.0,1.0,3.0,0.0,0.0,0.0,3.0,1.0,3.0,142.69220008768156,1.0
1.0,0.0,1.0,1.0,1.0,1.0,1.0,1.0,0.0,3.0,2.0,3.0,0.0,1.0
1.0,1.0,1.0,1.0,3.0,3.0,1.0,1.0,1.0,1.0,2.0,3.0,7.059989058393483,1.0
0.0,0.0,1.0,1.0,3.0,3.0,1.0,0.0,0.0,3.0,2.0,3.0,0.0,0.0
0.0,0.0,1.0,1.0,3.0,3.0,1.0,0.0,0.0,1.0,2.0,2.0,453.2904333051511,1.0
0.0,0.0,1.0,1.0,3.0,3.0,1.0,0.0,0.0,1.0,2.0,3.0,488.703748407116,1.0
1.0,0.0,1.0,1.0,3.0,3.0,0.0,0.0,0.0,3.0,2.0,3.0,0.0,0.0
0.0,0.0,1.0,2.0,3.0,3.0,0.0,0.0,0.0,3.0,1.0,3.0,116.4212590873468,0.0
0.0,1.0,1.0,2.0,1.0,2.0,1.0,1.0,0.0,3.0,1.0,3.0,315.01569555069784,0.0
1.0,0.0,1.0,1.0,1.0,1.0,0.0,0.0,0.0,3.0,2.0,3.0,82.27689552274317,1.0
0.0,0.0,1.0,1.0,3.0,2.0,1.0,0.0,0.0,3.0,1.0,3.0,487.9179810506845,0.0
0.0,0.0,1.0,2.0,1.0,3.0,0.0,1.0,0.0,2.0,2.0,3.0,277.5353687261144,1.0
1.0,0.0,1.0,1.0,1.0,1.0,0.0,0.0,0.0,2.0,2.0,3.0,111.09554400860837,1.0
0.0,0.0,1.0,2.0,1.0,1.0,1.0,0.0,0.0,2.0,2.0,2.0,72.62578789114451,0.0
1.0,1.0,1.0,1.0,3.0,3.0,0.0,1.0,1.0,2.0,2.0,2.0,462.8574647919771,1.0
0.0,0.0,1.0,1.0,1.0,1.0,1.0,1.0,0.0,2.0,2.0,3.0,0.0,1.0
0.0,0.0,1.0,1.0,1.0,1.0,1.0,1.0,0.0,2.0,2.0,3.0,25.983886999747828,0.0
0.0,0.0,1.0,1.0,1.0,1.0,0.0,0.0,0.0,2.0,2.0,3.0,0.0,0.0
0.0,0.0,1.0,1.0,1.0,2.0,1.0,0.0,0.0,1.0,4.0,2.0,112.72234660705512,1.0
1.0,0.0,1.0,1.0,1.0,2.0,1.0,1.0,1.0,3.0,1.0,3.0,110.2671158192083,1.0
1.0,1.0,1.0,1.0,1.0,3.0,1.0,1.0,1.0,3.0,2.0,3.0,274.735945731726,0.0
0.0,0.0,1.0,1.0,1.0,1.0,1.0,0.0,0.0,1.0,2.0,2.0,37.028597183358166,0.0
0.0,0.0,1.0,2.0,3.0,2.0,1.0,1.0,1.0,3.0,1.0,3.0,370.2082649027297,0.0
0.0,1.0,1.0,2.0,2.0,3.0,1.0,0.0,0.0,1.0,1.0,2.0,469.1361901449061,1.0
1.0,0.0,1.0,1.0,3.0,2.0,1.0,0.0,0.0,1.0,3.0,2.0,831.600536293094,1.0
0.0,1.0,1.0,1.0,1.0,1.0,1.0,0.0,0.0,1.0,2.0,2.0,99.48296288093744,0.0
1.0,0.0,1.0,1.0,1.0,1.0,1.0,0.0,0.0,1.0,3.0,2.0,122.95159020715549,1.0
0.0,0.0,1.0,2.0,1.0,1.0,1.0,1.0,0.0,1.0,3.0,2.0,0.0,1.0
1.0,0.0,1.0,1.0,1.0,1.0,1.0,0.0,0.0,1.0,2.0,3.0,103.93554799899127,0.0
1.0,0.0,1.0,1.0,1.0,1.0,1.0,1.0,0.0,3.0,3.0,2.0,0.0,0.0
1.0,0.0,1.0,1.0,3.0,3.0,1.0,1.0,1.0,1.0,1.0,3.0,640.1146060212163,1.0
1.0,1.0,1.0,1.0,1.0,3.0,0.0,1.0,1.0,2.0,2.0,2.0,396.9446561701535,1.0
0.0,1.0,1.0,2.0,1.0,1.0,0.0,1.0,0.0,2.0,2.0,2.0,350.77893071104296,1.0
1.0,0.0,1.0,1.0,1.0,3.0,1.0,0.0,0.0,2.0,6.0,3.0,450.3972447067233,1.0
0.0,0.0,1.0,1.0,1.0,2.0,0.0,1.0,0.0,2.0,2.0,3.0,30.0,0.0
1.0,0.0,1.0,1.0,3.0,2.0,0.0,0.0,0.0,2.0,1.0,2.0,269.58100158885344,0.0
1.0,0.0,1.0,1.0,1.0,2.0,1.0,0.0,0.0,1.0,2.0,2.0,204.62139329276312,0.0
0.0,0.0,1.0,1.0,1.0,2.0,1.0,1.0,0.0,3.0,2.0,3.0,30.0,0.0
0.0,0.0,1.0,1.0,1.0,3.0,0.0,0.0,0.0,3.0,1.0,3.0,680.2985322880835,1.0
0.0,0.0,1.0,1.0,1.0,2.0,0.0,0.0,0.0,3.0,1.0,3.0,30.0,0.0
1.0,0.0,1.0,1.0,1.0,2.0,1.0,1.0,1.0,2.0,2.0,2.0,348.88993701003915,0.0
1.0,0.0,1.0,2.0,2.0,2.0,1.0,0.0,0.0,1.0,2.0,2.0,581.6059035007722,1.0
1.0,0.0,1.0,1.0,1.0,1.0,1.0,0.0,0.0,1.0,2.0,2.0,256.9889017726982,1.0
1.0,0.0,1.0,1.0,1.0,1.0,0.0,0.0,0.0,3.0,1.0,2.0,261.75929294770066,1.0
1.0,0.0,1.0,1.0,1.0,2.0,1.0,0.0,0.0,3.0,2.0,2.0,280.285443328706,1.0
0.0,1.0,1.0,1.0,3.0,3.0,1.0,0.0,0.0,3.0,1.0,2.0,397.76770954932,0.0
1.0,0.0,1.0,1.0,1.0,3.0,0.0,0.0,0.0,2.0,2.0,2.0,0.0,0.0
1.0,1.0,1.0,1.0,3.0,3.0,1.0,1.0,1.0,2.0,2.0,2.0,122.81858060725976,0.0
1.0,1.0,1.0,1.0,1.0,3.0,0.0,1.0,1.0,2.0,1.0,2.0,0.0,1.0
1.0,0.0,1.0,1.0,3.0,3.0,1.0,1.0,1.0,3.0,2.0,2.0,340.3307073092202,0.0
1.0,0.0,1.0,1.0,3.0,3.0,1.0,1.0,1.0,3.0,1.0,2.0,445.3704457569156,1.0
1.0,0.0,1.0,1.0,1.0,3.0,1.0,0.0,0.0,1.0,2.0,2.0,6.252372809314322,1.0
0.0,0.0,1.0,2.0,1.0,1.0,1.0,0.0,0.0,1.0,2.0,2.0,0.0,1.0
0.0,1.0,1.0,2.0,1.0,1.0,0.0,0.0,0.0,3.0,1.0,2.0,476.35741415332774,0.0
0.0,0.0,1.0,1.0,1.0,3.0,1.0,0.0,0.0,3.0,3.0,2.0,321.42344579204126,0.0
0.0,0.0,1.0,2.0,3.0,2.0,0.0,0.0,0.0,3.0,1.0,2.0,153.29115714413584,0.0
1.0,0.0,1.0,1.0,3.0,3.0,1.0,0.0,0.0,1.0,2.0,2.0,251.3821996358592,0.0
0.0,1.0,1.0,1.0,1.0,3.0,1.0,0.0,0.0,1.0,2.0,2.0,366.4270500277238,1.0
0.0,0.0,1.0,1.0,1.0,1.0,1.0,1.0,0.0,3.0,2.0,2.0,281.570634192101,1.0
1.0,0.0,1.0,1.0,3.0,3.0,0.0,1.0,0.0,2.0,2.0,2.0,388.8225127154234,1.0
1.0,1.0,1.0,1.0,1.0,3.0,0.0,1.0,1.0,2.0,2.0,2.0,333.8347355592832,1.0
0.0,0.0,1.0,2.0,1.0,1.0,0.0,0.0,0.0,3.0,2.0,2.0,243.87110237040355,1.0
1.0,0.0,1.0,1.0,3.0,1.0,0.0,0.0,0.0,3.0,2.0,2.0,189.06344651237896,0.0
0.0,0.0,1.0,1.0,1.0,3.0,0.0,0.0,0.0,3.0,6.0,2.0,628.7274046277848,1.0
1.0,0.0,1.0,1.0,3.0,3.0,1.0,1.0,0.0,1.0,2.0,2.0,225.77975202503092,0.0
1.0,1.0,1.0,1.0,1.0,3.0,0.0,0.0,1.0,3.0,2.0,2.0,0.0,1.0
1.0,0.0,1.0,1.0,1.0,2.0,0.0,0.0,0.0,3.0,1.0,2.0,86.29842183278697,0.0
0.0,0.0,1.0,2.0,1.0,1.0,0.0,0.0,0.0,3.0,1.0,2.0,364.32877534863053,1.0
0.0,0.0,1.0,2.0,1.0,1.0,1.0,0.0,0.0,1.0,2.0,2.0,0.0,0.0
0.0,0.0,1.0,1.0,1.0,1.0,1.0,0.0,0.0,1.0,3.0,2.0,200.94320396391527,0.0
0.0,0.0,1.0,1.0,1.0,1.0,0.0,1.0,0.0,2.0,2.0,2.0,0.0,0.0
1.0,1.0,1.0,1.0,1.0,3.0,0.0,1.0,1.0,2.0,2.0,2.0,100.58611046471104,1.0
1.0,0.0,1.0,2.0,1.0,1.0,0.0,0.0,0.0,3.0,1.0,2.0,0.0,0.0
0.0,0.0,1.0,2.0,1.0,1.0,0.0,0.0,0.0,3.0,1.0,2.0,474.1945945546307,1.0
1.0,1.0,1.0,1.0,1.0,1.0,0.0,0.0,0.0,3.0,2.0,2.0,0.0,1.0
0.0,0.0,1.0,1.0,1.0,1.0,0.0,0.0,0.0,3.0,1.0,2.0,207.99310676710462,0.0
0.0,0.0,1.0,1.0,1.0,1.0,0.0,0.0,0.0,3.0,1.0,2.0,73.56327119484162,0.0
0.0,0.0,1.0,1.0,1.0,2.0,0.0,0.0,0.0,3.0,1.0,2.0,225.848813666181,1.0
1.0,0.0,1.0,1.0,3.0,3.0,0.0,0.0,0.0,3.0,1.0,2.0,219.65177795658482,1.0
0.0,0.0,1.0,1.0,1.0,1.0,1.0,0.0,0.0,1.0,3.0,2.0,136.95287894594875,1.0
0.0,0.0,0.0,1.0,1.0,1.0,0.0,0.0,0.0,3.0,1.0,1.0,286.16732037176325,0.0
0.0,0.0,1.0,1.0,1.0,1.0,0.0,0.0,0.0,2.0,2.0,2.0,229.0352336310816,0.0
1.0,0.0,1.0,1.0,3.0,2.0,0.0,0.0,0.0,2.0,2.0,2.0,370.51214847439866,0.0
1.0,0.0,1.0,1.0,1.0,1.0,1.0,1.0,0.0,3.0,1.0,2.0,0.0,0.0
1.0,1.0,1.0,2.0,1.0,3.0,1.0,1.0,1.0,3.0,2.0,2.0,0.0,0.0
0.0,0.0,1.0,2.0,1.0,1.0,1.0,0.0,0.0,1.0,2.0,2.0,54.889102771051554,1.0
0.0,0.0,1.0,2.0,1.0,1.0,0.0,0.0,0.0,3.0,1.0,2.0,168.3049640619786,0.0
0.0,0.0,1.0,2.0,1.0,1.0,0.0,1.0,0.0,2.0,2.0,2.0,194.8486182936837,0.0
0.0,0.0,1.0,3.0,1.0,1.0,1.0,1.0,0.0,3.0,2.0,2.0,103.19274697422924,1.0
1.0,0.0,1.0,1.0,1.0,1.0,0.0,0.0,0.0,3.0,4.0,2.0,0.0,1.0
1.0,0.0,1.0,1.0,3.0,3.0,1.0,0.0,0.0,2.0,1.0,2.0,290.50357016360545,1.0
1.0,0.0,1.0,1.0,1.0,1.0,1.0,0.0,0.0,1.0,2.0,2.0,75.74639482382204,0.0
0.0,0.0,1.0,1.0,1.0,3.0,1.0,0.0,0.0,1.0,2.0,2.0,287.96198466588953,1.0
0.0,0.0,1.0,2.0,3.0,2.0,1.0,0.0,0.0,1.0,1.0,2.0,41.289810003586815,1.0
0.0,0.0,1.0,2.0,1.0,2.0,1.0,0.0,0.0,3.0,1.0,2.0,203.9047993880393,0.0
1.0,0.0,1.0,1.0,1.0,1.0,1.0,0.0,0.0,1.0,2.0,2.0,217.6073885641867,1.0
1.0,0.0,1.0,1.0,3.0,3.0,1.0,0.0,0.0,1.0,3.0,2.0,264.34780896434575,1.0
0.0,0.0,1.0,1.0,1.0,2.0,0.0,0.0,0.0,3.0,1.0,2.0,269.33822605348286,0.0
0.0,0.0,1.0,1.0,1.0,1.0,0.0,0.0,0.0,3.0,2.0,2.0,212.74449231100817,1.0
0.0,0.0,1.0,1.0,1.0,1.0,1.0,0.0,0.0,1.0,2.0,2.0,229.0352336310816,0.0
1.0,0.0,1.0,1.0,1.0,3.0,1.0,0.0,0.0,1.0,1.0,2.0,309.65329014582414,1.0
1.0,0.0,1.0,1.0,1.0,2.0,1.0,0.0,0.0,1.0,2.0,2.0,30.0,0.0
1.0,1.0,1.0,2.0,1.0,1.0,0.0,0.0,0.0,3.0,2.0,2.0,303.9769772844287,0.0
0.0,0.0,1.0,1.0,3.0,3.0,0.0,0.0,0.0,3.0,4.0,2.0,231.76959083955666,0.0
0.0,0.0,1.0,2.0,2.0,1.0,1.0,0.0,0.0,1.0,2.0,2.0,0.0,1.0
0.0,0.0,1.0,1.0,2.0,3.0,1.0,0.0,0.0,2.0,3.0,2.0,302.83874634629075,1.0
1.0,0.0,1.0,1.0,1.0,1.0,1.0,0.0,0.0,2.0,2.0,2.0,118.10726227875404,1.0
0.0,0.0,0.0,1.0,1.0,1.0,0.0,0.0,0.0,3.0,1.0,1.0,161.86123878575103,0.0
1.0,0.0,1.0,1.0,1.0,1.0,0.0,0.0,0.0,3.0,2.0,2.0,162.52167202578232,1.0
0.0,0.0,1.0,1.0,1.0,2.0,0.0,0.0,0.0,3.0,1.0,2.0,548.5463770445908,0.0
0.0,0.0,1.0,1.0,1.0,3.0,1.0,0.0,0.0,1.0,1.0,2.0,171.33877819503365,1.0
0.0,0.0,0.0,1.0,1.0,1.0,1.0,0.0,0.0,1.0,2.0,1.0,0.0,1.0
1.0,0.0,1.0,1.0,1.0,2.0,0.0,0.0,0.0,3.0,2.0,2.0,306.1846525345602,1.0
1.0,0.0,1.0,1.0,1.0,1.0,0.0,0.0,0.0,3.0,2.0,2.0,181.17757005411812,0.0
1.0,1.0,1.0,1.0,3.0,3.0,1.0,1.0,1.0,3.0,2.0,2.0,302.91938686414784,0.0
1.0,0.0,1.0,1.0,1.0,1.0,1.0,0.0,0.0,2.0,2.0,2.0,0.0,1.0
0.0,1.0,1.0,2.0,1.0,1.0,0.0,1.0,0.0,2.0,2.0,2.0,0.0,0.0
0.0,0.0,1.0,1.0,2.0,3.0,1.0,0.0,0.0,1.0,1.0,2.0,555.8446764176505,1.0
0.0,0.0,1.0,1.0,1.0,3.0,0.0,0.0,0.0,3.0,1.0,2.0,0.0,0.0
1.0,0.0,1.0,1.0,1.0,1.0,0.0,1.0,0.0,2.0,2.0,2.0,0.0,1.0
1.0,1.0,1.0,1.0,1.0,2.0,1.0,1.0,1.0,2.0,2.0,2.0,36.29074793078002,0.0
1.0,1.0,1.0,1.0,1.0,1.0,0.0,1.0,1.0,2.0,2.0,2.0,186.7327276271174,1.0
1.0,0.0,0.0,1.0,3.0,2.0,0.0,0.0,0.0,3.0,1.0,1.0,359.07176203887366,1.0
0.0,1.0,1.0,2.0,1.0,3.0,0.0,0.0,0.0,3.0,1.0,2.0,0.0,0.0
0.0,0.0,1.0,2.0,1.0,2.0,1.0,1.0,0.0,1.0,2.0,2.0,99.59326602735396,0.0
0.0,0.0,1.0,1.0,3.0,3.0,0.0,0.0,0.0,3.0,1.0,2.0,126.0202349380137,1.0
0.0,0.0,1.0,3.0,1.0,2.0,0.0,0.0,0.0,3.0,1.0,2.0,30.0,0.0
0.0,0.0,1.0,1.0,1.0,1.0,1.0,0.0,0.0,1.0,2.0,2.0,0.0,0.0
0.0,0.0,1.0,1.0,1.0,1.0,0.0,0.0,0.0,3.0,1.0,2.0,203.20570600746262,1.0
1.0,0.0,1.0,1.0,1.0,1.0,1.0,0.0,0.0,1.0,2.0,2.0,13.381701804870131,0.0
1.0,1.0,1.0,1.0,3.0,3.0,0.0,1.0,1.0,2.0,2.0,2.0,419.4798379982202,1.0
0.0,0.0,1.0,1.0,3.0,2.0,0.0,0.0,0.0,2.0,2.0,2.0,30.0,0.0
0.0,0.0,1.0,1.0,3.0,3.0,0.0,0.0,0.0,3.0,1.0,2.0,375.5643237739323,1.0
1.0,1.0,0.0,1.0,1.0,1.0,1.0,0.0,0.0,1.0,2.0,1.0,52.9130950712937,1.0
1.0,0.0,1.0,1.0,1.0,1.0,1.0,0.0,0.0,1.0,2.0,2.0,256.5864146635181,0.0
1.0,0.0,1.0,2.0,1.0,1.0,0.0,0.0,0.0,3.0,1.0,2.0,39.131356183862174,0.0
1.0,0.0,1.0,2.0,1.0,1.0,1.0,0.0,0.0,3.0,1.0,2.0,40.25200869877114,1.0
1.0,1.0,1.0,1.0,1.0,3.0,0.0,0.0,0.0,3.0,1.0,2.0,33.454254512175325,1.0
0.0,0.0,1.0,3.0,1.0,1.0,1.0,1.0,0.0,1.0,2.0,2.0,546.471812174803,1.0
1.0,0.0,1.0,1.0,1.0,1.0,0.0,1.0,0.0,2.0,2.0,2.0,0.0,1.0
0.0,0.0,1.0,1.0,1.0,1.0,0.0,1.0,0.0,2.0,1.0,2.0,0.0,0.0
1.0,1.0,1.0,1.0,1.0,3.0,1.0,0.0,0.0,2.0,2.0,2.0,152.52803329766496,0.0
0.0,0.0,1.0,1.0,1.0,2.0,1.0,0.0,0.0,2.0,1.0,2.0,203.9047993880393,0.0
0.0,0.0,1.0,1.0,1.0,1.0,0.0,0.0,0.0,3.0,1.0,2.0,202.50333548864063,0.0
1.0,0.0,1.0,1.0,1.0,1.0,1.0,0.0,0.0,1.0,2.0,2.0,379.0524361694703,1.0
0.0,0.0,1.0,1.0,1.0,2.0,1.0,0.0,0.0,1.0,2.0,2.0,73.38144881208359,0.0
0.0,0.0,1.0,1.0,1.0,1.0,1.0,0.0,0.0,1.0,2.0,2.0,145.23656593220244,1.0
0.0,0.0,1.0,2.0,1.0,1.0,1.0,0.0,0.0,1.0,2.0,2.0,255.8603944143924,1.0
0.0,1.0,1.0,3.0,1.0,1.0,0.0,0.0,0.0,3.0,2.0,2.0,0.0,1.0
0.0,1.0,1.0,1.0,1.0,3.0,1.0,0.0,0.0,1.0,2.0,2.0,1034.8131507426538,0.0
0.0,1.0,1.0,2.0,1.0,2.0,1.0,0.0,0.0,1.0,2.0,2.0,259.3376135234375,1.0
1.0,1.0,1.0,2.0,3.0,3.0,0.0,0.0,0.0,2.0,1.0,2.0,122.4373494076485,1.0
1.0,0.0,1.0,2.0,1.0,1.0,0.0,0.0,0.0,2.0,1.0,2.0,233.56529346943438,0.0
0.0,0.0,1.0,2.0,1.0,1.0,1.0,0.0,0.0,1.0,2.0,2.0,234.0381041615658,1.0
1.0,0.0,1.0,1.0,1.0,1.0,1.0,0.0,0.0,1.0,2.0,2.0,0.0,0.0
1.0,1.0,1.0,1.0,1.0,3.0,1.0,1.0,1.0,2.0,2.0,2.0,255.14687545171668,0.0
0.0,0.0,1.0,1.0,1.0,1.0,0.0,0.0,0.0,3.0,1.0,2.0,141.08221423976892,0.0
1.0,0.0,0.0,2.0,1.0,1.0,1.0,0.0,0.0,1.0,2.0,1.0,23.385498299773044,1.0
0.0,0.0,1.0,1.0,3.0,2.0,1.0,0.0,0.0,1.0,3.0,2.0,30.0,0.0
1.0,0.0,1.0,1.0,3.0,3.0,0.0,0.0,0.0,3.0,1.0,2.0,0.0,1.0
0.0,0.0,1.0,1.0,1.0,3.0,0.0,0.0,0.0,3.0,2.0,2.0,734.6093963325336,1.0
0.0,0.0,1.0,1.0,1.0,1.0,0.0,0.0,0.0,3.0,2.0,2.0,131.14836288763257,0.0
0.0,0.0,1.0,2.0,1.0,1.0,0.0,0.0,0.0,3.0,2.0,2.0,125.18652957654425,1.0
0.0,0.0,1.0,1.0,1.0,1.0,0.0,1.0,0.0,2.0,2.0,2.0,0.0,0.0
0.0,0.0,0.0,1.0,1.0,1.0,1.0,0.0,0.0,1.0,2.0,1.0,132.09977400233075,1.0
0.0,0.0,0.0,1.0,1.0,1.0,1.0,0.0,0.0,1.0,2.0,1.0,161.19152347625513,0.0
1.0,0.0,1.0,1.0,1.0,2.0,1.0,0.0,0.0,1.0,2.0,2.0,73.84780931207446,0.0
0.0,0.0,1.0,1.0,1.0,1.0,0.0,0.0,0.0,3.0,1.0,2.0,97.33667558066477,1.0
1.0,0.0,1.0,1.0,1.0,1.0,0.0,0.0,0.0,3.0,1.0,2.0,682.6572674354034,1.0
1.0,0.0,1.0,2.0,1.0,3.0,1.0,0.0,0.0,1.0,2.0,2.0,256.91413918815226,1.0
0.0,0.0,0.0,1.0,1.0,1.0,1.0,0.0,0.0,2.0,2.0,1.0,23.053423163841654,1.0
0.0,0.0,1.0,1.0,1.0,2.0,0.0,0.0,0.0,3.0,2.0,2.0,0.0,1.0
1.0,0.0,1.0,1.0,1.0,1.0,0.0,1.0,0.0,2.0,2.0,2.0,46.73942289470101,1.0
1.0,0.0,1.0,1.0,1.0,1.0,1.0,0.0,0.0,1.0,2.0,2.0,455.22580573372136,1.0
1.0,0.0,0.0,1.0,3.0,2.0,1.0,1.0,1.0,1.0,1.0,1.0,125.1411114698227,0.0
0.0,0.0,1.0,1.0,2.0,3.0,0.0,0.0,0.0,3.0,1.0,2.0,200.5647815254224,1.0
0.0,0.0,0.0,1.0,1.0,1.0,1.0,0.0,0.0,1.0,2.0,1.0,98.73877059904174,1.0
1.0,0.0,0.0,1.0,1.0,1.0,1.0,0.0,0.0,1.0,3.0,1.0,0.0,1.0
1.0,1.0,1.0,1.0,1.0,2.0,1.0,0.0,0.0,2.0,2.0,2.0,234.69966348009902,0.0
0.0,1.0,1.0,1.0,1.0,3.0,1.0,0.0,0.0,1.0,2.0,2.0,127.3427184288396,0.0
0.0,0.0,1.0,1.0,1.0,1.0,1.0,0.0,0.0,1.0,2.0,2.0,16.239929374842394,1.0
0.0,1.0,0.0,1.0,2.0,3.0,1.0,1.0,0.0,1.0,2.0,1.0,528.0510960985615,0.0
0.0,0.0,0.0,1.0,3.0,3.0,1.0,0.0,0.0,1.0,3.0,1.0,608.1058054926293,0.0
0.0,0.0,0.0,1.0,1.0,1.0,0.0,0.0,0.0,3.0,1.0,1.0,102.07457903298462,1.0
0.0,0.0,0.0,1.0,1.0,3.0,1.0,0.0,0.0,1.0,2.0,1.0,53.10096018254022,1.0
1.0,0.0,1.0,1.0,1.0,1.0,1.0,0.0,0.0,1.0,2.0,2.0,204.32396318868402,1.0
1.0,0.0,0.0,1.0,1.0,1.0,1.0,0.0,0.0,1.0,2.0,1.0,251.7305435707683,1.0
1.0,0.0,1.0,3.0,2.0,2.0,1.0,0.0,0.0,1.0,2.0,2.0,291.00605748533786,0.0
1.0,0.0,1.0,1.0,1.0,1.0,0.0,1.0,0.0,2.0,2.0,2.0,282.4032572288552,0.0
0.0,0.0,0.0,2.0,1.0,1.0,1.0,0.0,0.0,2.0,2.0,1.0,218.29396172047208,0.0
0.0,0.0,1.0,1.0,1.0,2.0,1.0,0.0,0.0,3.0,1.0,2.0,0.8644189409153089,1.0
1.0,1.0,1.0,1.0,3.0,3.0,0.0,1.0,1.0,2.0,2.0,2.0,128.07457313245362,1.0
0.0,0.0,1.0,2.0,1.0,2.0,0.0,0.0,0.0,3.0,2.0,2.0,234.43894827252126,1.0
0.0,0.0,0.0,1.0,3.0,2.0,0.0,0.0,0.0,3.0,1.0,1.0,530.8814431615576,0.0
1.0,0.0,0.0,1.0,1.0,1.0,1.0,0.0,0.0,2.0,2.0,1.0,0.0,1.0
0.0,0.0,0.0,2.0,1.0,2.0,1.0,0.0,0.0,1.0,1.0,1.0,129.99389615977287,0.0
1.0,1.0,1.0,1.0,1.0,3.0,0.0,0.0,0.0,2.0,2.0,2.0,0.0,1.0
1.0,0.0,1.0,1.0,1.0,1.0,1.0,1.0,0.0,1.0,2.0,2.0,0.0,1.0
0.0,0.0,0.0,1.0,1.0,1.0,0.0,0.0,0.0,3.0,1.0,1.0,182.34658932386697,1.0
1.0,0.0,1.0,1.0,1.0,1.0,1.0,0.0,0.0,1.0,2.0,2.0,0.0,1.0
1.0,0.0,1.0,1.0,1.0,2.0,0.0,1.0,0.0,2.0,3.0,2.0,369.3397403011982,0.0
0.0,0.0,1.0,1.0,1.0,3.0,1.0,0.0,0.0,3.0,1.0,2.0,0.0,0.0
0.0,0.0,0.0,1.0,1.0,1.0,0.0,1.0,0.0,2.0,2.0,1.0,418.4609744452001,1.0
1.0,0.0,1.0,1.0,2.0,2.0,0.0,0.0,0.0,2.0,1.0,2.0,30.0,0.0
1.0,0.0,1.0,1.0,1.0,1.0,0.0,0.0,0.0,3.0,1.0,2.0,325.7081558236948,1.0
0.0,1.0,0.0,3.0,1.0,3.0,0.0,0.0,0.0,3.0,2.0,1.0,307.3206361658017,1.0
0.0,1.0,1.0,1.0,2.0,3.0,0.0,0.0,0.0,3.0,2.0,2.0,171.06714144798357,0.0
1.0,0.0,1.0,1.0,3.0,2.0,1.0,0.0,0.0,3.0,1.0,2.0,323.6088519655955,1.0
0.0,0.0,1.0,2.0,1.0,1.0,1.0,0.0,0.0,1.0,3.0,4.0,20.787109599798264,0.0
0.0,0.0,0.0,2.0,1.0,1.0,0.0,0.0,0.0,3.0,3.0,1.0,0.0,1.0
0.0,0.0,0.0,1.0,1.0,1.0,0.0,0.0,0.0,3.0,1.0,1.0,0.0,1.0
1.0,1.0,0.0,2.0,1.0,3.0,1.0,0.0,0.0,1.0,2.0,1.0,248.85346968825496,1.0
0.0,1.0,0.0,3.0,1.0,2.0,0.0,0.0,0.0,3.0,1.0,1.0,892.2500109586524,1.0
0.0,0.0,0.0,1.0,1.0,2.0,1.0,0.0,0.0,1.0,2.0,1.0,30.0,0.0
1.0,0.0,1.0,1.0,1.0,3.0,1.0,0.0,0.0,3.0,1.0,2.0,42.39185047306961,1.0
0.0,0.0,0.0,1.0,1.0,1.0,0.0,1.0,0.0,2.0,2.0,1.0,316.15166387943424,0.0
0.0,0.0,1.0,2.0,1.0,1.0,1.0,0.0,0.0,1.0,2.0,2.0,138.32053898304991,1.0
0.0,0.0,1.0,2.0,3.0,3.0,0.0,0.0,0.0,2.0,5.0,2.0,525.5898963157334,0.0
1.0,0.0,0.0,1.0,1.0,2.0,0.0,0.0,0.0,3.0,4.0,1.0,89.28023099273567,0.0
1.0,0.0,1.0,1.0,1.0,1.0,0.0,0.0,0.0,3.0,2.0,2.0,447.08133388778265,1.0
0.0,0.0,0.0,3.0,1.0,3.0,0.0,0.0,0.0,3.0,1.0,1.0,0.0,1.0
0.0,0.0,1.0,2.0,1.0,2.0,1.0,1.0,0.0,3.0,2.0,2.0,144.05294051917673,0.0
0.0,0.0,1.0,2.0,1.0,1.0,1.0,1.0,0.0,3.0,1.0,2.0,531.6612569810078,1.0
0.0,0.0,1.0,1.0,1.0,1.0,0.0,0.0,0.0,3.0,2.0,2.0,243.9820618173242,0.0
0.0,1.0,0.0,1.0,1.0,3.0,0.0,0.0,0.0,2.0,3.0,1.0,246.84272645546793,1.0
0.0,1.0,0.0,2.0,1.0,3.0,0.0,0.0,0.0,3.0,2.0,1.0,287.2101230199048,1.0
0.0,0.0,0.0,1.0,1.0,1.0,0.0,0.0,0.0,2.0,2.0,1.0,259.6259811123409,0.0
1.0,0.0,0.0,1.0,3.0,3.0,0.0,0.0,0.0,2.0,2.0,1.0,150.95382117853615,1.0
0.0,0.0,1.0,2.0,1.0,3.0,0.0,0.0,0.0,2.0,2.0,2.0,0.0,1.0
0.0,0.0,0.0,1.0,1.0,1.0,1.0,0.0,0.0,1.0,2.0,1.0,0.0,1.0
0.0,0.0,0.0,1.0,1.0,1.0,1.0,0.0,0.0,1.0,1.0,1.0,366.2425961435125,0.0
1.0,0.0,0.0,1.0,1.0,2.0,1.0,0.0,0.0,1.0,2.0,1.0,244.26810029340953,1.0
0.0,0.0,0.0,1.0,1.0,1.0,0.0,0.0,0.0,3.0,2.0,1.0,8.41632909156124,1.0
0.0,1.0,0.0,1.0,1.0,2.0,1.0,0.0,0.0,3.0,1.0,1.0,170.52049422211365,0.0
0.0,0.0,0.0,2.0,1.0,1.0,1.0,0.0,0.0,1.0,2.0,1.0,105.96773105305097,1.0
1.0,0.0,0.0,1.0,1.0,1.0,1.0,1.0,0.0,1.0,2.0,1.0,55.32821559321996,0.0
0.0,0.0,0.0,2.0,1.0,2.0,0.0,0.0,0.0,3.0,1.0,1.0,32.87348091202558,1.0
1.0,0.0,0.0,1.0,1.0,2.0,1.0,0.0,0.0,1.0,2.0,1.0,118.55441913729653,0.0
1.0,0.0,0.0,1.0,1.0,1.0,1.0,1.0,0.0,1.0,2.0,1.0,365.3380486478616,0.0
1.0,0.0,0.0,1.0,1.0,1.0,0.0,0.0,0.0,3.0,1.0,1.0,348.5968295036354,1.0
0.0,0.0,0.0,2.0,1.0,2.0,1.0,0.0,0.0,1.0,3.0,1.0,660.0604675274925,0.0
1.0,0.0,0.0,2.0,2.0,3.0,0.0,0.0,0.0,3.0,1.0,1.0,176.92013106199525,1.0
1.0,0.0,0.0,1.0,3.0,2.0,0.0,1.0,1.0,2.0,2.0,1.0,337.1061626615746,1.0
0.0,1.0,0.0,1.0,1.0,2.0,0.0,0.0,0.0,2.0,2.0,1.0,0.0,1.0
0.0,1.0,0.0,2.0,3.0,3.0,0.0,0.0,0.0,3.0,3.0,1.0,0.0,0.0
1.0,0.0,0.0,1.0,1.0,1.0,1.0,0.0,0.0,2.0,1.0,1.0,29.274188144560828,1.0
1.0,1.0,0.0,1.0,3.0,3.0,0.0,1.0,0.0,2.0,2.0,1.0,0.0,1.0
0.0,1.0,0.0,1.0,1.0,2.0,1.0,0.0,0.0,2.0,2.0,1.0,30.0,0.0
1.0,0.0,0.0,1.0,3.0,3.0,0.0,1.0,1.0,2.0,2.0,1.0,183.79927127483728,1.0
0.0,0.0,0.0,2.0,1.0,2.0,0.0,0.0,0.0,3.0,1.0,1.0,163.09409836828212,0.0
0.0,0.0,0.0,1.0,2.0,3.0,0.0,0.0,0.0,3.0,3.0,1.0,292.41931937417996,1.0
1.0,0.0,0.0,2.0,1.0,1.0,1.0,0.0,0.0,1.0,2.0,1.0,45.283509786117534,1.0
1.0,0.0,0.0,2.0,1.0,1.0,1.0,0.0,0.0,3.0,1.0,1.0,288.5184813043004,1.0
0.0,0.0,0.0,1.0,3.0,3.0,1.0,0.0,0.0,3.0,1.0,1.0,926.3973289415424,1.0
1.0,0.0,0.0,1.0,3.0,3.0,0.0,1.0,1.0,2.0,2.0,1.0,601.3607905112806,1.0
0.0,0.0,0.0,1.0,1.0,3.0,0.0,1.0,0.0,2.0,3.0,1.0,297.02500831822607,0.0
0.0,0.0,0.0,1.0,1.0,1.0,0.0,0.0,0.0,3.0,2.0,1.0,234.21977611212625,1.0
0.0,0.0,0.0,1.0,1.0,1.0,0.0,0.0,0.0,3.0,1.0,1.0,225.60707497257064,0.0
1.0,0.0,0.0,1.0,1.0,1.0,1.0,1.0,0.0,1.0,2.0,1.0,146.7153429362696,1.0
0.0,0.0,0.0,1.0,1.0,1.0,1.0,0.0,0.0,1.0,2.0,1.0,0.0,1.0
1.0,0.0,0.0,2.0,1.0,1.0,1.0,0.0,0.0,1.0,2.0,1.0,219.93988667678482,0.0
1.0,0.0,0.0,1.0,1.0,2.0,1.0,0.0,0.0,1.0,2.0,1.0,496.8128411428071,1.0
1.0,1.0,0.0,1.0,1.0,3.0,0.0,1.0,1.0,2.0,3.0,1.0,26.017434713478437,1.0
0.0,0.0,0.0,1.0,1.0,2.0,0.0,1.0,0.0,2.0,1.0,1.0,231.6418813184746,1.0
1.0,0.0,0.0,1.0,1.0,1.0,0.0,1.0,0.0,2.0,2.0,1.0,42.6955634040542,0.0
1.0,0.0,0.0,1.0,3.0,2.0,0.0,0.0,0.0,2.0,1.0,1.0,218.49424517712902,1.0
1.0,0.0,0.0,1.0,3.0,2.0,1.0,1.0,0.0,1.0,2.0,1.0,388.1205105785227,1.0
1.0,1.0,0.0,1.0,3.0,2.0,1.0,0.0,0.0,1.0,2.0,1.0,22.444551385525777,1.0
0.0,0.0,0.0,1.0,1.0,1.0,0.0,0.0,0.0,3.0,1.0,1.0,0.0,0.0
1.0,1.0,0.0,1.0,3.0,2.0,1.0,1.0,0.0,3.0,2.0,1.0,434.5829227915498,1.0
0.0,0.0,0.0,1.0,1.0,2.0,1.0,0.0,0.0,1.0,2.0,1.0,138.48643589588107,0.0
1.0,1.0,0.0,1.0,3.0,3.0,1.0,1.0,0.0,3.0,2.0,1.0,238.90485992062574,1.0
1.0,0.0,0.0,1.0,1.0,1.0,1.0,0.0,0.0,1.0,2.0,1.0,33.66531636624496,1.0
0.0,0.0,0.0,2.0,1.0,1.0,1.0,0.0,0.0,2.0,2.0,1.0,44.27720956864826,1.0
1.0,0.0,0.0,1.0,1.0,1.0,1.0,0.0,0.0,2.0,3.0,1.0,1800.0423900585106,1.0
0.0,0.0,0.0,2.0,1.0,2.0,0.0,1.0,0.0,2.0,2.0,1.0,30.0,0.0
1.0,0.0,0.0,2.0,1.0,1.0,0.0,0.0,0.0,2.0,3.0,1.0,0.0,1.0
1.0,0.0,0.0,1.0,1.0,1.0,1.0,0.0,0.0,1.0,2.0,1.0,197.72332676494358,1.0
0.0,0.0,0.0,2.0,2.0,3.0,0.0,0.0,0.0,3.0,1.0,1.0,219.60903267012017,1.0
1.0,0.0,0.0,1.0,1.0,3.0,1.0,0.0,0.0,1.0,3.0,1.0,304.29027566771845,1.0
1.0,0.0,0.0,2.0,1.0,1.0,1.0,0.0,0.0,1.0,2.0,1.0,0.0,0.0
0.0,1.0,0.0,2.0,1.0,3.0,0.0,0.0,0.0,3.0,1.0,1.0,307.85617733569956,1.0
0.0,0.0,0.0,2.0,1.0,2.0,0.0,0.0,0.0,3.0,1.0,1.0,8.941832103847096,1.0
0.0,0.0,0.0,2.0,1.0,1.0,0.0,0.0,0.0,3.0,1.0,1.0,0.0,0.0
1.0,0.0,0.0,2.0,1.0,2.0,1.0,0.0,0.0,1.0,2.0,1.0,335.951859790743,1.0
0.0,1.0,0.0,1.0,3.0,3.0,1.0,0.0,0.0,1.0,2.0,1.0,39.520153995157116,1.0
1.0,0.0,0.0,1.0,1.0,1.0,0.0,1.0,0.0,2.0,2.0,1.0,180.6723511777078,1.0
1.0,0.0,0.0,1.0,1.0,1.0,1.0,0.0,0.0,2.0,2.0,1.0,171.5622443020075,0.0
0.0,0.0,0.0,1.0,1.0,1.0,1.0,0.0,0.0,1.0,2.0,1.0,285.3477339239771,1.0
1.0,0.0,0.0,1.0,1.0,1.0,1.0,0.0,0.0,1.0,2.0,1.0,0.0,0.0
1.0,0.0,0.0,1.0,1.0,2.0,1.0,0.0,0.0,1.0,2.0,1.0,393.5827086822679,1.0
0.0,0.0,0.0,1.0,1.0,1.0,0.0,0.0,0.0,3.0,3.0,1.0,77.05719794986254,0.0
0.0,0.0,0.0,1.0,3.0,2.0,1.0,0.0,0.0,1.0,2.0,1.0,30.0,0.0
0.0,0.0,0.0,1.0,1.0,1.0,1.0,0.0,0.0,1.0,2.0,1.0,41.864651063326384,0.0
0.0,0.0,0.0,1.0,3.0,2.0,0.0,0.0,0.0,3.0,1.0,1.0,204.88174865564636,1.0
1.0,0.0,0.0,1.0,1.0,1.0,1.0,1.0,0.0,2.0,1.0,1.0,205.19951131298296,1.0
0.0,0.0,0.0,1.0,1.0,1.0,0.0,0.0,0.0,3.0,2.0,1.0,387.6561179573108,0.0
1.0,0.0,0.0,1.0,1.0,3.0,1.0,0.0,0.0,1.0,2.0,1.0,7.522531847416308,1.0
0.0,0.0,0.0,3.0,1.0,1.0,0.0,0.0,0.0,3.0,1.0,1.0,448.75818988684586,1.0
0.0,1.0,0.0,1.0,1.0,2.0,1.0,0.0,0.0,1.0,3.0,1.0,331.6531636624495,1.0
1.0,0.0,0.0,1.0,1.0,1.0,1.0,0.0,0.0,1.0,2.0,1.0,0.0,0.0
1.0,0.0,0.0,2.0,1.0,3.0,0.0,0.0,0.0,3.0,3.0,1.0,8.233365415657735,1.0
1.0,0.0,0.0,2.0,1.0,3.0,0.0,0.0,0.0,2.0,1.0,1.0,199.79633408662767,1.0
1.0,0.0,0.0,1.0,1.0,1.0,1.0,0.0,0.0,1.0,3.0,1.0,0.0,1.0
1.0,0.0,0.0,2.0,1.0,1.0,1.0,0.0,0.0,2.0,2.0,1.0,0.0,1.0
1.0,0.0,0.0,2.0,1.0,1.0,1.0,1.0,0.0,1.0,2.0,1.0,101.82404151114125,0.0
1.0,0.0,0.0,1.0,1.0,1.0,0.0,1.0,0.0,2.0,1.0,1.0,0.0,0.0
0.0,0.0,0.0,2.0,1.0,1.0,1.0,0.0,0.0,2.0,1.0,1.0,273.91278093859705,1.0
1.0,0.0,0.0,1.0,1.0,2.0,0.0,0.0,0.0,2.0,2.0,1.0,123.07457313245362,1.0
1.0,0.0,0.0,1.0,1.0,1.0,1.0,0.0,0.0,2.0,2.0,1.0,13.173384665052374,0.0
0.0,0.0,0.0,2.0,1.0,1.0,1.0,1.0,0.0,3.0,1.0,1.0,275.1354935914806,1.0
1.0,0.0,0.0,2.0,1.0,1.0,1.0,1.0,0.0,3.0,2.0,1.0,0.0,1.0
1.0,0.0,0.0,1.0,3.0,3.0,1.0,1.0,1.0,1.0,2.0,1.0,583.2887761657746,1.0
1.0,0.0,0.0,1.0,1.0,1.0,1.0,0.0,0.0,1.0,2.0,1.0,126.26323274100895,1.0
1.0,0.0,0.0,1.0,1.0,1.0,1.0,1.0,0.0,1.0,2.0,1.0,161.4255813872563,1.0
0.0,0.0,0.0,1.0,3.0,2.0,1.0,1.0,1.0,1.0,2.0,1.0,30.0,0.0
1.0,0.0,0.0,1.0,3.0,2.0,1.0,1.0,1.0,1.0,3.0,1.0,161.9662843347152,1.0
0.0,0.0,0.0,1.0,1.0,1.0,0.0,0.0,0.0,3.0,2.0,1.0,199.79633408662767,0.0
0.0,0.0,0.0,1.0,1.0,2.0,0.0,0.0,0.0,3.0,1.0,1.0,312.53629479944567,1.0
1.0,1.0,0.0,1.0,1.0,1.0,0.0,0.0,0.0,3.0,2.0,1.0,0.0,1.0
0.0,0.0,0.0,1.0,3.0,2.0,1.0,0.0,0.0,3.0,1.0,1.0,152.3487612770145,1.0
1.0,0.0,0.0,2.0,1.0,1.0,1.0,0.0,0.0,2.0,6.0,1.0,0.0,1.0
0.0,0.0,0.0,1.0,3.0,3.0,0.0,1.0,0.0,2.0,2.0,1.0,363.8336053411697,1.0
0.0,0.0,0.0,1.0,1.0,2.0,1.0,0.0,0.0,3.0,1.0,1.0,301.2168841835895,1.0
1.0,0.0,0.0,1.0,3.0,3.0,1.0,1.0,0.0,2.0,2.0,1.0,195.95409689265404,0.0
0.0,0.0,0.0,1.0,1.0,1.0,0.0,0.0,0.0,3.0,2.0,1.0,7.538103447224414,1.0
1.0,0.0,0.0,2.0,1.0,2.0,0.0,0.0,0.0,2.0,2.0,1.0,167.2563205828798,1.0
1.0,0.0,0.0,1.0,3.0,3.0,0.0,0.0,0.0,2.0,2.0,1.0,466.8248441552817,1.0
1.0,1.0,0.0,3.0,1.0,2.0,1.0,0.0,0.0,3.0,2.0,1.0,240.9469894391548,0.0
0.0,0.0,0.0,1.0,1.0,1.0,1.0,0.0,0.0,1.0,2.0,1.0,74.64917976863013,1.0
0.0,0.0,0.0,1.0,1.0,1.0,1.0,0.0,0.0,2.0,1.0,1.0,203.85334489453447,1.0
